axis,metric,target_index,target_name,trial,repetition,draws,correct_count,accuracy
column,cosine,0,MoCo ResNet-18,0,0,100,0,0.0
column,cosine,0,MoCo ResNet-18,1,1,100,0,0.0
column,cosine,0,MoCo ResNet-18,2,2,100,0,0.0
column,cosine,0,MoCo ResNet-18,3,3,100,0,0.0
column,cosine,0,MoCo ResNet-18,4,4,100,0,0.0
column,cosine,0,MoCo ResNet-18,5,5,100,0,0.0
column,cosine,0,MoCo ResNet-18,6,6,100,0,0.0
column,cosine,0,MoCo ResNet-18,7,7,100,0,0.0
column,cosine,0,MoCo ResNet-18,8,8,100,0,0.0
column,cosine,0,MoCo ResNet-18,9,9,100,0,0.0
column,cosine,0,MoCo ResNet-18,10,10,100,0,0.0
column,cosine,0,MoCo ResNet-18,11,11,100,0,0.0
column,cosine,0,MoCo ResNet-18,12,12,100,0,0.0
column,cosine,0,MoCo ResNet-18,13,13,100,0,0.0
column,cosine,0,MoCo ResNet-18,14,14,100,0,0.0
column,cosine,0,MoCo ResNet-18,15,15,100,0,0.0
column,cosine,0,MoCo ResNet-18,16,16,100,0,0.0
column,cosine,0,MoCo ResNet-18,17,17,100,0,0.0
column,cosine,0,MoCo ResNet-18,18,18,100,0,0.0
column,cosine,0,MoCo ResNet-18,19,19,100,0,0.0
column,cosine,0,MoCo ResNet-18,20,20,100,0,0.0
column,cosine,0,MoCo ResNet-18,21,21,100,0,0.0
column,cosine,0,MoCo ResNet-18,22,22,100,0,0.0
column,cosine,0,MoCo ResNet-18,23,23,100,0,0.0
column,cosine,0,MoCo ResNet-18,24,24,100,0,0.0
column,cosine,0,MoCo ResNet-18,25,25,100,0,0.0
column,cosine,0,MoCo ResNet-18,26,26,100,0,0.0
column,cosine,0,MoCo ResNet-18,27,27,100,0,0.0
column,cosine,0,MoCo ResNet-18,28,28,100,0,0.0
column,cosine,0,MoCo ResNet-18,29,29,100,0,0.0
column,cosine,0,MoCo ResNet-18,30,30,100,0,0.0
column,cosine,0,MoCo ResNet-18,31,31,100,0,0.0
column,cosine,0,MoCo ResNet-18,32,32,100,0,0.0
column,cosine,0,MoCo ResNet-18,33,33,100,0,0.0
column,cosine,0,MoCo ResNet-18,34,34,100,0,0.0
column,cosine,0,MoCo ResNet-18,35,35,100,0,0.0
column,cosine,0,MoCo ResNet-18,36,36,100,0,0.0
column,cosine,0,MoCo ResNet-18,37,37,100,0,0.0
column,cosine,0,MoCo ResNet-18,38,38,100,0,0.0
column,cosine,0,MoCo ResNet-18,39,39,100,0,0.0
column,cosine,0,MoCo ResNet-18,40,40,100,0,0.0
column,cosine,0,MoCo ResNet-18,41,41,100,0,0.0
column,cosine,0,MoCo ResNet-18,42,42,100,0,0.0
column,cosine,0,MoCo ResNet-18,43,43,100,0,0.0
column,cosine,0,MoCo ResNet-18,44,44,100,0,0.0
column,cosine,0,MoCo ResNet-18,45,45,100,0,0.0
column,cosine,0,MoCo ResNet-18,46,46,100,0,0.0
column,cosine,0,MoCo ResNet-18,47,47,100,0,0.0
column,cosine,0,MoCo ResNet-18,48,48,100,0,0.0
column,cosine,0,MoCo ResNet-18,49,49,100,0,0.0
column,cosine,0,MoCo ResNet-18,50,50,100,0,0.0
column,cosine,0,MoCo ResNet-18,51,51,100,0,0.0
column,cosine,0,MoCo ResNet-18,52,52,100,0,0.0
column,cosine,0,MoCo ResNet-18,53,53,100,0,0.0
column,cosine,0,MoCo ResNet-18,54,54,100,0,0.0
column,cosine,0,MoCo ResNet-18,55,55,100,0,0.0
column,cosine,0,MoCo ResNet-18,56,56,100,0,0.0
column,cosine,0,MoCo ResNet-18,57,57,100,0,0.0
column,cosine,0,MoCo ResNet-18,58,58,100,0,0.0
column,cosine,0,MoCo ResNet-18,59,59,100,0,0.0
column,cosine,0,MoCo ResNet-18,60,60,100,0,0.0
column,cosine,0,MoCo ResNet-18,61,61,100,0,0.0
column,cosine,0,MoCo ResNet-18,62,62,100,0,0.0
column,cosine,0,MoCo ResNet-18,63,63,100,0,0.0
column,cosine,0,MoCo ResNet-18,64,64,100,0,0.0
column,cosine,0,MoCo ResNet-18,65,65,100,0,0.0
column,cosine,0,MoCo ResNet-18,66,66,100,0,0.0
column,cosine,0,MoCo ResNet-18,67,67,100,0,0.0
column,cosine,0,MoCo ResNet-18,68,68,100,0,0.0
column,cosine,0,MoCo ResNet-18,69,69,100,0,0.0
column,cosine,0,MoCo ResNet-18,70,70,100,0,0.0
column,cosine,0,MoCo ResNet-18,71,71,100,0,0.0
column,cosine,0,MoCo ResNet-18,72,72,100,0,0.0
column,cosine,0,MoCo ResNet-18,73,73,100,0,0.0
column,cosine,0,MoCo ResNet-18,74,74,100,0,0.0
column,cosine,0,MoCo ResNet-18,75,75,100,0,0.0
column,cosine,0,MoCo ResNet-18,76,76,100,0,0.0
column,cosine,0,MoCo ResNet-18,77,77,100,0,0.0
column,cosine,0,MoCo ResNet-18,78,78,100,0,0.0
column,cosine,0,MoCo ResNet-18,79,79,100,0,0.0
column,cosine,0,MoCo ResNet-18,80,80,100,0,0.0
column,cosine,0,MoCo ResNet-18,81,81,100,0,0.0
column,cosine,0,MoCo ResNet-18,82,82,100,0,0.0
column,cosine,0,MoCo ResNet-18,83,83,100,0,0.0
column,cosine,0,MoCo ResNet-18,84,84,100,0,0.0
column,cosine,0,MoCo ResNet-18,85,85,100,0,0.0
column,cosine,0,MoCo ResNet-18,86,86,100,0,0.0
column,cosine,0,MoCo ResNet-18,87,87,100,0,0.0
column,cosine,0,MoCo ResNet-18,88,88,100,0,0.0
column,cosine,0,MoCo ResNet-18,89,89,100,0,0.0
column,cosine,0,MoCo ResNet-18,90,90,100,0,0.0
column,cosine,0,MoCo ResNet-18,91,91,100,0,0.0
column,cosine,0,MoCo ResNet-18,92,92,100,0,0.0
column,cosine,0,MoCo ResNet-18,93,93,100,0,0.0
column,cosine,0,MoCo ResNet-18,94,94,100,0,0.0
column,cosine,0,MoCo ResNet-18,95,95,100,0,0.0
column,cosine,0,MoCo ResNet-18,96,96,100,0,0.0
column,cosine,0,MoCo ResNet-18,97,97,100,0,0.0
column,cosine,0,MoCo ResNet-18,98,98,100,0,0.0
column,cosine,0,MoCo ResNet-18,99,99,100,0,0.0
column,cosine,1,MoCo ConvNeXt-Tiny,0,0,100,0,0.0
column,cosine,1,MoCo ConvNeXt-Tiny,1,1,100,0,0.0
column,cosine,1,MoCo ConvNeXt-Tiny,2,2,100,0,0.0
column,cosine,1,MoCo ConvNeXt-Tiny,3,3,100,0,0.0
column,cosine,1,MoCo ConvNeXt-Tiny,4,4,100,0,0.0
column,cosine,1,MoCo ConvNeXt-Tiny,5,5,100,0,0.0
column,cosine,1,MoCo ConvNeXt-Tiny,6,6,100,0,0.0
column,cosine,1,MoCo ConvNeXt-Tiny,7,7,100,0,0.0
column,cosine,1,MoCo ConvNeXt-Tiny,8,8,100,0,0.0
column,cosine,1,MoCo ConvNeXt-Tiny,9,9,100,0,0.0
column,cosine,1,MoCo ConvNeXt-Tiny,10,10,100,0,0.0
column,cosine,1,MoCo ConvNeXt-Tiny,11,11,100,0,0.0
column,cosine,1,MoCo ConvNeXt-Tiny,12,12,100,0,0.0
column,cosine,1,MoCo ConvNeXt-Tiny,13,13,100,0,0.0
column,cosine,1,MoCo ConvNeXt-Tiny,14,14,100,0,0.0
column,cosine,1,MoCo ConvNeXt-Tiny,15,15,100,0,0.0
column,cosine,1,MoCo ConvNeXt-Tiny,16,16,100,0,0.0
column,cosine,1,MoCo ConvNeXt-Tiny,17,17,100,0,0.0
column,cosine,1,MoCo ConvNeXt-Tiny,18,18,100,0,0.0
column,cosine,1,MoCo ConvNeXt-Tiny,19,19,100,0,0.0
column,cosine,1,MoCo ConvNeXt-Tiny,20,20,100,0,0.0
column,cosine,1,MoCo ConvNeXt-Tiny,21,21,100,0,0.0
column,cosine,1,MoCo ConvNeXt-Tiny,22,22,100,0,0.0
column,cosine,1,MoCo ConvNeXt-Tiny,23,23,100,0,0.0
column,cosine,1,MoCo ConvNeXt-Tiny,24,24,100,0,0.0
column,cosine,1,MoCo ConvNeXt-Tiny,25,25,100,0,0.0
column,cosine,1,MoCo ConvNeXt-Tiny,26,26,100,0,0.0
column,cosine,1,MoCo ConvNeXt-Tiny,27,27,100,0,0.0
column,cosine,1,MoCo ConvNeXt-Tiny,28,28,100,0,0.0
column,cosine,1,MoCo ConvNeXt-Tiny,29,29,100,0,0.0
column,cosine,1,MoCo ConvNeXt-Tiny,30,30,100,0,0.0
column,cosine,1,MoCo ConvNeXt-Tiny,31,31,100,0,0.0
column,cosine,1,MoCo ConvNeXt-Tiny,32,32,100,0,0.0
column,cosine,1,MoCo ConvNeXt-Tiny,33,33,100,0,0.0
column,cosine,1,MoCo ConvNeXt-Tiny,34,34,100,0,0.0
column,cosine,1,MoCo ConvNeXt-Tiny,35,35,100,0,0.0
column,cosine,1,MoCo ConvNeXt-Tiny,36,36,100,0,0.0
column,cosine,1,MoCo ConvNeXt-Tiny,37,37,100,0,0.0
column,cosine,1,MoCo ConvNeXt-Tiny,38,38,100,0,0.0
column,cosine,1,MoCo ConvNeXt-Tiny,39,39,100,0,0.0
column,cosine,1,MoCo ConvNeXt-Tiny,40,40,100,0,0.0
column,cosine,1,MoCo ConvNeXt-Tiny,41,41,100,0,0.0
column,cosine,1,MoCo ConvNeXt-Tiny,42,42,100,0,0.0
column,cosine,1,MoCo ConvNeXt-Tiny,43,43,100,0,0.0
column,cosine,1,MoCo ConvNeXt-Tiny,44,44,100,0,0.0
column,cosine,1,MoCo ConvNeXt-Tiny,45,45,100,0,0.0
column,cosine,1,MoCo ConvNeXt-Tiny,46,46,100,0,0.0
column,cosine,1,MoCo ConvNeXt-Tiny,47,47,100,0,0.0
column,cosine,1,MoCo ConvNeXt-Tiny,48,48,100,0,0.0
column,cosine,1,MoCo ConvNeXt-Tiny,49,49,100,0,0.0
column,cosine,1,MoCo ConvNeXt-Tiny,50,50,100,0,0.0
column,cosine,1,MoCo ConvNeXt-Tiny,51,51,100,0,0.0
column,cosine,1,MoCo ConvNeXt-Tiny,52,52,100,0,0.0
column,cosine,1,MoCo ConvNeXt-Tiny,53,53,100,0,0.0
column,cosine,1,MoCo ConvNeXt-Tiny,54,54,100,0,0.0
column,cosine,1,MoCo ConvNeXt-Tiny,55,55,100,0,0.0
column,cosine,1,MoCo ConvNeXt-Tiny,56,56,100,0,0.0
column,cosine,1,MoCo ConvNeXt-Tiny,57,57,100,0,0.0
column,cosine,1,MoCo ConvNeXt-Tiny,58,58,100,0,0.0
column,cosine,1,MoCo ConvNeXt-Tiny,59,59,100,0,0.0
column,cosine,1,MoCo ConvNeXt-Tiny,60,60,100,0,0.0
column,cosine,1,MoCo ConvNeXt-Tiny,61,61,100,0,0.0
column,cosine,1,MoCo ConvNeXt-Tiny,62,62,100,0,0.0
column,cosine,1,MoCo ConvNeXt-Tiny,63,63,100,0,0.0
column,cosine,1,MoCo ConvNeXt-Tiny,64,64,100,0,0.0
column,cosine,1,MoCo ConvNeXt-Tiny,65,65,100,0,0.0
column,cosine,1,MoCo ConvNeXt-Tiny,66,66,100,0,0.0
column,cosine,1,MoCo ConvNeXt-Tiny,67,67,100,0,0.0
column,cosine,1,MoCo ConvNeXt-Tiny,68,68,100,0,0.0
column,cosine,1,MoCo ConvNeXt-Tiny,69,69,100,0,0.0
column,cosine,1,MoCo ConvNeXt-Tiny,70,70,100,0,0.0
column,cosine,1,MoCo ConvNeXt-Tiny,71,71,100,0,0.0
column,cosine,1,MoCo ConvNeXt-Tiny,72,72,100,0,0.0
column,cosine,1,MoCo ConvNeXt-Tiny,73,73,100,0,0.0
column,cosine,1,MoCo ConvNeXt-Tiny,74,74,100,0,0.0
column,cosine,1,MoCo ConvNeXt-Tiny,75,75,100,0,0.0
column,cosine,1,MoCo ConvNeXt-Tiny,76,76,100,0,0.0
column,cosine,1,MoCo ConvNeXt-Tiny,77,77,100,0,0.0
column,cosine,1,MoCo ConvNeXt-Tiny,78,78,100,0,0.0
column,cosine,1,MoCo ConvNeXt-Tiny,79,79,100,0,0.0
column,cosine,1,MoCo ConvNeXt-Tiny,80,80,100,0,0.0
column,cosine,1,MoCo ConvNeXt-Tiny,81,81,100,0,0.0
column,cosine,1,MoCo ConvNeXt-Tiny,82,82,100,0,0.0
column,cosine,1,MoCo ConvNeXt-Tiny,83,83,100,0,0.0
column,cosine,1,MoCo ConvNeXt-Tiny,84,84,100,0,0.0
column,cosine,1,MoCo ConvNeXt-Tiny,85,85,100,0,0.0
column,cosine,1,MoCo ConvNeXt-Tiny,86,86,100,0,0.0
column,cosine,1,MoCo ConvNeXt-Tiny,87,87,100,0,0.0
column,cosine,1,MoCo ConvNeXt-Tiny,88,88,100,0,0.0
column,cosine,1,MoCo ConvNeXt-Tiny,89,89,100,0,0.0
column,cosine,1,MoCo ConvNeXt-Tiny,90,90,100,0,0.0
column,cosine,1,MoCo ConvNeXt-Tiny,91,91,100,0,0.0
column,cosine,1,MoCo ConvNeXt-Tiny,92,92,100,0,0.0
column,cosine,1,MoCo ConvNeXt-Tiny,93,93,100,0,0.0
column,cosine,1,MoCo ConvNeXt-Tiny,94,94,100,0,0.0
column,cosine,1,MoCo ConvNeXt-Tiny,95,95,100,0,0.0
column,cosine,1,MoCo ConvNeXt-Tiny,96,96,100,0,0.0
column,cosine,1,MoCo ConvNeXt-Tiny,97,97,100,0,0.0
column,cosine,1,MoCo ConvNeXt-Tiny,98,98,100,0,0.0
column,cosine,1,MoCo ConvNeXt-Tiny,99,99,100,0,0.0
column,cosine,2,MoCo ViT-B/16,0,0,100,0,0.0
column,cosine,2,MoCo ViT-B/16,1,1,100,0,0.0
column,cosine,2,MoCo ViT-B/16,2,2,100,0,0.0
column,cosine,2,MoCo ViT-B/16,3,3,100,0,0.0
column,cosine,2,MoCo ViT-B/16,4,4,100,0,0.0
column,cosine,2,MoCo ViT-B/16,5,5,100,0,0.0
column,cosine,2,MoCo ViT-B/16,6,6,100,0,0.0
column,cosine,2,MoCo ViT-B/16,7,7,100,0,0.0
column,cosine,2,MoCo ViT-B/16,8,8,100,0,0.0
column,cosine,2,MoCo ViT-B/16,9,9,100,0,0.0
column,cosine,2,MoCo ViT-B/16,10,10,100,0,0.0
column,cosine,2,MoCo ViT-B/16,11,11,100,0,0.0
column,cosine,2,MoCo ViT-B/16,12,12,100,0,0.0
column,cosine,2,MoCo ViT-B/16,13,13,100,0,0.0
column,cosine,2,MoCo ViT-B/16,14,14,100,0,0.0
column,cosine,2,MoCo ViT-B/16,15,15,100,0,0.0
column,cosine,2,MoCo ViT-B/16,16,16,100,0,0.0
column,cosine,2,MoCo ViT-B/16,17,17,100,0,0.0
column,cosine,2,MoCo ViT-B/16,18,18,100,0,0.0
column,cosine,2,MoCo ViT-B/16,19,19,100,0,0.0
column,cosine,2,MoCo ViT-B/16,20,20,100,0,0.0
column,cosine,2,MoCo ViT-B/16,21,21,100,0,0.0
column,cosine,2,MoCo ViT-B/16,22,22,100,0,0.0
column,cosine,2,MoCo ViT-B/16,23,23,100,0,0.0
column,cosine,2,MoCo ViT-B/16,24,24,100,0,0.0
column,cosine,2,MoCo ViT-B/16,25,25,100,0,0.0
column,cosine,2,MoCo ViT-B/16,26,26,100,0,0.0
column,cosine,2,MoCo ViT-B/16,27,27,100,0,0.0
column,cosine,2,MoCo ViT-B/16,28,28,100,0,0.0
column,cosine,2,MoCo ViT-B/16,29,29,100,0,0.0
column,cosine,2,MoCo ViT-B/16,30,30,100,0,0.0
column,cosine,2,MoCo ViT-B/16,31,31,100,0,0.0
column,cosine,2,MoCo ViT-B/16,32,32,100,0,0.0
column,cosine,2,MoCo ViT-B/16,33,33,100,0,0.0
column,cosine,2,MoCo ViT-B/16,34,34,100,0,0.0
column,cosine,2,MoCo ViT-B/16,35,35,100,0,0.0
column,cosine,2,MoCo ViT-B/16,36,36,100,0,0.0
column,cosine,2,MoCo ViT-B/16,37,37,100,0,0.0
column,cosine,2,MoCo ViT-B/16,38,38,100,0,0.0
column,cosine,2,MoCo ViT-B/16,39,39,100,0,0.0
column,cosine,2,MoCo ViT-B/16,40,40,100,0,0.0
column,cosine,2,MoCo ViT-B/16,41,41,100,0,0.0
column,cosine,2,MoCo ViT-B/16,42,42,100,0,0.0
column,cosine,2,MoCo ViT-B/16,43,43,100,0,0.0
column,cosine,2,MoCo ViT-B/16,44,44,100,0,0.0
column,cosine,2,MoCo ViT-B/16,45,45,100,0,0.0
column,cosine,2,MoCo ViT-B/16,46,46,100,0,0.0
column,cosine,2,MoCo ViT-B/16,47,47,100,0,0.0
column,cosine,2,MoCo ViT-B/16,48,48,100,0,0.0
column,cosine,2,MoCo ViT-B/16,49,49,100,0,0.0
column,cosine,2,MoCo ViT-B/16,50,50,100,0,0.0
column,cosine,2,MoCo ViT-B/16,51,51,100,0,0.0
column,cosine,2,MoCo ViT-B/16,52,52,100,0,0.0
column,cosine,2,MoCo ViT-B/16,53,53,100,0,0.0
column,cosine,2,MoCo ViT-B/16,54,54,100,0,0.0
column,cosine,2,MoCo ViT-B/16,55,55,100,0,0.0
column,cosine,2,MoCo ViT-B/16,56,56,100,0,0.0
column,cosine,2,MoCo ViT-B/16,57,57,100,0,0.0
column,cosine,2,MoCo ViT-B/16,58,58,100,0,0.0
column,cosine,2,MoCo ViT-B/16,59,59,100,0,0.0
column,cosine,2,MoCo ViT-B/16,60,60,100,0,0.0
column,cosine,2,MoCo ViT-B/16,61,61,100,0,0.0
column,cosine,2,MoCo ViT-B/16,62,62,100,0,0.0
column,cosine,2,MoCo ViT-B/16,63,63,100,0,0.0
column,cosine,2,MoCo ViT-B/16,64,64,100,0,0.0
column,cosine,2,MoCo ViT-B/16,65,65,100,0,0.0
column,cosine,2,MoCo ViT-B/16,66,66,100,0,0.0
column,cosine,2,MoCo ViT-B/16,67,67,100,0,0.0
column,cosine,2,MoCo ViT-B/16,68,68,100,0,0.0
column,cosine,2,MoCo ViT-B/16,69,69,100,0,0.0
column,cosine,2,MoCo ViT-B/16,70,70,100,0,0.0
column,cosine,2,MoCo ViT-B/16,71,71,100,0,0.0
column,cosine,2,MoCo ViT-B/16,72,72,100,0,0.0
column,cosine,2,MoCo ViT-B/16,73,73,100,0,0.0
column,cosine,2,MoCo ViT-B/16,74,74,100,0,0.0
column,cosine,2,MoCo ViT-B/16,75,75,100,0,0.0
column,cosine,2,MoCo ViT-B/16,76,76,100,0,0.0
column,cosine,2,MoCo ViT-B/16,77,77,100,0,0.0
column,cosine,2,MoCo ViT-B/16,78,78,100,0,0.0
column,cosine,2,MoCo ViT-B/16,79,79,100,0,0.0
column,cosine,2,MoCo ViT-B/16,80,80,100,0,0.0
column,cosine,2,MoCo ViT-B/16,81,81,100,0,0.0
column,cosine,2,MoCo ViT-B/16,82,82,100,0,0.0
column,cosine,2,MoCo ViT-B/16,83,83,100,0,0.0
column,cosine,2,MoCo ViT-B/16,84,84,100,0,0.0
column,cosine,2,MoCo ViT-B/16,85,85,100,0,0.0
column,cosine,2,MoCo ViT-B/16,86,86,100,0,0.0
column,cosine,2,MoCo ViT-B/16,87,87,100,0,0.0
column,cosine,2,MoCo ViT-B/16,88,88,100,0,0.0
column,cosine,2,MoCo ViT-B/16,89,89,100,0,0.0
column,cosine,2,MoCo ViT-B/16,90,90,100,0,0.0
column,cosine,2,MoCo ViT-B/16,91,91,100,0,0.0
column,cosine,2,MoCo ViT-B/16,92,92,100,0,0.0
column,cosine,2,MoCo ViT-B/16,93,93,100,0,0.0
column,cosine,2,MoCo ViT-B/16,94,94,100,0,0.0
column,cosine,2,MoCo ViT-B/16,95,95,100,0,0.0
column,cosine,2,MoCo ViT-B/16,96,96,100,0,0.0
column,cosine,2,MoCo ViT-B/16,97,97,100,0,0.0
column,cosine,2,MoCo ViT-B/16,98,98,100,0,0.0
column,cosine,2,MoCo ViT-B/16,99,99,100,0,0.0
column,cosine,3,MoCo EfficientNet-B0,0,0,100,17,0.17
column,cosine,3,MoCo EfficientNet-B0,1,1,100,20,0.2
column,cosine,3,MoCo EfficientNet-B0,2,2,100,20,0.2
column,cosine,3,MoCo EfficientNet-B0,3,3,100,16,0.16
column,cosine,3,MoCo EfficientNet-B0,4,4,100,28,0.28
column,cosine,3,MoCo EfficientNet-B0,5,5,100,12,0.12
column,cosine,3,MoCo EfficientNet-B0,6,6,100,18,0.18
column,cosine,3,MoCo EfficientNet-B0,7,7,100,12,0.12
column,cosine,3,MoCo EfficientNet-B0,8,8,100,16,0.16
column,cosine,3,MoCo EfficientNet-B0,9,9,100,20,0.2
column,cosine,3,MoCo EfficientNet-B0,10,10,100,9,0.09
column,cosine,3,MoCo EfficientNet-B0,11,11,100,15,0.15
column,cosine,3,MoCo EfficientNet-B0,12,12,100,16,0.16
column,cosine,3,MoCo EfficientNet-B0,13,13,100,15,0.15
column,cosine,3,MoCo EfficientNet-B0,14,14,100,15,0.15
column,cosine,3,MoCo EfficientNet-B0,15,15,100,11,0.11
column,cosine,3,MoCo EfficientNet-B0,16,16,100,16,0.16
column,cosine,3,MoCo EfficientNet-B0,17,17,100,23,0.23
column,cosine,3,MoCo EfficientNet-B0,18,18,100,16,0.16
column,cosine,3,MoCo EfficientNet-B0,19,19,100,15,0.15
column,cosine,3,MoCo EfficientNet-B0,20,20,100,21,0.21
column,cosine,3,MoCo EfficientNet-B0,21,21,100,16,0.16
column,cosine,3,MoCo EfficientNet-B0,22,22,100,14,0.14
column,cosine,3,MoCo EfficientNet-B0,23,23,100,13,0.13
column,cosine,3,MoCo EfficientNet-B0,24,24,100,13,0.13
column,cosine,3,MoCo EfficientNet-B0,25,25,100,17,0.17
column,cosine,3,MoCo EfficientNet-B0,26,26,100,15,0.15
column,cosine,3,MoCo EfficientNet-B0,27,27,100,18,0.18
column,cosine,3,MoCo EfficientNet-B0,28,28,100,19,0.19
column,cosine,3,MoCo EfficientNet-B0,29,29,100,16,0.16
column,cosine,3,MoCo EfficientNet-B0,30,30,100,15,0.15
column,cosine,3,MoCo EfficientNet-B0,31,31,100,22,0.22
column,cosine,3,MoCo EfficientNet-B0,32,32,100,15,0.15
column,cosine,3,MoCo EfficientNet-B0,33,33,100,18,0.18
column,cosine,3,MoCo EfficientNet-B0,34,34,100,17,0.17
column,cosine,3,MoCo EfficientNet-B0,35,35,100,14,0.14
column,cosine,3,MoCo EfficientNet-B0,36,36,100,19,0.19
column,cosine,3,MoCo EfficientNet-B0,37,37,100,11,0.11
column,cosine,3,MoCo EfficientNet-B0,38,38,100,15,0.15
column,cosine,3,MoCo EfficientNet-B0,39,39,100,20,0.2
column,cosine,3,MoCo EfficientNet-B0,40,40,100,14,0.14
column,cosine,3,MoCo EfficientNet-B0,41,41,100,14,0.14
column,cosine,3,MoCo EfficientNet-B0,42,42,100,14,0.14
column,cosine,3,MoCo EfficientNet-B0,43,43,100,14,0.14
column,cosine,3,MoCo EfficientNet-B0,44,44,100,17,0.17
column,cosine,3,MoCo EfficientNet-B0,45,45,100,16,0.16
column,cosine,3,MoCo EfficientNet-B0,46,46,100,20,0.2
column,cosine,3,MoCo EfficientNet-B0,47,47,100,10,0.1
column,cosine,3,MoCo EfficientNet-B0,48,48,100,19,0.19
column,cosine,3,MoCo EfficientNet-B0,49,49,100,15,0.15
column,cosine,3,MoCo EfficientNet-B0,50,50,100,12,0.12
column,cosine,3,MoCo EfficientNet-B0,51,51,100,15,0.15
column,cosine,3,MoCo EfficientNet-B0,52,52,100,16,0.16
column,cosine,3,MoCo EfficientNet-B0,53,53,100,21,0.21
column,cosine,3,MoCo EfficientNet-B0,54,54,100,18,0.18
column,cosine,3,MoCo EfficientNet-B0,55,55,100,17,0.17
column,cosine,3,MoCo EfficientNet-B0,56,56,100,15,0.15
column,cosine,3,MoCo EfficientNet-B0,57,57,100,14,0.14
column,cosine,3,MoCo EfficientNet-B0,58,58,100,18,0.18
column,cosine,3,MoCo EfficientNet-B0,59,59,100,12,0.12
column,cosine,3,MoCo EfficientNet-B0,60,60,100,23,0.23
column,cosine,3,MoCo EfficientNet-B0,61,61,100,16,0.16
column,cosine,3,MoCo EfficientNet-B0,62,62,100,14,0.14
column,cosine,3,MoCo EfficientNet-B0,63,63,100,18,0.18
column,cosine,3,MoCo EfficientNet-B0,64,64,100,13,0.13
column,cosine,3,MoCo EfficientNet-B0,65,65,100,21,0.21
column,cosine,3,MoCo EfficientNet-B0,66,66,100,24,0.24
column,cosine,3,MoCo EfficientNet-B0,67,67,100,21,0.21
column,cosine,3,MoCo EfficientNet-B0,68,68,100,15,0.15
column,cosine,3,MoCo EfficientNet-B0,69,69,100,13,0.13
column,cosine,3,MoCo EfficientNet-B0,70,70,100,14,0.14
column,cosine,3,MoCo EfficientNet-B0,71,71,100,17,0.17
column,cosine,3,MoCo EfficientNet-B0,72,72,100,18,0.18
column,cosine,3,MoCo EfficientNet-B0,73,73,100,13,0.13
column,cosine,3,MoCo EfficientNet-B0,74,74,100,14,0.14
column,cosine,3,MoCo EfficientNet-B0,75,75,100,20,0.2
column,cosine,3,MoCo EfficientNet-B0,76,76,100,18,0.18
column,cosine,3,MoCo EfficientNet-B0,77,77,100,15,0.15
column,cosine,3,MoCo EfficientNet-B0,78,78,100,16,0.16
column,cosine,3,MoCo EfficientNet-B0,79,79,100,20,0.2
column,cosine,3,MoCo EfficientNet-B0,80,80,100,20,0.2
column,cosine,3,MoCo EfficientNet-B0,81,81,100,18,0.18
column,cosine,3,MoCo EfficientNet-B0,82,82,100,16,0.16
column,cosine,3,MoCo EfficientNet-B0,83,83,100,14,0.14
column,cosine,3,MoCo EfficientNet-B0,84,84,100,26,0.26
column,cosine,3,MoCo EfficientNet-B0,85,85,100,11,0.11
column,cosine,3,MoCo EfficientNet-B0,86,86,100,18,0.18
column,cosine,3,MoCo EfficientNet-B0,87,87,100,17,0.17
column,cosine,3,MoCo EfficientNet-B0,88,88,100,16,0.16
column,cosine,3,MoCo EfficientNet-B0,89,89,100,17,0.17
column,cosine,3,MoCo EfficientNet-B0,90,90,100,11,0.11
column,cosine,3,MoCo EfficientNet-B0,91,91,100,16,0.16
column,cosine,3,MoCo EfficientNet-B0,92,92,100,17,0.17
column,cosine,3,MoCo EfficientNet-B0,93,93,100,21,0.21
column,cosine,3,MoCo EfficientNet-B0,94,94,100,14,0.14
column,cosine,3,MoCo EfficientNet-B0,95,95,100,23,0.23
column,cosine,3,MoCo EfficientNet-B0,96,96,100,18,0.18
column,cosine,3,MoCo EfficientNet-B0,97,97,100,21,0.21
column,cosine,3,MoCo EfficientNet-B0,98,98,100,16,0.16
column,cosine,3,MoCo EfficientNet-B0,99,99,100,18,0.18
column,cosine,4,MoCo RegNetY-400MF,0,0,100,18,0.18
column,cosine,4,MoCo RegNetY-400MF,1,1,100,19,0.19
column,cosine,4,MoCo RegNetY-400MF,2,2,100,16,0.16
column,cosine,4,MoCo RegNetY-400MF,3,3,100,19,0.19
column,cosine,4,MoCo RegNetY-400MF,4,4,100,17,0.17
column,cosine,4,MoCo RegNetY-400MF,5,5,100,13,0.13
column,cosine,4,MoCo RegNetY-400MF,6,6,100,15,0.15
column,cosine,4,MoCo RegNetY-400MF,7,7,100,21,0.21
column,cosine,4,MoCo RegNetY-400MF,8,8,100,16,0.16
column,cosine,4,MoCo RegNetY-400MF,9,9,100,18,0.18
column,cosine,4,MoCo RegNetY-400MF,10,10,100,16,0.16
column,cosine,4,MoCo RegNetY-400MF,11,11,100,19,0.19
column,cosine,4,MoCo RegNetY-400MF,12,12,100,18,0.18
column,cosine,4,MoCo RegNetY-400MF,13,13,100,18,0.18
column,cosine,4,MoCo RegNetY-400MF,14,14,100,16,0.16
column,cosine,4,MoCo RegNetY-400MF,15,15,100,19,0.19
column,cosine,4,MoCo RegNetY-400MF,16,16,100,10,0.1
column,cosine,4,MoCo RegNetY-400MF,17,17,100,14,0.14
column,cosine,4,MoCo RegNetY-400MF,18,18,100,22,0.22
column,cosine,4,MoCo RegNetY-400MF,19,19,100,14,0.14
column,cosine,4,MoCo RegNetY-400MF,20,20,100,22,0.22
column,cosine,4,MoCo RegNetY-400MF,21,21,100,15,0.15
column,cosine,4,MoCo RegNetY-400MF,22,22,100,15,0.15
column,cosine,4,MoCo RegNetY-400MF,23,23,100,15,0.15
column,cosine,4,MoCo RegNetY-400MF,24,24,100,21,0.21
column,cosine,4,MoCo RegNetY-400MF,25,25,100,19,0.19
column,cosine,4,MoCo RegNetY-400MF,26,26,100,16,0.16
column,cosine,4,MoCo RegNetY-400MF,27,27,100,15,0.15
column,cosine,4,MoCo RegNetY-400MF,28,28,100,14,0.14
column,cosine,4,MoCo RegNetY-400MF,29,29,100,18,0.18
column,cosine,4,MoCo RegNetY-400MF,30,30,100,24,0.24
column,cosine,4,MoCo RegNetY-400MF,31,31,100,18,0.18
column,cosine,4,MoCo RegNetY-400MF,32,32,100,20,0.2
column,cosine,4,MoCo RegNetY-400MF,33,33,100,17,0.17
column,cosine,4,MoCo RegNetY-400MF,34,34,100,11,0.11
column,cosine,4,MoCo RegNetY-400MF,35,35,100,16,0.16
column,cosine,4,MoCo RegNetY-400MF,36,36,100,23,0.23
column,cosine,4,MoCo RegNetY-400MF,37,37,100,12,0.12
column,cosine,4,MoCo RegNetY-400MF,38,38,100,14,0.14
column,cosine,4,MoCo RegNetY-400MF,39,39,100,19,0.19
column,cosine,4,MoCo RegNetY-400MF,40,40,100,15,0.15
column,cosine,4,MoCo RegNetY-400MF,41,41,100,17,0.17
column,cosine,4,MoCo RegNetY-400MF,42,42,100,19,0.19
column,cosine,4,MoCo RegNetY-400MF,43,43,100,21,0.21
column,cosine,4,MoCo RegNetY-400MF,44,44,100,18,0.18
column,cosine,4,MoCo RegNetY-400MF,45,45,100,14,0.14
column,cosine,4,MoCo RegNetY-400MF,46,46,100,19,0.19
column,cosine,4,MoCo RegNetY-400MF,47,47,100,14,0.14
column,cosine,4,MoCo RegNetY-400MF,48,48,100,22,0.22
column,cosine,4,MoCo RegNetY-400MF,49,49,100,14,0.14
column,cosine,4,MoCo RegNetY-400MF,50,50,100,18,0.18
column,cosine,4,MoCo RegNetY-400MF,51,51,100,22,0.22
column,cosine,4,MoCo RegNetY-400MF,52,52,100,20,0.2
column,cosine,4,MoCo RegNetY-400MF,53,53,100,16,0.16
column,cosine,4,MoCo RegNetY-400MF,54,54,100,9,0.09
column,cosine,4,MoCo RegNetY-400MF,55,55,100,18,0.18
column,cosine,4,MoCo RegNetY-400MF,56,56,100,14,0.14
column,cosine,4,MoCo RegNetY-400MF,57,57,100,14,0.14
column,cosine,4,MoCo RegNetY-400MF,58,58,100,17,0.17
column,cosine,4,MoCo RegNetY-400MF,59,59,100,23,0.23
column,cosine,4,MoCo RegNetY-400MF,60,60,100,17,0.17
column,cosine,4,MoCo RegNetY-400MF,61,61,100,16,0.16
column,cosine,4,MoCo RegNetY-400MF,62,62,100,10,0.1
column,cosine,4,MoCo RegNetY-400MF,63,63,100,18,0.18
column,cosine,4,MoCo RegNetY-400MF,64,64,100,14,0.14
column,cosine,4,MoCo RegNetY-400MF,65,65,100,15,0.15
column,cosine,4,MoCo RegNetY-400MF,66,66,100,16,0.16
column,cosine,4,MoCo RegNetY-400MF,67,67,100,9,0.09
column,cosine,4,MoCo RegNetY-400MF,68,68,100,15,0.15
column,cosine,4,MoCo RegNetY-400MF,69,69,100,16,0.16
column,cosine,4,MoCo RegNetY-400MF,70,70,100,17,0.17
column,cosine,4,MoCo RegNetY-400MF,71,71,100,13,0.13
column,cosine,4,MoCo RegNetY-400MF,72,72,100,20,0.2
column,cosine,4,MoCo RegNetY-400MF,73,73,100,14,0.14
column,cosine,4,MoCo RegNetY-400MF,74,74,100,18,0.18
column,cosine,4,MoCo RegNetY-400MF,75,75,100,21,0.21
column,cosine,4,MoCo RegNetY-400MF,76,76,100,14,0.14
column,cosine,4,MoCo RegNetY-400MF,77,77,100,13,0.13
column,cosine,4,MoCo RegNetY-400MF,78,78,100,15,0.15
column,cosine,4,MoCo RegNetY-400MF,79,79,100,14,0.14
column,cosine,4,MoCo RegNetY-400MF,80,80,100,15,0.15
column,cosine,4,MoCo RegNetY-400MF,81,81,100,15,0.15
column,cosine,4,MoCo RegNetY-400MF,82,82,100,15,0.15
column,cosine,4,MoCo RegNetY-400MF,83,83,100,16,0.16
column,cosine,4,MoCo RegNetY-400MF,84,84,100,10,0.1
column,cosine,4,MoCo RegNetY-400MF,85,85,100,14,0.14
column,cosine,4,MoCo RegNetY-400MF,86,86,100,19,0.19
column,cosine,4,MoCo RegNetY-400MF,87,87,100,19,0.19
column,cosine,4,MoCo RegNetY-400MF,88,88,100,17,0.17
column,cosine,4,MoCo RegNetY-400MF,89,89,100,13,0.13
column,cosine,4,MoCo RegNetY-400MF,90,90,100,16,0.16
column,cosine,4,MoCo RegNetY-400MF,91,91,100,24,0.24
column,cosine,4,MoCo RegNetY-400MF,92,92,100,14,0.14
column,cosine,4,MoCo RegNetY-400MF,93,93,100,20,0.2
column,cosine,4,MoCo RegNetY-400MF,94,94,100,14,0.14
column,cosine,4,MoCo RegNetY-400MF,95,95,100,18,0.18
column,cosine,4,MoCo RegNetY-400MF,96,96,100,15,0.15
column,cosine,4,MoCo RegNetY-400MF,97,97,100,14,0.14
column,cosine,4,MoCo RegNetY-400MF,98,98,100,17,0.17
column,cosine,4,MoCo RegNetY-400MF,99,99,100,15,0.15
column,cosine,5,MoCo WideResNet-50-2,0,0,100,31,0.31
column,cosine,5,MoCo WideResNet-50-2,1,1,100,38,0.38
column,cosine,5,MoCo WideResNet-50-2,2,2,100,32,0.32
column,cosine,5,MoCo WideResNet-50-2,3,3,100,41,0.41
column,cosine,5,MoCo WideResNet-50-2,4,4,100,30,0.3
column,cosine,5,MoCo WideResNet-50-2,5,5,100,35,0.35
column,cosine,5,MoCo WideResNet-50-2,6,6,100,34,0.34
column,cosine,5,MoCo WideResNet-50-2,7,7,100,41,0.41
column,cosine,5,MoCo WideResNet-50-2,8,8,100,27,0.27
column,cosine,5,MoCo WideResNet-50-2,9,9,100,35,0.35
column,cosine,5,MoCo WideResNet-50-2,10,10,100,25,0.25
column,cosine,5,MoCo WideResNet-50-2,11,11,100,34,0.34
column,cosine,5,MoCo WideResNet-50-2,12,12,100,33,0.33
column,cosine,5,MoCo WideResNet-50-2,13,13,100,45,0.45
column,cosine,5,MoCo WideResNet-50-2,14,14,100,33,0.33
column,cosine,5,MoCo WideResNet-50-2,15,15,100,30,0.3
column,cosine,5,MoCo WideResNet-50-2,16,16,100,23,0.23
column,cosine,5,MoCo WideResNet-50-2,17,17,100,36,0.36
column,cosine,5,MoCo WideResNet-50-2,18,18,100,29,0.29
column,cosine,5,MoCo WideResNet-50-2,19,19,100,39,0.39
column,cosine,5,MoCo WideResNet-50-2,20,20,100,25,0.25
column,cosine,5,MoCo WideResNet-50-2,21,21,100,31,0.31
column,cosine,5,MoCo WideResNet-50-2,22,22,100,32,0.32
column,cosine,5,MoCo WideResNet-50-2,23,23,100,27,0.27
column,cosine,5,MoCo WideResNet-50-2,24,24,100,29,0.29
column,cosine,5,MoCo WideResNet-50-2,25,25,100,33,0.33
column,cosine,5,MoCo WideResNet-50-2,26,26,100,30,0.3
column,cosine,5,MoCo WideResNet-50-2,27,27,100,39,0.39
column,cosine,5,MoCo WideResNet-50-2,28,28,100,36,0.36
column,cosine,5,MoCo WideResNet-50-2,29,29,100,23,0.23
column,cosine,5,MoCo WideResNet-50-2,30,30,100,29,0.29
column,cosine,5,MoCo WideResNet-50-2,31,31,100,35,0.35
column,cosine,5,MoCo WideResNet-50-2,32,32,100,31,0.31
column,cosine,5,MoCo WideResNet-50-2,33,33,100,26,0.26
column,cosine,5,MoCo WideResNet-50-2,34,34,100,36,0.36
column,cosine,5,MoCo WideResNet-50-2,35,35,100,34,0.34
column,cosine,5,MoCo WideResNet-50-2,36,36,100,28,0.28
column,cosine,5,MoCo WideResNet-50-2,37,37,100,30,0.3
column,cosine,5,MoCo WideResNet-50-2,38,38,100,25,0.25
column,cosine,5,MoCo WideResNet-50-2,39,39,100,43,0.43
column,cosine,5,MoCo WideResNet-50-2,40,40,100,35,0.35
column,cosine,5,MoCo WideResNet-50-2,41,41,100,38,0.38
column,cosine,5,MoCo WideResNet-50-2,42,42,100,33,0.33
column,cosine,5,MoCo WideResNet-50-2,43,43,100,31,0.31
column,cosine,5,MoCo WideResNet-50-2,44,44,100,37,0.37
column,cosine,5,MoCo WideResNet-50-2,45,45,100,24,0.24
column,cosine,5,MoCo WideResNet-50-2,46,46,100,33,0.33
column,cosine,5,MoCo WideResNet-50-2,47,47,100,28,0.28
column,cosine,5,MoCo WideResNet-50-2,48,48,100,40,0.4
column,cosine,5,MoCo WideResNet-50-2,49,49,100,31,0.31
column,cosine,5,MoCo WideResNet-50-2,50,50,100,31,0.31
column,cosine,5,MoCo WideResNet-50-2,51,51,100,35,0.35
column,cosine,5,MoCo WideResNet-50-2,52,52,100,34,0.34
column,cosine,5,MoCo WideResNet-50-2,53,53,100,33,0.33
column,cosine,5,MoCo WideResNet-50-2,54,54,100,38,0.38
column,cosine,5,MoCo WideResNet-50-2,55,55,100,34,0.34
column,cosine,5,MoCo WideResNet-50-2,56,56,100,36,0.36
column,cosine,5,MoCo WideResNet-50-2,57,57,100,32,0.32
column,cosine,5,MoCo WideResNet-50-2,58,58,100,33,0.33
column,cosine,5,MoCo WideResNet-50-2,59,59,100,31,0.31
column,cosine,5,MoCo WideResNet-50-2,60,60,100,41,0.41
column,cosine,5,MoCo WideResNet-50-2,61,61,100,36,0.36
column,cosine,5,MoCo WideResNet-50-2,62,62,100,35,0.35
column,cosine,5,MoCo WideResNet-50-2,63,63,100,34,0.34
column,cosine,5,MoCo WideResNet-50-2,64,64,100,41,0.41
column,cosine,5,MoCo WideResNet-50-2,65,65,100,35,0.35
column,cosine,5,MoCo WideResNet-50-2,66,66,100,32,0.32
column,cosine,5,MoCo WideResNet-50-2,67,67,100,34,0.34
column,cosine,5,MoCo WideResNet-50-2,68,68,100,37,0.37
column,cosine,5,MoCo WideResNet-50-2,69,69,100,36,0.36
column,cosine,5,MoCo WideResNet-50-2,70,70,100,35,0.35
column,cosine,5,MoCo WideResNet-50-2,71,71,100,30,0.3
column,cosine,5,MoCo WideResNet-50-2,72,72,100,32,0.32
column,cosine,5,MoCo WideResNet-50-2,73,73,100,31,0.31
column,cosine,5,MoCo WideResNet-50-2,74,74,100,37,0.37
column,cosine,5,MoCo WideResNet-50-2,75,75,100,32,0.32
column,cosine,5,MoCo WideResNet-50-2,76,76,100,24,0.24
column,cosine,5,MoCo WideResNet-50-2,77,77,100,33,0.33
column,cosine,5,MoCo WideResNet-50-2,78,78,100,31,0.31
column,cosine,5,MoCo WideResNet-50-2,79,79,100,37,0.37
column,cosine,5,MoCo WideResNet-50-2,80,80,100,33,0.33
column,cosine,5,MoCo WideResNet-50-2,81,81,100,25,0.25
column,cosine,5,MoCo WideResNet-50-2,82,82,100,31,0.31
column,cosine,5,MoCo WideResNet-50-2,83,83,100,27,0.27
column,cosine,5,MoCo WideResNet-50-2,84,84,100,44,0.44
column,cosine,5,MoCo WideResNet-50-2,85,85,100,35,0.35
column,cosine,5,MoCo WideResNet-50-2,86,86,100,35,0.35
column,cosine,5,MoCo WideResNet-50-2,87,87,100,32,0.32
column,cosine,5,MoCo WideResNet-50-2,88,88,100,29,0.29
column,cosine,5,MoCo WideResNet-50-2,89,89,100,21,0.21
column,cosine,5,MoCo WideResNet-50-2,90,90,100,32,0.32
column,cosine,5,MoCo WideResNet-50-2,91,91,100,40,0.4
column,cosine,5,MoCo WideResNet-50-2,92,92,100,34,0.34
column,cosine,5,MoCo WideResNet-50-2,93,93,100,39,0.39
column,cosine,5,MoCo WideResNet-50-2,94,94,100,37,0.37
column,cosine,5,MoCo WideResNet-50-2,95,95,100,30,0.3
column,cosine,5,MoCo WideResNet-50-2,96,96,100,34,0.34
column,cosine,5,MoCo WideResNet-50-2,97,97,100,32,0.32
column,cosine,5,MoCo WideResNet-50-2,98,98,100,26,0.26
column,cosine,5,MoCo WideResNet-50-2,99,99,100,43,0.43
column,cosine,6,MoCo MobileNetV2,0,0,100,0,0.0
column,cosine,6,MoCo MobileNetV2,1,1,100,0,0.0
column,cosine,6,MoCo MobileNetV2,2,2,100,0,0.0
column,cosine,6,MoCo MobileNetV2,3,3,100,0,0.0
column,cosine,6,MoCo MobileNetV2,4,4,100,0,0.0
column,cosine,6,MoCo MobileNetV2,5,5,100,0,0.0
column,cosine,6,MoCo MobileNetV2,6,6,100,0,0.0
column,cosine,6,MoCo MobileNetV2,7,7,100,0,0.0
column,cosine,6,MoCo MobileNetV2,8,8,100,0,0.0
column,cosine,6,MoCo MobileNetV2,9,9,100,0,0.0
column,cosine,6,MoCo MobileNetV2,10,10,100,0,0.0
column,cosine,6,MoCo MobileNetV2,11,11,100,0,0.0
column,cosine,6,MoCo MobileNetV2,12,12,100,0,0.0
column,cosine,6,MoCo MobileNetV2,13,13,100,0,0.0
column,cosine,6,MoCo MobileNetV2,14,14,100,0,0.0
column,cosine,6,MoCo MobileNetV2,15,15,100,0,0.0
column,cosine,6,MoCo MobileNetV2,16,16,100,0,0.0
column,cosine,6,MoCo MobileNetV2,17,17,100,0,0.0
column,cosine,6,MoCo MobileNetV2,18,18,100,0,0.0
column,cosine,6,MoCo MobileNetV2,19,19,100,0,0.0
column,cosine,6,MoCo MobileNetV2,20,20,100,0,0.0
column,cosine,6,MoCo MobileNetV2,21,21,100,0,0.0
column,cosine,6,MoCo MobileNetV2,22,22,100,0,0.0
column,cosine,6,MoCo MobileNetV2,23,23,100,0,0.0
column,cosine,6,MoCo MobileNetV2,24,24,100,0,0.0
column,cosine,6,MoCo MobileNetV2,25,25,100,0,0.0
column,cosine,6,MoCo MobileNetV2,26,26,100,0,0.0
column,cosine,6,MoCo MobileNetV2,27,27,100,0,0.0
column,cosine,6,MoCo MobileNetV2,28,28,100,0,0.0
column,cosine,6,MoCo MobileNetV2,29,29,100,0,0.0
column,cosine,6,MoCo MobileNetV2,30,30,100,0,0.0
column,cosine,6,MoCo MobileNetV2,31,31,100,0,0.0
column,cosine,6,MoCo MobileNetV2,32,32,100,0,0.0
column,cosine,6,MoCo MobileNetV2,33,33,100,0,0.0
column,cosine,6,MoCo MobileNetV2,34,34,100,0,0.0
column,cosine,6,MoCo MobileNetV2,35,35,100,0,0.0
column,cosine,6,MoCo MobileNetV2,36,36,100,0,0.0
column,cosine,6,MoCo MobileNetV2,37,37,100,0,0.0
column,cosine,6,MoCo MobileNetV2,38,38,100,0,0.0
column,cosine,6,MoCo MobileNetV2,39,39,100,0,0.0
column,cosine,6,MoCo MobileNetV2,40,40,100,0,0.0
column,cosine,6,MoCo MobileNetV2,41,41,100,0,0.0
column,cosine,6,MoCo MobileNetV2,42,42,100,0,0.0
column,cosine,6,MoCo MobileNetV2,43,43,100,0,0.0
column,cosine,6,MoCo MobileNetV2,44,44,100,0,0.0
column,cosine,6,MoCo MobileNetV2,45,45,100,0,0.0
column,cosine,6,MoCo MobileNetV2,46,46,100,0,0.0
column,cosine,6,MoCo MobileNetV2,47,47,100,0,0.0
column,cosine,6,MoCo MobileNetV2,48,48,100,0,0.0
column,cosine,6,MoCo MobileNetV2,49,49,100,0,0.0
column,cosine,6,MoCo MobileNetV2,50,50,100,0,0.0
column,cosine,6,MoCo MobileNetV2,51,51,100,0,0.0
column,cosine,6,MoCo MobileNetV2,52,52,100,0,0.0
column,cosine,6,MoCo MobileNetV2,53,53,100,0,0.0
column,cosine,6,MoCo MobileNetV2,54,54,100,0,0.0
column,cosine,6,MoCo MobileNetV2,55,55,100,0,0.0
column,cosine,6,MoCo MobileNetV2,56,56,100,0,0.0
column,cosine,6,MoCo MobileNetV2,57,57,100,0,0.0
column,cosine,6,MoCo MobileNetV2,58,58,100,0,0.0
column,cosine,6,MoCo MobileNetV2,59,59,100,0,0.0
column,cosine,6,MoCo MobileNetV2,60,60,100,0,0.0
column,cosine,6,MoCo MobileNetV2,61,61,100,0,0.0
column,cosine,6,MoCo MobileNetV2,62,62,100,0,0.0
column,cosine,6,MoCo MobileNetV2,63,63,100,0,0.0
column,cosine,6,MoCo MobileNetV2,64,64,100,0,0.0
column,cosine,6,MoCo MobileNetV2,65,65,100,0,0.0
column,cosine,6,MoCo MobileNetV2,66,66,100,0,0.0
column,cosine,6,MoCo MobileNetV2,67,67,100,0,0.0
column,cosine,6,MoCo MobileNetV2,68,68,100,0,0.0
column,cosine,6,MoCo MobileNetV2,69,69,100,0,0.0
column,cosine,6,MoCo MobileNetV2,70,70,100,0,0.0
column,cosine,6,MoCo MobileNetV2,71,71,100,0,0.0
column,cosine,6,MoCo MobileNetV2,72,72,100,0,0.0
column,cosine,6,MoCo MobileNetV2,73,73,100,0,0.0
column,cosine,6,MoCo MobileNetV2,74,74,100,0,0.0
column,cosine,6,MoCo MobileNetV2,75,75,100,0,0.0
column,cosine,6,MoCo MobileNetV2,76,76,100,0,0.0
column,cosine,6,MoCo MobileNetV2,77,77,100,0,0.0
column,cosine,6,MoCo MobileNetV2,78,78,100,0,0.0
column,cosine,6,MoCo MobileNetV2,79,79,100,0,0.0
column,cosine,6,MoCo MobileNetV2,80,80,100,0,0.0
column,cosine,6,MoCo MobileNetV2,81,81,100,0,0.0
column,cosine,6,MoCo MobileNetV2,82,82,100,0,0.0
column,cosine,6,MoCo MobileNetV2,83,83,100,0,0.0
column,cosine,6,MoCo MobileNetV2,84,84,100,0,0.0
column,cosine,6,MoCo MobileNetV2,85,85,100,0,0.0
column,cosine,6,MoCo MobileNetV2,86,86,100,0,0.0
column,cosine,6,MoCo MobileNetV2,87,87,100,0,0.0
column,cosine,6,MoCo MobileNetV2,88,88,100,0,0.0
column,cosine,6,MoCo MobileNetV2,89,89,100,0,0.0
column,cosine,6,MoCo MobileNetV2,90,90,100,0,0.0
column,cosine,6,MoCo MobileNetV2,91,91,100,0,0.0
column,cosine,6,MoCo MobileNetV2,92,92,100,0,0.0
column,cosine,6,MoCo MobileNetV2,93,93,100,0,0.0
column,cosine,6,MoCo MobileNetV2,94,94,100,0,0.0
column,cosine,6,MoCo MobileNetV2,95,95,100,0,0.0
column,cosine,6,MoCo MobileNetV2,96,96,100,0,0.0
column,cosine,6,MoCo MobileNetV2,97,97,100,0,0.0
column,cosine,6,MoCo MobileNetV2,98,98,100,0,0.0
column,cosine,6,MoCo MobileNetV2,99,99,100,0,0.0
column,cosine,7,MoCo Swin-Tiny,0,0,100,0,0.0
column,cosine,7,MoCo Swin-Tiny,1,1,100,0,0.0
column,cosine,7,MoCo Swin-Tiny,2,2,100,0,0.0
column,cosine,7,MoCo Swin-Tiny,3,3,100,0,0.0
column,cosine,7,MoCo Swin-Tiny,4,4,100,0,0.0
column,cosine,7,MoCo Swin-Tiny,5,5,100,0,0.0
column,cosine,7,MoCo Swin-Tiny,6,6,100,0,0.0
column,cosine,7,MoCo Swin-Tiny,7,7,100,0,0.0
column,cosine,7,MoCo Swin-Tiny,8,8,100,0,0.0
column,cosine,7,MoCo Swin-Tiny,9,9,100,0,0.0
column,cosine,7,MoCo Swin-Tiny,10,10,100,0,0.0
column,cosine,7,MoCo Swin-Tiny,11,11,100,0,0.0
column,cosine,7,MoCo Swin-Tiny,12,12,100,0,0.0
column,cosine,7,MoCo Swin-Tiny,13,13,100,0,0.0
column,cosine,7,MoCo Swin-Tiny,14,14,100,0,0.0
column,cosine,7,MoCo Swin-Tiny,15,15,100,0,0.0
column,cosine,7,MoCo Swin-Tiny,16,16,100,0,0.0
column,cosine,7,MoCo Swin-Tiny,17,17,100,0,0.0
column,cosine,7,MoCo Swin-Tiny,18,18,100,0,0.0
column,cosine,7,MoCo Swin-Tiny,19,19,100,0,0.0
column,cosine,7,MoCo Swin-Tiny,20,20,100,0,0.0
column,cosine,7,MoCo Swin-Tiny,21,21,100,0,0.0
column,cosine,7,MoCo Swin-Tiny,22,22,100,0,0.0
column,cosine,7,MoCo Swin-Tiny,23,23,100,0,0.0
column,cosine,7,MoCo Swin-Tiny,24,24,100,0,0.0
column,cosine,7,MoCo Swin-Tiny,25,25,100,0,0.0
column,cosine,7,MoCo Swin-Tiny,26,26,100,0,0.0
column,cosine,7,MoCo Swin-Tiny,27,27,100,0,0.0
column,cosine,7,MoCo Swin-Tiny,28,28,100,0,0.0
column,cosine,7,MoCo Swin-Tiny,29,29,100,0,0.0
column,cosine,7,MoCo Swin-Tiny,30,30,100,0,0.0
column,cosine,7,MoCo Swin-Tiny,31,31,100,0,0.0
column,cosine,7,MoCo Swin-Tiny,32,32,100,0,0.0
column,cosine,7,MoCo Swin-Tiny,33,33,100,0,0.0
column,cosine,7,MoCo Swin-Tiny,34,34,100,0,0.0
column,cosine,7,MoCo Swin-Tiny,35,35,100,0,0.0
column,cosine,7,MoCo Swin-Tiny,36,36,100,0,0.0
column,cosine,7,MoCo Swin-Tiny,37,37,100,0,0.0
column,cosine,7,MoCo Swin-Tiny,38,38,100,0,0.0
column,cosine,7,MoCo Swin-Tiny,39,39,100,0,0.0
column,cosine,7,MoCo Swin-Tiny,40,40,100,0,0.0
column,cosine,7,MoCo Swin-Tiny,41,41,100,0,0.0
column,cosine,7,MoCo Swin-Tiny,42,42,100,0,0.0
column,cosine,7,MoCo Swin-Tiny,43,43,100,0,0.0
column,cosine,7,MoCo Swin-Tiny,44,44,100,0,0.0
column,cosine,7,MoCo Swin-Tiny,45,45,100,0,0.0
column,cosine,7,MoCo Swin-Tiny,46,46,100,0,0.0
column,cosine,7,MoCo Swin-Tiny,47,47,100,0,0.0
column,cosine,7,MoCo Swin-Tiny,48,48,100,0,0.0
column,cosine,7,MoCo Swin-Tiny,49,49,100,0,0.0
column,cosine,7,MoCo Swin-Tiny,50,50,100,0,0.0
column,cosine,7,MoCo Swin-Tiny,51,51,100,0,0.0
column,cosine,7,MoCo Swin-Tiny,52,52,100,0,0.0
column,cosine,7,MoCo Swin-Tiny,53,53,100,0,0.0
column,cosine,7,MoCo Swin-Tiny,54,54,100,0,0.0
column,cosine,7,MoCo Swin-Tiny,55,55,100,0,0.0
column,cosine,7,MoCo Swin-Tiny,56,56,100,0,0.0
column,cosine,7,MoCo Swin-Tiny,57,57,100,0,0.0
column,cosine,7,MoCo Swin-Tiny,58,58,100,0,0.0
column,cosine,7,MoCo Swin-Tiny,59,59,100,0,0.0
column,cosine,7,MoCo Swin-Tiny,60,60,100,0,0.0
column,cosine,7,MoCo Swin-Tiny,61,61,100,0,0.0
column,cosine,7,MoCo Swin-Tiny,62,62,100,0,0.0
column,cosine,7,MoCo Swin-Tiny,63,63,100,0,0.0
column,cosine,7,MoCo Swin-Tiny,64,64,100,0,0.0
column,cosine,7,MoCo Swin-Tiny,65,65,100,0,0.0
column,cosine,7,MoCo Swin-Tiny,66,66,100,0,0.0
column,cosine,7,MoCo Swin-Tiny,67,67,100,0,0.0
column,cosine,7,MoCo Swin-Tiny,68,68,100,0,0.0
column,cosine,7,MoCo Swin-Tiny,69,69,100,0,0.0
column,cosine,7,MoCo Swin-Tiny,70,70,100,0,0.0
column,cosine,7,MoCo Swin-Tiny,71,71,100,0,0.0
column,cosine,7,MoCo Swin-Tiny,72,72,100,0,0.0
column,cosine,7,MoCo Swin-Tiny,73,73,100,0,0.0
column,cosine,7,MoCo Swin-Tiny,74,74,100,0,0.0
column,cosine,7,MoCo Swin-Tiny,75,75,100,0,0.0
column,cosine,7,MoCo Swin-Tiny,76,76,100,0,0.0
column,cosine,7,MoCo Swin-Tiny,77,77,100,0,0.0
column,cosine,7,MoCo Swin-Tiny,78,78,100,0,0.0
column,cosine,7,MoCo Swin-Tiny,79,79,100,0,0.0
column,cosine,7,MoCo Swin-Tiny,80,80,100,0,0.0
column,cosine,7,MoCo Swin-Tiny,81,81,100,0,0.0
column,cosine,7,MoCo Swin-Tiny,82,82,100,0,0.0
column,cosine,7,MoCo Swin-Tiny,83,83,100,0,0.0
column,cosine,7,MoCo Swin-Tiny,84,84,100,0,0.0
column,cosine,7,MoCo Swin-Tiny,85,85,100,0,0.0
column,cosine,7,MoCo Swin-Tiny,86,86,100,0,0.0
column,cosine,7,MoCo Swin-Tiny,87,87,100,0,0.0
column,cosine,7,MoCo Swin-Tiny,88,88,100,0,0.0
column,cosine,7,MoCo Swin-Tiny,89,89,100,0,0.0
column,cosine,7,MoCo Swin-Tiny,90,90,100,0,0.0
column,cosine,7,MoCo Swin-Tiny,91,91,100,0,0.0
column,cosine,7,MoCo Swin-Tiny,92,92,100,0,0.0
column,cosine,7,MoCo Swin-Tiny,93,93,100,0,0.0
column,cosine,7,MoCo Swin-Tiny,94,94,100,0,0.0
column,cosine,7,MoCo Swin-Tiny,95,95,100,0,0.0
column,cosine,7,MoCo Swin-Tiny,96,96,100,0,0.0
column,cosine,7,MoCo Swin-Tiny,97,97,100,0,0.0
column,cosine,7,MoCo Swin-Tiny,98,98,100,0,0.0
column,cosine,7,MoCo Swin-Tiny,99,99,100,0,0.0
column,cosine,8,SimCLR ResNet-18,0,0,100,0,0.0
column,cosine,8,SimCLR ResNet-18,1,1,100,0,0.0
column,cosine,8,SimCLR ResNet-18,2,2,100,0,0.0
column,cosine,8,SimCLR ResNet-18,3,3,100,0,0.0
column,cosine,8,SimCLR ResNet-18,4,4,100,0,0.0
column,cosine,8,SimCLR ResNet-18,5,5,100,0,0.0
column,cosine,8,SimCLR ResNet-18,6,6,100,0,0.0
column,cosine,8,SimCLR ResNet-18,7,7,100,0,0.0
column,cosine,8,SimCLR ResNet-18,8,8,100,0,0.0
column,cosine,8,SimCLR ResNet-18,9,9,100,0,0.0
column,cosine,8,SimCLR ResNet-18,10,10,100,0,0.0
column,cosine,8,SimCLR ResNet-18,11,11,100,0,0.0
column,cosine,8,SimCLR ResNet-18,12,12,100,0,0.0
column,cosine,8,SimCLR ResNet-18,13,13,100,0,0.0
column,cosine,8,SimCLR ResNet-18,14,14,100,0,0.0
column,cosine,8,SimCLR ResNet-18,15,15,100,0,0.0
column,cosine,8,SimCLR ResNet-18,16,16,100,0,0.0
column,cosine,8,SimCLR ResNet-18,17,17,100,0,0.0
column,cosine,8,SimCLR ResNet-18,18,18,100,0,0.0
column,cosine,8,SimCLR ResNet-18,19,19,100,0,0.0
column,cosine,8,SimCLR ResNet-18,20,20,100,0,0.0
column,cosine,8,SimCLR ResNet-18,21,21,100,0,0.0
column,cosine,8,SimCLR ResNet-18,22,22,100,0,0.0
column,cosine,8,SimCLR ResNet-18,23,23,100,0,0.0
column,cosine,8,SimCLR ResNet-18,24,24,100,0,0.0
column,cosine,8,SimCLR ResNet-18,25,25,100,0,0.0
column,cosine,8,SimCLR ResNet-18,26,26,100,0,0.0
column,cosine,8,SimCLR ResNet-18,27,27,100,0,0.0
column,cosine,8,SimCLR ResNet-18,28,28,100,0,0.0
column,cosine,8,SimCLR ResNet-18,29,29,100,0,0.0
column,cosine,8,SimCLR ResNet-18,30,30,100,0,0.0
column,cosine,8,SimCLR ResNet-18,31,31,100,0,0.0
column,cosine,8,SimCLR ResNet-18,32,32,100,0,0.0
column,cosine,8,SimCLR ResNet-18,33,33,100,0,0.0
column,cosine,8,SimCLR ResNet-18,34,34,100,0,0.0
column,cosine,8,SimCLR ResNet-18,35,35,100,0,0.0
column,cosine,8,SimCLR ResNet-18,36,36,100,0,0.0
column,cosine,8,SimCLR ResNet-18,37,37,100,0,0.0
column,cosine,8,SimCLR ResNet-18,38,38,100,0,0.0
column,cosine,8,SimCLR ResNet-18,39,39,100,0,0.0
column,cosine,8,SimCLR ResNet-18,40,40,100,0,0.0
column,cosine,8,SimCLR ResNet-18,41,41,100,0,0.0
column,cosine,8,SimCLR ResNet-18,42,42,100,0,0.0
column,cosine,8,SimCLR ResNet-18,43,43,100,0,0.0
column,cosine,8,SimCLR ResNet-18,44,44,100,0,0.0
column,cosine,8,SimCLR ResNet-18,45,45,100,0,0.0
column,cosine,8,SimCLR ResNet-18,46,46,100,0,0.0
column,cosine,8,SimCLR ResNet-18,47,47,100,0,0.0
column,cosine,8,SimCLR ResNet-18,48,48,100,0,0.0
column,cosine,8,SimCLR ResNet-18,49,49,100,0,0.0
column,cosine,8,SimCLR ResNet-18,50,50,100,0,0.0
column,cosine,8,SimCLR ResNet-18,51,51,100,0,0.0
column,cosine,8,SimCLR ResNet-18,52,52,100,0,0.0
column,cosine,8,SimCLR ResNet-18,53,53,100,0,0.0
column,cosine,8,SimCLR ResNet-18,54,54,100,0,0.0
column,cosine,8,SimCLR ResNet-18,55,55,100,0,0.0
column,cosine,8,SimCLR ResNet-18,56,56,100,0,0.0
column,cosine,8,SimCLR ResNet-18,57,57,100,0,0.0
column,cosine,8,SimCLR ResNet-18,58,58,100,0,0.0
column,cosine,8,SimCLR ResNet-18,59,59,100,0,0.0
column,cosine,8,SimCLR ResNet-18,60,60,100,0,0.0
column,cosine,8,SimCLR ResNet-18,61,61,100,0,0.0
column,cosine,8,SimCLR ResNet-18,62,62,100,0,0.0
column,cosine,8,SimCLR ResNet-18,63,63,100,0,0.0
column,cosine,8,SimCLR ResNet-18,64,64,100,0,0.0
column,cosine,8,SimCLR ResNet-18,65,65,100,0,0.0
column,cosine,8,SimCLR ResNet-18,66,66,100,0,0.0
column,cosine,8,SimCLR ResNet-18,67,67,100,0,0.0
column,cosine,8,SimCLR ResNet-18,68,68,100,0,0.0
column,cosine,8,SimCLR ResNet-18,69,69,100,0,0.0
column,cosine,8,SimCLR ResNet-18,70,70,100,0,0.0
column,cosine,8,SimCLR ResNet-18,71,71,100,0,0.0
column,cosine,8,SimCLR ResNet-18,72,72,100,0,0.0
column,cosine,8,SimCLR ResNet-18,73,73,100,0,0.0
column,cosine,8,SimCLR ResNet-18,74,74,100,0,0.0
column,cosine,8,SimCLR ResNet-18,75,75,100,0,0.0
column,cosine,8,SimCLR ResNet-18,76,76,100,0,0.0
column,cosine,8,SimCLR ResNet-18,77,77,100,0,0.0
column,cosine,8,SimCLR ResNet-18,78,78,100,0,0.0
column,cosine,8,SimCLR ResNet-18,79,79,100,0,0.0
column,cosine,8,SimCLR ResNet-18,80,80,100,0,0.0
column,cosine,8,SimCLR ResNet-18,81,81,100,0,0.0
column,cosine,8,SimCLR ResNet-18,82,82,100,0,0.0
column,cosine,8,SimCLR ResNet-18,83,83,100,0,0.0
column,cosine,8,SimCLR ResNet-18,84,84,100,0,0.0
column,cosine,8,SimCLR ResNet-18,85,85,100,0,0.0
column,cosine,8,SimCLR ResNet-18,86,86,100,0,0.0
column,cosine,8,SimCLR ResNet-18,87,87,100,0,0.0
column,cosine,8,SimCLR ResNet-18,88,88,100,0,0.0
column,cosine,8,SimCLR ResNet-18,89,89,100,0,0.0
column,cosine,8,SimCLR ResNet-18,90,90,100,0,0.0
column,cosine,8,SimCLR ResNet-18,91,91,100,0,0.0
column,cosine,8,SimCLR ResNet-18,92,92,100,0,0.0
column,cosine,8,SimCLR ResNet-18,93,93,100,0,0.0
column,cosine,8,SimCLR ResNet-18,94,94,100,0,0.0
column,cosine,8,SimCLR ResNet-18,95,95,100,0,0.0
column,cosine,8,SimCLR ResNet-18,96,96,100,0,0.0
column,cosine,8,SimCLR ResNet-18,97,97,100,0,0.0
column,cosine,8,SimCLR ResNet-18,98,98,100,0,0.0
column,cosine,8,SimCLR ResNet-18,99,99,100,0,0.0
column,cosine,9,SimCLR ConvNeXt-Tiny,0,0,100,0,0.0
column,cosine,9,SimCLR ConvNeXt-Tiny,1,1,100,0,0.0
column,cosine,9,SimCLR ConvNeXt-Tiny,2,2,100,0,0.0
column,cosine,9,SimCLR ConvNeXt-Tiny,3,3,100,0,0.0
column,cosine,9,SimCLR ConvNeXt-Tiny,4,4,100,0,0.0
column,cosine,9,SimCLR ConvNeXt-Tiny,5,5,100,0,0.0
column,cosine,9,SimCLR ConvNeXt-Tiny,6,6,100,0,0.0
column,cosine,9,SimCLR ConvNeXt-Tiny,7,7,100,0,0.0
column,cosine,9,SimCLR ConvNeXt-Tiny,8,8,100,0,0.0
column,cosine,9,SimCLR ConvNeXt-Tiny,9,9,100,0,0.0
column,cosine,9,SimCLR ConvNeXt-Tiny,10,10,100,0,0.0
column,cosine,9,SimCLR ConvNeXt-Tiny,11,11,100,0,0.0
column,cosine,9,SimCLR ConvNeXt-Tiny,12,12,100,0,0.0
column,cosine,9,SimCLR ConvNeXt-Tiny,13,13,100,0,0.0
column,cosine,9,SimCLR ConvNeXt-Tiny,14,14,100,0,0.0
column,cosine,9,SimCLR ConvNeXt-Tiny,15,15,100,0,0.0
column,cosine,9,SimCLR ConvNeXt-Tiny,16,16,100,0,0.0
column,cosine,9,SimCLR ConvNeXt-Tiny,17,17,100,0,0.0
column,cosine,9,SimCLR ConvNeXt-Tiny,18,18,100,0,0.0
column,cosine,9,SimCLR ConvNeXt-Tiny,19,19,100,0,0.0
column,cosine,9,SimCLR ConvNeXt-Tiny,20,20,100,0,0.0
column,cosine,9,SimCLR ConvNeXt-Tiny,21,21,100,0,0.0
column,cosine,9,SimCLR ConvNeXt-Tiny,22,22,100,0,0.0
column,cosine,9,SimCLR ConvNeXt-Tiny,23,23,100,0,0.0
column,cosine,9,SimCLR ConvNeXt-Tiny,24,24,100,0,0.0
column,cosine,9,SimCLR ConvNeXt-Tiny,25,25,100,0,0.0
column,cosine,9,SimCLR ConvNeXt-Tiny,26,26,100,0,0.0
column,cosine,9,SimCLR ConvNeXt-Tiny,27,27,100,0,0.0
column,cosine,9,SimCLR ConvNeXt-Tiny,28,28,100,0,0.0
column,cosine,9,SimCLR ConvNeXt-Tiny,29,29,100,0,0.0
column,cosine,9,SimCLR ConvNeXt-Tiny,30,30,100,0,0.0
column,cosine,9,SimCLR ConvNeXt-Tiny,31,31,100,0,0.0
column,cosine,9,SimCLR ConvNeXt-Tiny,32,32,100,0,0.0
column,cosine,9,SimCLR ConvNeXt-Tiny,33,33,100,0,0.0
column,cosine,9,SimCLR ConvNeXt-Tiny,34,34,100,0,0.0
column,cosine,9,SimCLR ConvNeXt-Tiny,35,35,100,0,0.0
column,cosine,9,SimCLR ConvNeXt-Tiny,36,36,100,0,0.0
column,cosine,9,SimCLR ConvNeXt-Tiny,37,37,100,0,0.0
column,cosine,9,SimCLR ConvNeXt-Tiny,38,38,100,0,0.0
column,cosine,9,SimCLR ConvNeXt-Tiny,39,39,100,0,0.0
column,cosine,9,SimCLR ConvNeXt-Tiny,40,40,100,0,0.0
column,cosine,9,SimCLR ConvNeXt-Tiny,41,41,100,0,0.0
column,cosine,9,SimCLR ConvNeXt-Tiny,42,42,100,0,0.0
column,cosine,9,SimCLR ConvNeXt-Tiny,43,43,100,0,0.0
column,cosine,9,SimCLR ConvNeXt-Tiny,44,44,100,0,0.0
column,cosine,9,SimCLR ConvNeXt-Tiny,45,45,100,0,0.0
column,cosine,9,SimCLR ConvNeXt-Tiny,46,46,100,0,0.0
column,cosine,9,SimCLR ConvNeXt-Tiny,47,47,100,0,0.0
column,cosine,9,SimCLR ConvNeXt-Tiny,48,48,100,0,0.0
column,cosine,9,SimCLR ConvNeXt-Tiny,49,49,100,0,0.0
column,cosine,9,SimCLR ConvNeXt-Tiny,50,50,100,0,0.0
column,cosine,9,SimCLR ConvNeXt-Tiny,51,51,100,0,0.0
column,cosine,9,SimCLR ConvNeXt-Tiny,52,52,100,0,0.0
column,cosine,9,SimCLR ConvNeXt-Tiny,53,53,100,0,0.0
column,cosine,9,SimCLR ConvNeXt-Tiny,54,54,100,0,0.0
column,cosine,9,SimCLR ConvNeXt-Tiny,55,55,100,0,0.0
column,cosine,9,SimCLR ConvNeXt-Tiny,56,56,100,0,0.0
column,cosine,9,SimCLR ConvNeXt-Tiny,57,57,100,0,0.0
column,cosine,9,SimCLR ConvNeXt-Tiny,58,58,100,0,0.0
column,cosine,9,SimCLR ConvNeXt-Tiny,59,59,100,0,0.0
column,cosine,9,SimCLR ConvNeXt-Tiny,60,60,100,0,0.0
column,cosine,9,SimCLR ConvNeXt-Tiny,61,61,100,0,0.0
column,cosine,9,SimCLR ConvNeXt-Tiny,62,62,100,0,0.0
column,cosine,9,SimCLR ConvNeXt-Tiny,63,63,100,0,0.0
column,cosine,9,SimCLR ConvNeXt-Tiny,64,64,100,0,0.0
column,cosine,9,SimCLR ConvNeXt-Tiny,65,65,100,0,0.0
column,cosine,9,SimCLR ConvNeXt-Tiny,66,66,100,0,0.0
column,cosine,9,SimCLR ConvNeXt-Tiny,67,67,100,0,0.0
column,cosine,9,SimCLR ConvNeXt-Tiny,68,68,100,0,0.0
column,cosine,9,SimCLR ConvNeXt-Tiny,69,69,100,0,0.0
column,cosine,9,SimCLR ConvNeXt-Tiny,70,70,100,0,0.0
column,cosine,9,SimCLR ConvNeXt-Tiny,71,71,100,0,0.0
column,cosine,9,SimCLR ConvNeXt-Tiny,72,72,100,0,0.0
column,cosine,9,SimCLR ConvNeXt-Tiny,73,73,100,0,0.0
column,cosine,9,SimCLR ConvNeXt-Tiny,74,74,100,0,0.0
column,cosine,9,SimCLR ConvNeXt-Tiny,75,75,100,0,0.0
column,cosine,9,SimCLR ConvNeXt-Tiny,76,76,100,0,0.0
column,cosine,9,SimCLR ConvNeXt-Tiny,77,77,100,0,0.0
column,cosine,9,SimCLR ConvNeXt-Tiny,78,78,100,0,0.0
column,cosine,9,SimCLR ConvNeXt-Tiny,79,79,100,0,0.0
column,cosine,9,SimCLR ConvNeXt-Tiny,80,80,100,0,0.0
column,cosine,9,SimCLR ConvNeXt-Tiny,81,81,100,0,0.0
column,cosine,9,SimCLR ConvNeXt-Tiny,82,82,100,0,0.0
column,cosine,9,SimCLR ConvNeXt-Tiny,83,83,100,0,0.0
column,cosine,9,SimCLR ConvNeXt-Tiny,84,84,100,0,0.0
column,cosine,9,SimCLR ConvNeXt-Tiny,85,85,100,0,0.0
column,cosine,9,SimCLR ConvNeXt-Tiny,86,86,100,0,0.0
column,cosine,9,SimCLR ConvNeXt-Tiny,87,87,100,0,0.0
column,cosine,9,SimCLR ConvNeXt-Tiny,88,88,100,0,0.0
column,cosine,9,SimCLR ConvNeXt-Tiny,89,89,100,0,0.0
column,cosine,9,SimCLR ConvNeXt-Tiny,90,90,100,0,0.0
column,cosine,9,SimCLR ConvNeXt-Tiny,91,91,100,0,0.0
column,cosine,9,SimCLR ConvNeXt-Tiny,92,92,100,0,0.0
column,cosine,9,SimCLR ConvNeXt-Tiny,93,93,100,0,0.0
column,cosine,9,SimCLR ConvNeXt-Tiny,94,94,100,0,0.0
column,cosine,9,SimCLR ConvNeXt-Tiny,95,95,100,0,0.0
column,cosine,9,SimCLR ConvNeXt-Tiny,96,96,100,0,0.0
column,cosine,9,SimCLR ConvNeXt-Tiny,97,97,100,0,0.0
column,cosine,9,SimCLR ConvNeXt-Tiny,98,98,100,0,0.0
column,cosine,9,SimCLR ConvNeXt-Tiny,99,99,100,0,0.0
column,cosine,10,SimCLR ViT-B/16,0,0,100,0,0.0
column,cosine,10,SimCLR ViT-B/16,1,1,100,0,0.0
column,cosine,10,SimCLR ViT-B/16,2,2,100,0,0.0
column,cosine,10,SimCLR ViT-B/16,3,3,100,0,0.0
column,cosine,10,SimCLR ViT-B/16,4,4,100,0,0.0
column,cosine,10,SimCLR ViT-B/16,5,5,100,0,0.0
column,cosine,10,SimCLR ViT-B/16,6,6,100,0,0.0
column,cosine,10,SimCLR ViT-B/16,7,7,100,0,0.0
column,cosine,10,SimCLR ViT-B/16,8,8,100,0,0.0
column,cosine,10,SimCLR ViT-B/16,9,9,100,0,0.0
column,cosine,10,SimCLR ViT-B/16,10,10,100,0,0.0
column,cosine,10,SimCLR ViT-B/16,11,11,100,0,0.0
column,cosine,10,SimCLR ViT-B/16,12,12,100,0,0.0
column,cosine,10,SimCLR ViT-B/16,13,13,100,0,0.0
column,cosine,10,SimCLR ViT-B/16,14,14,100,0,0.0
column,cosine,10,SimCLR ViT-B/16,15,15,100,0,0.0
column,cosine,10,SimCLR ViT-B/16,16,16,100,0,0.0
column,cosine,10,SimCLR ViT-B/16,17,17,100,0,0.0
column,cosine,10,SimCLR ViT-B/16,18,18,100,0,0.0
column,cosine,10,SimCLR ViT-B/16,19,19,100,0,0.0
column,cosine,10,SimCLR ViT-B/16,20,20,100,0,0.0
column,cosine,10,SimCLR ViT-B/16,21,21,100,0,0.0
column,cosine,10,SimCLR ViT-B/16,22,22,100,0,0.0
column,cosine,10,SimCLR ViT-B/16,23,23,100,0,0.0
column,cosine,10,SimCLR ViT-B/16,24,24,100,0,0.0
column,cosine,10,SimCLR ViT-B/16,25,25,100,0,0.0
column,cosine,10,SimCLR ViT-B/16,26,26,100,0,0.0
column,cosine,10,SimCLR ViT-B/16,27,27,100,0,0.0
column,cosine,10,SimCLR ViT-B/16,28,28,100,0,0.0
column,cosine,10,SimCLR ViT-B/16,29,29,100,0,0.0
column,cosine,10,SimCLR ViT-B/16,30,30,100,0,0.0
column,cosine,10,SimCLR ViT-B/16,31,31,100,0,0.0
column,cosine,10,SimCLR ViT-B/16,32,32,100,0,0.0
column,cosine,10,SimCLR ViT-B/16,33,33,100,0,0.0
column,cosine,10,SimCLR ViT-B/16,34,34,100,0,0.0
column,cosine,10,SimCLR ViT-B/16,35,35,100,0,0.0
column,cosine,10,SimCLR ViT-B/16,36,36,100,0,0.0
column,cosine,10,SimCLR ViT-B/16,37,37,100,0,0.0
column,cosine,10,SimCLR ViT-B/16,38,38,100,0,0.0
column,cosine,10,SimCLR ViT-B/16,39,39,100,0,0.0
column,cosine,10,SimCLR ViT-B/16,40,40,100,0,0.0
column,cosine,10,SimCLR ViT-B/16,41,41,100,0,0.0
column,cosine,10,SimCLR ViT-B/16,42,42,100,0,0.0
column,cosine,10,SimCLR ViT-B/16,43,43,100,0,0.0
column,cosine,10,SimCLR ViT-B/16,44,44,100,0,0.0
column,cosine,10,SimCLR ViT-B/16,45,45,100,0,0.0
column,cosine,10,SimCLR ViT-B/16,46,46,100,0,0.0
column,cosine,10,SimCLR ViT-B/16,47,47,100,0,0.0
column,cosine,10,SimCLR ViT-B/16,48,48,100,0,0.0
column,cosine,10,SimCLR ViT-B/16,49,49,100,0,0.0
column,cosine,10,SimCLR ViT-B/16,50,50,100,0,0.0
column,cosine,10,SimCLR ViT-B/16,51,51,100,0,0.0
column,cosine,10,SimCLR ViT-B/16,52,52,100,0,0.0
column,cosine,10,SimCLR ViT-B/16,53,53,100,0,0.0
column,cosine,10,SimCLR ViT-B/16,54,54,100,0,0.0
column,cosine,10,SimCLR ViT-B/16,55,55,100,0,0.0
column,cosine,10,SimCLR ViT-B/16,56,56,100,0,0.0
column,cosine,10,SimCLR ViT-B/16,57,57,100,0,0.0
column,cosine,10,SimCLR ViT-B/16,58,58,100,0,0.0
column,cosine,10,SimCLR ViT-B/16,59,59,100,0,0.0
column,cosine,10,SimCLR ViT-B/16,60,60,100,0,0.0
column,cosine,10,SimCLR ViT-B/16,61,61,100,0,0.0
column,cosine,10,SimCLR ViT-B/16,62,62,100,0,0.0
column,cosine,10,SimCLR ViT-B/16,63,63,100,0,0.0
column,cosine,10,SimCLR ViT-B/16,64,64,100,0,0.0
column,cosine,10,SimCLR ViT-B/16,65,65,100,0,0.0
column,cosine,10,SimCLR ViT-B/16,66,66,100,0,0.0
column,cosine,10,SimCLR ViT-B/16,67,67,100,0,0.0
column,cosine,10,SimCLR ViT-B/16,68,68,100,0,0.0
column,cosine,10,SimCLR ViT-B/16,69,69,100,0,0.0
column,cosine,10,SimCLR ViT-B/16,70,70,100,0,0.0
column,cosine,10,SimCLR ViT-B/16,71,71,100,0,0.0
column,cosine,10,SimCLR ViT-B/16,72,72,100,0,0.0
column,cosine,10,SimCLR ViT-B/16,73,73,100,0,0.0
column,cosine,10,SimCLR ViT-B/16,74,74,100,0,0.0
column,cosine,10,SimCLR ViT-B/16,75,75,100,0,0.0
column,cosine,10,SimCLR ViT-B/16,76,76,100,0,0.0
column,cosine,10,SimCLR ViT-B/16,77,77,100,0,0.0
column,cosine,10,SimCLR ViT-B/16,78,78,100,0,0.0
column,cosine,10,SimCLR ViT-B/16,79,79,100,0,0.0
column,cosine,10,SimCLR ViT-B/16,80,80,100,0,0.0
column,cosine,10,SimCLR ViT-B/16,81,81,100,0,0.0
column,cosine,10,SimCLR ViT-B/16,82,82,100,0,0.0
column,cosine,10,SimCLR ViT-B/16,83,83,100,0,0.0
column,cosine,10,SimCLR ViT-B/16,84,84,100,0,0.0
column,cosine,10,SimCLR ViT-B/16,85,85,100,0,0.0
column,cosine,10,SimCLR ViT-B/16,86,86,100,0,0.0
column,cosine,10,SimCLR ViT-B/16,87,87,100,0,0.0
column,cosine,10,SimCLR ViT-B/16,88,88,100,0,0.0
column,cosine,10,SimCLR ViT-B/16,89,89,100,0,0.0
column,cosine,10,SimCLR ViT-B/16,90,90,100,0,0.0
column,cosine,10,SimCLR ViT-B/16,91,91,100,0,0.0
column,cosine,10,SimCLR ViT-B/16,92,92,100,0,0.0
column,cosine,10,SimCLR ViT-B/16,93,93,100,0,0.0
column,cosine,10,SimCLR ViT-B/16,94,94,100,0,0.0
column,cosine,10,SimCLR ViT-B/16,95,95,100,0,0.0
column,cosine,10,SimCLR ViT-B/16,96,96,100,0,0.0
column,cosine,10,SimCLR ViT-B/16,97,97,100,0,0.0
column,cosine,10,SimCLR ViT-B/16,98,98,100,0,0.0
column,cosine,10,SimCLR ViT-B/16,99,99,100,0,0.0
column,cosine,11,SimCLR EfficientNet-B0,0,0,100,0,0.0
column,cosine,11,SimCLR EfficientNet-B0,1,1,100,0,0.0
column,cosine,11,SimCLR EfficientNet-B0,2,2,100,0,0.0
column,cosine,11,SimCLR EfficientNet-B0,3,3,100,0,0.0
column,cosine,11,SimCLR EfficientNet-B0,4,4,100,0,0.0
column,cosine,11,SimCLR EfficientNet-B0,5,5,100,0,0.0
column,cosine,11,SimCLR EfficientNet-B0,6,6,100,0,0.0
column,cosine,11,SimCLR EfficientNet-B0,7,7,100,0,0.0
column,cosine,11,SimCLR EfficientNet-B0,8,8,100,0,0.0
column,cosine,11,SimCLR EfficientNet-B0,9,9,100,0,0.0
column,cosine,11,SimCLR EfficientNet-B0,10,10,100,0,0.0
column,cosine,11,SimCLR EfficientNet-B0,11,11,100,0,0.0
column,cosine,11,SimCLR EfficientNet-B0,12,12,100,0,0.0
column,cosine,11,SimCLR EfficientNet-B0,13,13,100,0,0.0
column,cosine,11,SimCLR EfficientNet-B0,14,14,100,0,0.0
column,cosine,11,SimCLR EfficientNet-B0,15,15,100,0,0.0
column,cosine,11,SimCLR EfficientNet-B0,16,16,100,0,0.0
column,cosine,11,SimCLR EfficientNet-B0,17,17,100,0,0.0
column,cosine,11,SimCLR EfficientNet-B0,18,18,100,0,0.0
column,cosine,11,SimCLR EfficientNet-B0,19,19,100,0,0.0
column,cosine,11,SimCLR EfficientNet-B0,20,20,100,0,0.0
column,cosine,11,SimCLR EfficientNet-B0,21,21,100,0,0.0
column,cosine,11,SimCLR EfficientNet-B0,22,22,100,0,0.0
column,cosine,11,SimCLR EfficientNet-B0,23,23,100,0,0.0
column,cosine,11,SimCLR EfficientNet-B0,24,24,100,0,0.0
column,cosine,11,SimCLR EfficientNet-B0,25,25,100,0,0.0
column,cosine,11,SimCLR EfficientNet-B0,26,26,100,0,0.0
column,cosine,11,SimCLR EfficientNet-B0,27,27,100,0,0.0
column,cosine,11,SimCLR EfficientNet-B0,28,28,100,0,0.0
column,cosine,11,SimCLR EfficientNet-B0,29,29,100,0,0.0
column,cosine,11,SimCLR EfficientNet-B0,30,30,100,0,0.0
column,cosine,11,SimCLR EfficientNet-B0,31,31,100,0,0.0
column,cosine,11,SimCLR EfficientNet-B0,32,32,100,0,0.0
column,cosine,11,SimCLR EfficientNet-B0,33,33,100,0,0.0
column,cosine,11,SimCLR EfficientNet-B0,34,34,100,0,0.0
column,cosine,11,SimCLR EfficientNet-B0,35,35,100,0,0.0
column,cosine,11,SimCLR EfficientNet-B0,36,36,100,0,0.0
column,cosine,11,SimCLR EfficientNet-B0,37,37,100,0,0.0
column,cosine,11,SimCLR EfficientNet-B0,38,38,100,0,0.0
column,cosine,11,SimCLR EfficientNet-B0,39,39,100,0,0.0
column,cosine,11,SimCLR EfficientNet-B0,40,40,100,0,0.0
column,cosine,11,SimCLR EfficientNet-B0,41,41,100,0,0.0
column,cosine,11,SimCLR EfficientNet-B0,42,42,100,0,0.0
column,cosine,11,SimCLR EfficientNet-B0,43,43,100,0,0.0
column,cosine,11,SimCLR EfficientNet-B0,44,44,100,0,0.0
column,cosine,11,SimCLR EfficientNet-B0,45,45,100,0,0.0
column,cosine,11,SimCLR EfficientNet-B0,46,46,100,0,0.0
column,cosine,11,SimCLR EfficientNet-B0,47,47,100,0,0.0
column,cosine,11,SimCLR EfficientNet-B0,48,48,100,0,0.0
column,cosine,11,SimCLR EfficientNet-B0,49,49,100,0,0.0
column,cosine,11,SimCLR EfficientNet-B0,50,50,100,0,0.0
column,cosine,11,SimCLR EfficientNet-B0,51,51,100,0,0.0
column,cosine,11,SimCLR EfficientNet-B0,52,52,100,0,0.0
column,cosine,11,SimCLR EfficientNet-B0,53,53,100,0,0.0
column,cosine,11,SimCLR EfficientNet-B0,54,54,100,0,0.0
column,cosine,11,SimCLR EfficientNet-B0,55,55,100,0,0.0
column,cosine,11,SimCLR EfficientNet-B0,56,56,100,0,0.0
column,cosine,11,SimCLR EfficientNet-B0,57,57,100,0,0.0
column,cosine,11,SimCLR EfficientNet-B0,58,58,100,0,0.0
column,cosine,11,SimCLR EfficientNet-B0,59,59,100,0,0.0
column,cosine,11,SimCLR EfficientNet-B0,60,60,100,0,0.0
column,cosine,11,SimCLR EfficientNet-B0,61,61,100,0,0.0
column,cosine,11,SimCLR EfficientNet-B0,62,62,100,0,0.0
column,cosine,11,SimCLR EfficientNet-B0,63,63,100,0,0.0
column,cosine,11,SimCLR EfficientNet-B0,64,64,100,0,0.0
column,cosine,11,SimCLR EfficientNet-B0,65,65,100,0,0.0
column,cosine,11,SimCLR EfficientNet-B0,66,66,100,0,0.0
column,cosine,11,SimCLR EfficientNet-B0,67,67,100,0,0.0
column,cosine,11,SimCLR EfficientNet-B0,68,68,100,0,0.0
column,cosine,11,SimCLR EfficientNet-B0,69,69,100,0,0.0
column,cosine,11,SimCLR EfficientNet-B0,70,70,100,0,0.0
column,cosine,11,SimCLR EfficientNet-B0,71,71,100,0,0.0
column,cosine,11,SimCLR EfficientNet-B0,72,72,100,0,0.0
column,cosine,11,SimCLR EfficientNet-B0,73,73,100,0,0.0
column,cosine,11,SimCLR EfficientNet-B0,74,74,100,0,0.0
column,cosine,11,SimCLR EfficientNet-B0,75,75,100,0,0.0
column,cosine,11,SimCLR EfficientNet-B0,76,76,100,0,0.0
column,cosine,11,SimCLR EfficientNet-B0,77,77,100,0,0.0
column,cosine,11,SimCLR EfficientNet-B0,78,78,100,0,0.0
column,cosine,11,SimCLR EfficientNet-B0,79,79,100,0,0.0
column,cosine,11,SimCLR EfficientNet-B0,80,80,100,0,0.0
column,cosine,11,SimCLR EfficientNet-B0,81,81,100,0,0.0
column,cosine,11,SimCLR EfficientNet-B0,82,82,100,0,0.0
column,cosine,11,SimCLR EfficientNet-B0,83,83,100,0,0.0
column,cosine,11,SimCLR EfficientNet-B0,84,84,100,0,0.0
column,cosine,11,SimCLR EfficientNet-B0,85,85,100,0,0.0
column,cosine,11,SimCLR EfficientNet-B0,86,86,100,0,0.0
column,cosine,11,SimCLR EfficientNet-B0,87,87,100,0,0.0
column,cosine,11,SimCLR EfficientNet-B0,88,88,100,0,0.0
column,cosine,11,SimCLR EfficientNet-B0,89,89,100,0,0.0
column,cosine,11,SimCLR EfficientNet-B0,90,90,100,0,0.0
column,cosine,11,SimCLR EfficientNet-B0,91,91,100,0,0.0
column,cosine,11,SimCLR EfficientNet-B0,92,92,100,0,0.0
column,cosine,11,SimCLR EfficientNet-B0,93,93,100,0,0.0
column,cosine,11,SimCLR EfficientNet-B0,94,94,100,0,0.0
column,cosine,11,SimCLR EfficientNet-B0,95,95,100,0,0.0
column,cosine,11,SimCLR EfficientNet-B0,96,96,100,0,0.0
column,cosine,11,SimCLR EfficientNet-B0,97,97,100,0,0.0
column,cosine,11,SimCLR EfficientNet-B0,98,98,100,0,0.0
column,cosine,11,SimCLR EfficientNet-B0,99,99,100,0,0.0
column,cosine,12,SimCLR RegNetY-400MF,0,0,100,0,0.0
column,cosine,12,SimCLR RegNetY-400MF,1,1,100,0,0.0
column,cosine,12,SimCLR RegNetY-400MF,2,2,100,0,0.0
column,cosine,12,SimCLR RegNetY-400MF,3,3,100,0,0.0
column,cosine,12,SimCLR RegNetY-400MF,4,4,100,0,0.0
column,cosine,12,SimCLR RegNetY-400MF,5,5,100,0,0.0
column,cosine,12,SimCLR RegNetY-400MF,6,6,100,0,0.0
column,cosine,12,SimCLR RegNetY-400MF,7,7,100,0,0.0
column,cosine,12,SimCLR RegNetY-400MF,8,8,100,0,0.0
column,cosine,12,SimCLR RegNetY-400MF,9,9,100,0,0.0
column,cosine,12,SimCLR RegNetY-400MF,10,10,100,0,0.0
column,cosine,12,SimCLR RegNetY-400MF,11,11,100,0,0.0
column,cosine,12,SimCLR RegNetY-400MF,12,12,100,0,0.0
column,cosine,12,SimCLR RegNetY-400MF,13,13,100,0,0.0
column,cosine,12,SimCLR RegNetY-400MF,14,14,100,0,0.0
column,cosine,12,SimCLR RegNetY-400MF,15,15,100,0,0.0
column,cosine,12,SimCLR RegNetY-400MF,16,16,100,0,0.0
column,cosine,12,SimCLR RegNetY-400MF,17,17,100,0,0.0
column,cosine,12,SimCLR RegNetY-400MF,18,18,100,0,0.0
column,cosine,12,SimCLR RegNetY-400MF,19,19,100,0,0.0
column,cosine,12,SimCLR RegNetY-400MF,20,20,100,0,0.0
column,cosine,12,SimCLR RegNetY-400MF,21,21,100,0,0.0
column,cosine,12,SimCLR RegNetY-400MF,22,22,100,0,0.0
column,cosine,12,SimCLR RegNetY-400MF,23,23,100,0,0.0
column,cosine,12,SimCLR RegNetY-400MF,24,24,100,0,0.0
column,cosine,12,SimCLR RegNetY-400MF,25,25,100,0,0.0
column,cosine,12,SimCLR RegNetY-400MF,26,26,100,0,0.0
column,cosine,12,SimCLR RegNetY-400MF,27,27,100,0,0.0
column,cosine,12,SimCLR RegNetY-400MF,28,28,100,0,0.0
column,cosine,12,SimCLR RegNetY-400MF,29,29,100,0,0.0
column,cosine,12,SimCLR RegNetY-400MF,30,30,100,0,0.0
column,cosine,12,SimCLR RegNetY-400MF,31,31,100,0,0.0
column,cosine,12,SimCLR RegNetY-400MF,32,32,100,0,0.0
column,cosine,12,SimCLR RegNetY-400MF,33,33,100,0,0.0
column,cosine,12,SimCLR RegNetY-400MF,34,34,100,0,0.0
column,cosine,12,SimCLR RegNetY-400MF,35,35,100,0,0.0
column,cosine,12,SimCLR RegNetY-400MF,36,36,100,0,0.0
column,cosine,12,SimCLR RegNetY-400MF,37,37,100,0,0.0
column,cosine,12,SimCLR RegNetY-400MF,38,38,100,0,0.0
column,cosine,12,SimCLR RegNetY-400MF,39,39,100,0,0.0
column,cosine,12,SimCLR RegNetY-400MF,40,40,100,0,0.0
column,cosine,12,SimCLR RegNetY-400MF,41,41,100,0,0.0
column,cosine,12,SimCLR RegNetY-400MF,42,42,100,0,0.0
column,cosine,12,SimCLR RegNetY-400MF,43,43,100,0,0.0
column,cosine,12,SimCLR RegNetY-400MF,44,44,100,0,0.0
column,cosine,12,SimCLR RegNetY-400MF,45,45,100,0,0.0
column,cosine,12,SimCLR RegNetY-400MF,46,46,100,0,0.0
column,cosine,12,SimCLR RegNetY-400MF,47,47,100,0,0.0
column,cosine,12,SimCLR RegNetY-400MF,48,48,100,0,0.0
column,cosine,12,SimCLR RegNetY-400MF,49,49,100,0,0.0
column,cosine,12,SimCLR RegNetY-400MF,50,50,100,0,0.0
column,cosine,12,SimCLR RegNetY-400MF,51,51,100,0,0.0
column,cosine,12,SimCLR RegNetY-400MF,52,52,100,0,0.0
column,cosine,12,SimCLR RegNetY-400MF,53,53,100,0,0.0
column,cosine,12,SimCLR RegNetY-400MF,54,54,100,0,0.0
column,cosine,12,SimCLR RegNetY-400MF,55,55,100,0,0.0
column,cosine,12,SimCLR RegNetY-400MF,56,56,100,0,0.0
column,cosine,12,SimCLR RegNetY-400MF,57,57,100,0,0.0
column,cosine,12,SimCLR RegNetY-400MF,58,58,100,0,0.0
column,cosine,12,SimCLR RegNetY-400MF,59,59,100,0,0.0
column,cosine,12,SimCLR RegNetY-400MF,60,60,100,0,0.0
column,cosine,12,SimCLR RegNetY-400MF,61,61,100,0,0.0
column,cosine,12,SimCLR RegNetY-400MF,62,62,100,0,0.0
column,cosine,12,SimCLR RegNetY-400MF,63,63,100,0,0.0
column,cosine,12,SimCLR RegNetY-400MF,64,64,100,0,0.0
column,cosine,12,SimCLR RegNetY-400MF,65,65,100,0,0.0
column,cosine,12,SimCLR RegNetY-400MF,66,66,100,0,0.0
column,cosine,12,SimCLR RegNetY-400MF,67,67,100,0,0.0
column,cosine,12,SimCLR RegNetY-400MF,68,68,100,0,0.0
column,cosine,12,SimCLR RegNetY-400MF,69,69,100,0,0.0
column,cosine,12,SimCLR RegNetY-400MF,70,70,100,0,0.0
column,cosine,12,SimCLR RegNetY-400MF,71,71,100,0,0.0
column,cosine,12,SimCLR RegNetY-400MF,72,72,100,0,0.0
column,cosine,12,SimCLR RegNetY-400MF,73,73,100,0,0.0
column,cosine,12,SimCLR RegNetY-400MF,74,74,100,0,0.0
column,cosine,12,SimCLR RegNetY-400MF,75,75,100,0,0.0
column,cosine,12,SimCLR RegNetY-400MF,76,76,100,0,0.0
column,cosine,12,SimCLR RegNetY-400MF,77,77,100,0,0.0
column,cosine,12,SimCLR RegNetY-400MF,78,78,100,0,0.0
column,cosine,12,SimCLR RegNetY-400MF,79,79,100,0,0.0
column,cosine,12,SimCLR RegNetY-400MF,80,80,100,0,0.0
column,cosine,12,SimCLR RegNetY-400MF,81,81,100,0,0.0
column,cosine,12,SimCLR RegNetY-400MF,82,82,100,0,0.0
column,cosine,12,SimCLR RegNetY-400MF,83,83,100,0,0.0
column,cosine,12,SimCLR RegNetY-400MF,84,84,100,0,0.0
column,cosine,12,SimCLR RegNetY-400MF,85,85,100,0,0.0
column,cosine,12,SimCLR RegNetY-400MF,86,86,100,0,0.0
column,cosine,12,SimCLR RegNetY-400MF,87,87,100,0,0.0
column,cosine,12,SimCLR RegNetY-400MF,88,88,100,0,0.0
column,cosine,12,SimCLR RegNetY-400MF,89,89,100,0,0.0
column,cosine,12,SimCLR RegNetY-400MF,90,90,100,0,0.0
column,cosine,12,SimCLR RegNetY-400MF,91,91,100,0,0.0
column,cosine,12,SimCLR RegNetY-400MF,92,92,100,0,0.0
column,cosine,12,SimCLR RegNetY-400MF,93,93,100,0,0.0
column,cosine,12,SimCLR RegNetY-400MF,94,94,100,0,0.0
column,cosine,12,SimCLR RegNetY-400MF,95,95,100,0,0.0
column,cosine,12,SimCLR RegNetY-400MF,96,96,100,0,0.0
column,cosine,12,SimCLR RegNetY-400MF,97,97,100,0,0.0
column,cosine,12,SimCLR RegNetY-400MF,98,98,100,0,0.0
column,cosine,12,SimCLR RegNetY-400MF,99,99,100,0,0.0
column,cosine,13,SimCLR WideResNet-50-2,0,0,100,21,0.21
column,cosine,13,SimCLR WideResNet-50-2,1,1,100,16,0.16
column,cosine,13,SimCLR WideResNet-50-2,2,2,100,20,0.2
column,cosine,13,SimCLR WideResNet-50-2,3,3,100,17,0.17
column,cosine,13,SimCLR WideResNet-50-2,4,4,100,19,0.19
column,cosine,13,SimCLR WideResNet-50-2,5,5,100,12,0.12
column,cosine,13,SimCLR WideResNet-50-2,6,6,100,13,0.13
column,cosine,13,SimCLR WideResNet-50-2,7,7,100,17,0.17
column,cosine,13,SimCLR WideResNet-50-2,8,8,100,23,0.23
column,cosine,13,SimCLR WideResNet-50-2,9,9,100,15,0.15
column,cosine,13,SimCLR WideResNet-50-2,10,10,100,14,0.14
column,cosine,13,SimCLR WideResNet-50-2,11,11,100,16,0.16
column,cosine,13,SimCLR WideResNet-50-2,12,12,100,13,0.13
column,cosine,13,SimCLR WideResNet-50-2,13,13,100,16,0.16
column,cosine,13,SimCLR WideResNet-50-2,14,14,100,26,0.26
column,cosine,13,SimCLR WideResNet-50-2,15,15,100,15,0.15
column,cosine,13,SimCLR WideResNet-50-2,16,16,100,16,0.16
column,cosine,13,SimCLR WideResNet-50-2,17,17,100,17,0.17
column,cosine,13,SimCLR WideResNet-50-2,18,18,100,11,0.11
column,cosine,13,SimCLR WideResNet-50-2,19,19,100,12,0.12
column,cosine,13,SimCLR WideResNet-50-2,20,20,100,22,0.22
column,cosine,13,SimCLR WideResNet-50-2,21,21,100,12,0.12
column,cosine,13,SimCLR WideResNet-50-2,22,22,100,14,0.14
column,cosine,13,SimCLR WideResNet-50-2,23,23,100,17,0.17
column,cosine,13,SimCLR WideResNet-50-2,24,24,100,12,0.12
column,cosine,13,SimCLR WideResNet-50-2,25,25,100,17,0.17
column,cosine,13,SimCLR WideResNet-50-2,26,26,100,16,0.16
column,cosine,13,SimCLR WideResNet-50-2,27,27,100,9,0.09
column,cosine,13,SimCLR WideResNet-50-2,28,28,100,16,0.16
column,cosine,13,SimCLR WideResNet-50-2,29,29,100,22,0.22
column,cosine,13,SimCLR WideResNet-50-2,30,30,100,21,0.21
column,cosine,13,SimCLR WideResNet-50-2,31,31,100,11,0.11
column,cosine,13,SimCLR WideResNet-50-2,32,32,100,14,0.14
column,cosine,13,SimCLR WideResNet-50-2,33,33,100,15,0.15
column,cosine,13,SimCLR WideResNet-50-2,34,34,100,22,0.22
column,cosine,13,SimCLR WideResNet-50-2,35,35,100,22,0.22
column,cosine,13,SimCLR WideResNet-50-2,36,36,100,21,0.21
column,cosine,13,SimCLR WideResNet-50-2,37,37,100,9,0.09
column,cosine,13,SimCLR WideResNet-50-2,38,38,100,18,0.18
column,cosine,13,SimCLR WideResNet-50-2,39,39,100,15,0.15
column,cosine,13,SimCLR WideResNet-50-2,40,40,100,19,0.19
column,cosine,13,SimCLR WideResNet-50-2,41,41,100,9,0.09
column,cosine,13,SimCLR WideResNet-50-2,42,42,100,18,0.18
column,cosine,13,SimCLR WideResNet-50-2,43,43,100,15,0.15
column,cosine,13,SimCLR WideResNet-50-2,44,44,100,17,0.17
column,cosine,13,SimCLR WideResNet-50-2,45,45,100,14,0.14
column,cosine,13,SimCLR WideResNet-50-2,46,46,100,22,0.22
column,cosine,13,SimCLR WideResNet-50-2,47,47,100,18,0.18
column,cosine,13,SimCLR WideResNet-50-2,48,48,100,14,0.14
column,cosine,13,SimCLR WideResNet-50-2,49,49,100,16,0.16
column,cosine,13,SimCLR WideResNet-50-2,50,50,100,21,0.21
column,cosine,13,SimCLR WideResNet-50-2,51,51,100,17,0.17
column,cosine,13,SimCLR WideResNet-50-2,52,52,100,15,0.15
column,cosine,13,SimCLR WideResNet-50-2,53,53,100,10,0.1
column,cosine,13,SimCLR WideResNet-50-2,54,54,100,17,0.17
column,cosine,13,SimCLR WideResNet-50-2,55,55,100,13,0.13
column,cosine,13,SimCLR WideResNet-50-2,56,56,100,18,0.18
column,cosine,13,SimCLR WideResNet-50-2,57,57,100,14,0.14
column,cosine,13,SimCLR WideResNet-50-2,58,58,100,18,0.18
column,cosine,13,SimCLR WideResNet-50-2,59,59,100,19,0.19
column,cosine,13,SimCLR WideResNet-50-2,60,60,100,19,0.19
column,cosine,13,SimCLR WideResNet-50-2,61,61,100,21,0.21
column,cosine,13,SimCLR WideResNet-50-2,62,62,100,23,0.23
column,cosine,13,SimCLR WideResNet-50-2,63,63,100,18,0.18
column,cosine,13,SimCLR WideResNet-50-2,64,64,100,15,0.15
column,cosine,13,SimCLR WideResNet-50-2,65,65,100,11,0.11
column,cosine,13,SimCLR WideResNet-50-2,66,66,100,18,0.18
column,cosine,13,SimCLR WideResNet-50-2,67,67,100,16,0.16
column,cosine,13,SimCLR WideResNet-50-2,68,68,100,17,0.17
column,cosine,13,SimCLR WideResNet-50-2,69,69,100,19,0.19
column,cosine,13,SimCLR WideResNet-50-2,70,70,100,16,0.16
column,cosine,13,SimCLR WideResNet-50-2,71,71,100,17,0.17
column,cosine,13,SimCLR WideResNet-50-2,72,72,100,17,0.17
column,cosine,13,SimCLR WideResNet-50-2,73,73,100,21,0.21
column,cosine,13,SimCLR WideResNet-50-2,74,74,100,18,0.18
column,cosine,13,SimCLR WideResNet-50-2,75,75,100,18,0.18
column,cosine,13,SimCLR WideResNet-50-2,76,76,100,16,0.16
column,cosine,13,SimCLR WideResNet-50-2,77,77,100,16,0.16
column,cosine,13,SimCLR WideResNet-50-2,78,78,100,18,0.18
column,cosine,13,SimCLR WideResNet-50-2,79,79,100,15,0.15
column,cosine,13,SimCLR WideResNet-50-2,80,80,100,12,0.12
column,cosine,13,SimCLR WideResNet-50-2,81,81,100,19,0.19
column,cosine,13,SimCLR WideResNet-50-2,82,82,100,12,0.12
column,cosine,13,SimCLR WideResNet-50-2,83,83,100,17,0.17
column,cosine,13,SimCLR WideResNet-50-2,84,84,100,24,0.24
column,cosine,13,SimCLR WideResNet-50-2,85,85,100,12,0.12
column,cosine,13,SimCLR WideResNet-50-2,86,86,100,19,0.19
column,cosine,13,SimCLR WideResNet-50-2,87,87,100,14,0.14
column,cosine,13,SimCLR WideResNet-50-2,88,88,100,21,0.21
column,cosine,13,SimCLR WideResNet-50-2,89,89,100,15,0.15
column,cosine,13,SimCLR WideResNet-50-2,90,90,100,17,0.17
column,cosine,13,SimCLR WideResNet-50-2,91,91,100,9,0.09
column,cosine,13,SimCLR WideResNet-50-2,92,92,100,21,0.21
column,cosine,13,SimCLR WideResNet-50-2,93,93,100,19,0.19
column,cosine,13,SimCLR WideResNet-50-2,94,94,100,18,0.18
column,cosine,13,SimCLR WideResNet-50-2,95,95,100,18,0.18
column,cosine,13,SimCLR WideResNet-50-2,96,96,100,14,0.14
column,cosine,13,SimCLR WideResNet-50-2,97,97,100,17,0.17
column,cosine,13,SimCLR WideResNet-50-2,98,98,100,9,0.09
column,cosine,13,SimCLR WideResNet-50-2,99,99,100,15,0.15
column,cosine,14,SimCLR MobileNetV2,0,0,100,0,0.0
column,cosine,14,SimCLR MobileNetV2,1,1,100,0,0.0
column,cosine,14,SimCLR MobileNetV2,2,2,100,0,0.0
column,cosine,14,SimCLR MobileNetV2,3,3,100,0,0.0
column,cosine,14,SimCLR MobileNetV2,4,4,100,0,0.0
column,cosine,14,SimCLR MobileNetV2,5,5,100,0,0.0
column,cosine,14,SimCLR MobileNetV2,6,6,100,0,0.0
column,cosine,14,SimCLR MobileNetV2,7,7,100,0,0.0
column,cosine,14,SimCLR MobileNetV2,8,8,100,0,0.0
column,cosine,14,SimCLR MobileNetV2,9,9,100,0,0.0
column,cosine,14,SimCLR MobileNetV2,10,10,100,0,0.0
column,cosine,14,SimCLR MobileNetV2,11,11,100,0,0.0
column,cosine,14,SimCLR MobileNetV2,12,12,100,0,0.0
column,cosine,14,SimCLR MobileNetV2,13,13,100,0,0.0
column,cosine,14,SimCLR MobileNetV2,14,14,100,0,0.0
column,cosine,14,SimCLR MobileNetV2,15,15,100,0,0.0
column,cosine,14,SimCLR MobileNetV2,16,16,100,0,0.0
column,cosine,14,SimCLR MobileNetV2,17,17,100,0,0.0
column,cosine,14,SimCLR MobileNetV2,18,18,100,0,0.0
column,cosine,14,SimCLR MobileNetV2,19,19,100,0,0.0
column,cosine,14,SimCLR MobileNetV2,20,20,100,0,0.0
column,cosine,14,SimCLR MobileNetV2,21,21,100,0,0.0
column,cosine,14,SimCLR MobileNetV2,22,22,100,0,0.0
column,cosine,14,SimCLR MobileNetV2,23,23,100,0,0.0
column,cosine,14,SimCLR MobileNetV2,24,24,100,0,0.0
column,cosine,14,SimCLR MobileNetV2,25,25,100,0,0.0
column,cosine,14,SimCLR MobileNetV2,26,26,100,0,0.0
column,cosine,14,SimCLR MobileNetV2,27,27,100,0,0.0
column,cosine,14,SimCLR MobileNetV2,28,28,100,0,0.0
column,cosine,14,SimCLR MobileNetV2,29,29,100,0,0.0
column,cosine,14,SimCLR MobileNetV2,30,30,100,0,0.0
column,cosine,14,SimCLR MobileNetV2,31,31,100,0,0.0
column,cosine,14,SimCLR MobileNetV2,32,32,100,0,0.0
column,cosine,14,SimCLR MobileNetV2,33,33,100,0,0.0
column,cosine,14,SimCLR MobileNetV2,34,34,100,0,0.0
column,cosine,14,SimCLR MobileNetV2,35,35,100,0,0.0
column,cosine,14,SimCLR MobileNetV2,36,36,100,0,0.0
column,cosine,14,SimCLR MobileNetV2,37,37,100,0,0.0
column,cosine,14,SimCLR MobileNetV2,38,38,100,0,0.0
column,cosine,14,SimCLR MobileNetV2,39,39,100,0,0.0
column,cosine,14,SimCLR MobileNetV2,40,40,100,0,0.0
column,cosine,14,SimCLR MobileNetV2,41,41,100,0,0.0
column,cosine,14,SimCLR MobileNetV2,42,42,100,0,0.0
column,cosine,14,SimCLR MobileNetV2,43,43,100,0,0.0
column,cosine,14,SimCLR MobileNetV2,44,44,100,0,0.0
column,cosine,14,SimCLR MobileNetV2,45,45,100,0,0.0
column,cosine,14,SimCLR MobileNetV2,46,46,100,0,0.0
column,cosine,14,SimCLR MobileNetV2,47,47,100,0,0.0
column,cosine,14,SimCLR MobileNetV2,48,48,100,0,0.0
column,cosine,14,SimCLR MobileNetV2,49,49,100,0,0.0
column,cosine,14,SimCLR MobileNetV2,50,50,100,0,0.0
column,cosine,14,SimCLR MobileNetV2,51,51,100,0,0.0
column,cosine,14,SimCLR MobileNetV2,52,52,100,0,0.0
column,cosine,14,SimCLR MobileNetV2,53,53,100,0,0.0
column,cosine,14,SimCLR MobileNetV2,54,54,100,0,0.0
column,cosine,14,SimCLR MobileNetV2,55,55,100,0,0.0
column,cosine,14,SimCLR MobileNetV2,56,56,100,0,0.0
column,cosine,14,SimCLR MobileNetV2,57,57,100,0,0.0
column,cosine,14,SimCLR MobileNetV2,58,58,100,0,0.0
column,cosine,14,SimCLR MobileNetV2,59,59,100,0,0.0
column,cosine,14,SimCLR MobileNetV2,60,60,100,0,0.0
column,cosine,14,SimCLR MobileNetV2,61,61,100,0,0.0
column,cosine,14,SimCLR MobileNetV2,62,62,100,0,0.0
column,cosine,14,SimCLR MobileNetV2,63,63,100,0,0.0
column,cosine,14,SimCLR MobileNetV2,64,64,100,0,0.0
column,cosine,14,SimCLR MobileNetV2,65,65,100,0,0.0
column,cosine,14,SimCLR MobileNetV2,66,66,100,0,0.0
column,cosine,14,SimCLR MobileNetV2,67,67,100,0,0.0
column,cosine,14,SimCLR MobileNetV2,68,68,100,0,0.0
column,cosine,14,SimCLR MobileNetV2,69,69,100,0,0.0
column,cosine,14,SimCLR MobileNetV2,70,70,100,0,0.0
column,cosine,14,SimCLR MobileNetV2,71,71,100,0,0.0
column,cosine,14,SimCLR MobileNetV2,72,72,100,0,0.0
column,cosine,14,SimCLR MobileNetV2,73,73,100,0,0.0
column,cosine,14,SimCLR MobileNetV2,74,74,100,0,0.0
column,cosine,14,SimCLR MobileNetV2,75,75,100,0,0.0
column,cosine,14,SimCLR MobileNetV2,76,76,100,0,0.0
column,cosine,14,SimCLR MobileNetV2,77,77,100,0,0.0
column,cosine,14,SimCLR MobileNetV2,78,78,100,0,0.0
column,cosine,14,SimCLR MobileNetV2,79,79,100,0,0.0
column,cosine,14,SimCLR MobileNetV2,80,80,100,0,0.0
column,cosine,14,SimCLR MobileNetV2,81,81,100,0,0.0
column,cosine,14,SimCLR MobileNetV2,82,82,100,0,0.0
column,cosine,14,SimCLR MobileNetV2,83,83,100,0,0.0
column,cosine,14,SimCLR MobileNetV2,84,84,100,0,0.0
column,cosine,14,SimCLR MobileNetV2,85,85,100,0,0.0
column,cosine,14,SimCLR MobileNetV2,86,86,100,0,0.0
column,cosine,14,SimCLR MobileNetV2,87,87,100,0,0.0
column,cosine,14,SimCLR MobileNetV2,88,88,100,0,0.0
column,cosine,14,SimCLR MobileNetV2,89,89,100,0,0.0
column,cosine,14,SimCLR MobileNetV2,90,90,100,0,0.0
column,cosine,14,SimCLR MobileNetV2,91,91,100,0,0.0
column,cosine,14,SimCLR MobileNetV2,92,92,100,0,0.0
column,cosine,14,SimCLR MobileNetV2,93,93,100,0,0.0
column,cosine,14,SimCLR MobileNetV2,94,94,100,0,0.0
column,cosine,14,SimCLR MobileNetV2,95,95,100,0,0.0
column,cosine,14,SimCLR MobileNetV2,96,96,100,0,0.0
column,cosine,14,SimCLR MobileNetV2,97,97,100,0,0.0
column,cosine,14,SimCLR MobileNetV2,98,98,100,0,0.0
column,cosine,14,SimCLR MobileNetV2,99,99,100,0,0.0
column,cosine,15,SimCLR Swin-Tiny,0,0,100,0,0.0
column,cosine,15,SimCLR Swin-Tiny,1,1,100,0,0.0
column,cosine,15,SimCLR Swin-Tiny,2,2,100,0,0.0
column,cosine,15,SimCLR Swin-Tiny,3,3,100,0,0.0
column,cosine,15,SimCLR Swin-Tiny,4,4,100,0,0.0
column,cosine,15,SimCLR Swin-Tiny,5,5,100,0,0.0
column,cosine,15,SimCLR Swin-Tiny,6,6,100,0,0.0
column,cosine,15,SimCLR Swin-Tiny,7,7,100,0,0.0
column,cosine,15,SimCLR Swin-Tiny,8,8,100,0,0.0
column,cosine,15,SimCLR Swin-Tiny,9,9,100,0,0.0
column,cosine,15,SimCLR Swin-Tiny,10,10,100,0,0.0
column,cosine,15,SimCLR Swin-Tiny,11,11,100,0,0.0
column,cosine,15,SimCLR Swin-Tiny,12,12,100,0,0.0
column,cosine,15,SimCLR Swin-Tiny,13,13,100,0,0.0
column,cosine,15,SimCLR Swin-Tiny,14,14,100,0,0.0
column,cosine,15,SimCLR Swin-Tiny,15,15,100,0,0.0
column,cosine,15,SimCLR Swin-Tiny,16,16,100,0,0.0
column,cosine,15,SimCLR Swin-Tiny,17,17,100,0,0.0
column,cosine,15,SimCLR Swin-Tiny,18,18,100,0,0.0
column,cosine,15,SimCLR Swin-Tiny,19,19,100,0,0.0
column,cosine,15,SimCLR Swin-Tiny,20,20,100,0,0.0
column,cosine,15,SimCLR Swin-Tiny,21,21,100,0,0.0
column,cosine,15,SimCLR Swin-Tiny,22,22,100,0,0.0
column,cosine,15,SimCLR Swin-Tiny,23,23,100,0,0.0
column,cosine,15,SimCLR Swin-Tiny,24,24,100,0,0.0
column,cosine,15,SimCLR Swin-Tiny,25,25,100,0,0.0
column,cosine,15,SimCLR Swin-Tiny,26,26,100,0,0.0
column,cosine,15,SimCLR Swin-Tiny,27,27,100,0,0.0
column,cosine,15,SimCLR Swin-Tiny,28,28,100,0,0.0
column,cosine,15,SimCLR Swin-Tiny,29,29,100,0,0.0
column,cosine,15,SimCLR Swin-Tiny,30,30,100,0,0.0
column,cosine,15,SimCLR Swin-Tiny,31,31,100,0,0.0
column,cosine,15,SimCLR Swin-Tiny,32,32,100,0,0.0
column,cosine,15,SimCLR Swin-Tiny,33,33,100,0,0.0
column,cosine,15,SimCLR Swin-Tiny,34,34,100,0,0.0
column,cosine,15,SimCLR Swin-Tiny,35,35,100,0,0.0
column,cosine,15,SimCLR Swin-Tiny,36,36,100,0,0.0
column,cosine,15,SimCLR Swin-Tiny,37,37,100,0,0.0
column,cosine,15,SimCLR Swin-Tiny,38,38,100,0,0.0
column,cosine,15,SimCLR Swin-Tiny,39,39,100,0,0.0
column,cosine,15,SimCLR Swin-Tiny,40,40,100,0,0.0
column,cosine,15,SimCLR Swin-Tiny,41,41,100,0,0.0
column,cosine,15,SimCLR Swin-Tiny,42,42,100,0,0.0
column,cosine,15,SimCLR Swin-Tiny,43,43,100,0,0.0
column,cosine,15,SimCLR Swin-Tiny,44,44,100,0,0.0
column,cosine,15,SimCLR Swin-Tiny,45,45,100,0,0.0
column,cosine,15,SimCLR Swin-Tiny,46,46,100,0,0.0
column,cosine,15,SimCLR Swin-Tiny,47,47,100,0,0.0
column,cosine,15,SimCLR Swin-Tiny,48,48,100,0,0.0
column,cosine,15,SimCLR Swin-Tiny,49,49,100,0,0.0
column,cosine,15,SimCLR Swin-Tiny,50,50,100,0,0.0
column,cosine,15,SimCLR Swin-Tiny,51,51,100,0,0.0
column,cosine,15,SimCLR Swin-Tiny,52,52,100,0,0.0
column,cosine,15,SimCLR Swin-Tiny,53,53,100,0,0.0
column,cosine,15,SimCLR Swin-Tiny,54,54,100,0,0.0
column,cosine,15,SimCLR Swin-Tiny,55,55,100,0,0.0
column,cosine,15,SimCLR Swin-Tiny,56,56,100,0,0.0
column,cosine,15,SimCLR Swin-Tiny,57,57,100,0,0.0
column,cosine,15,SimCLR Swin-Tiny,58,58,100,0,0.0
column,cosine,15,SimCLR Swin-Tiny,59,59,100,0,0.0
column,cosine,15,SimCLR Swin-Tiny,60,60,100,0,0.0
column,cosine,15,SimCLR Swin-Tiny,61,61,100,0,0.0
column,cosine,15,SimCLR Swin-Tiny,62,62,100,0,0.0
column,cosine,15,SimCLR Swin-Tiny,63,63,100,0,0.0
column,cosine,15,SimCLR Swin-Tiny,64,64,100,0,0.0
column,cosine,15,SimCLR Swin-Tiny,65,65,100,0,0.0
column,cosine,15,SimCLR Swin-Tiny,66,66,100,0,0.0
column,cosine,15,SimCLR Swin-Tiny,67,67,100,0,0.0
column,cosine,15,SimCLR Swin-Tiny,68,68,100,0,0.0
column,cosine,15,SimCLR Swin-Tiny,69,69,100,0,0.0
column,cosine,15,SimCLR Swin-Tiny,70,70,100,0,0.0
column,cosine,15,SimCLR Swin-Tiny,71,71,100,0,0.0
column,cosine,15,SimCLR Swin-Tiny,72,72,100,0,0.0
column,cosine,15,SimCLR Swin-Tiny,73,73,100,0,0.0
column,cosine,15,SimCLR Swin-Tiny,74,74,100,0,0.0
column,cosine,15,SimCLR Swin-Tiny,75,75,100,0,0.0
column,cosine,15,SimCLR Swin-Tiny,76,76,100,0,0.0
column,cosine,15,SimCLR Swin-Tiny,77,77,100,0,0.0
column,cosine,15,SimCLR Swin-Tiny,78,78,100,0,0.0
column,cosine,15,SimCLR Swin-Tiny,79,79,100,0,0.0
column,cosine,15,SimCLR Swin-Tiny,80,80,100,0,0.0
column,cosine,15,SimCLR Swin-Tiny,81,81,100,0,0.0
column,cosine,15,SimCLR Swin-Tiny,82,82,100,0,0.0
column,cosine,15,SimCLR Swin-Tiny,83,83,100,0,0.0
column,cosine,15,SimCLR Swin-Tiny,84,84,100,0,0.0
column,cosine,15,SimCLR Swin-Tiny,85,85,100,0,0.0
column,cosine,15,SimCLR Swin-Tiny,86,86,100,0,0.0
column,cosine,15,SimCLR Swin-Tiny,87,87,100,0,0.0
column,cosine,15,SimCLR Swin-Tiny,88,88,100,0,0.0
column,cosine,15,SimCLR Swin-Tiny,89,89,100,0,0.0
column,cosine,15,SimCLR Swin-Tiny,90,90,100,0,0.0
column,cosine,15,SimCLR Swin-Tiny,91,91,100,0,0.0
column,cosine,15,SimCLR Swin-Tiny,92,92,100,0,0.0
column,cosine,15,SimCLR Swin-Tiny,93,93,100,0,0.0
column,cosine,15,SimCLR Swin-Tiny,94,94,100,0,0.0
column,cosine,15,SimCLR Swin-Tiny,95,95,100,0,0.0
column,cosine,15,SimCLR Swin-Tiny,96,96,100,0,0.0
column,cosine,15,SimCLR Swin-Tiny,97,97,100,0,0.0
column,cosine,15,SimCLR Swin-Tiny,98,98,100,0,0.0
column,cosine,15,SimCLR Swin-Tiny,99,99,100,0,0.0
column,l2,0,MoCo ResNet-18,0,0,100,0,0.0
column,l2,0,MoCo ResNet-18,1,1,100,0,0.0
column,l2,0,MoCo ResNet-18,2,2,100,0,0.0
column,l2,0,MoCo ResNet-18,3,3,100,0,0.0
column,l2,0,MoCo ResNet-18,4,4,100,0,0.0
column,l2,0,MoCo ResNet-18,5,5,100,0,0.0
column,l2,0,MoCo ResNet-18,6,6,100,0,0.0
column,l2,0,MoCo ResNet-18,7,7,100,0,0.0
column,l2,0,MoCo ResNet-18,8,8,100,0,0.0
column,l2,0,MoCo ResNet-18,9,9,100,0,0.0
column,l2,0,MoCo ResNet-18,10,10,100,0,0.0
column,l2,0,MoCo ResNet-18,11,11,100,0,0.0
column,l2,0,MoCo ResNet-18,12,12,100,0,0.0
column,l2,0,MoCo ResNet-18,13,13,100,0,0.0
column,l2,0,MoCo ResNet-18,14,14,100,0,0.0
column,l2,0,MoCo ResNet-18,15,15,100,0,0.0
column,l2,0,MoCo ResNet-18,16,16,100,0,0.0
column,l2,0,MoCo ResNet-18,17,17,100,0,0.0
column,l2,0,MoCo ResNet-18,18,18,100,0,0.0
column,l2,0,MoCo ResNet-18,19,19,100,0,0.0
column,l2,0,MoCo ResNet-18,20,20,100,0,0.0
column,l2,0,MoCo ResNet-18,21,21,100,0,0.0
column,l2,0,MoCo ResNet-18,22,22,100,0,0.0
column,l2,0,MoCo ResNet-18,23,23,100,0,0.0
column,l2,0,MoCo ResNet-18,24,24,100,0,0.0
column,l2,0,MoCo ResNet-18,25,25,100,0,0.0
column,l2,0,MoCo ResNet-18,26,26,100,0,0.0
column,l2,0,MoCo ResNet-18,27,27,100,0,0.0
column,l2,0,MoCo ResNet-18,28,28,100,0,0.0
column,l2,0,MoCo ResNet-18,29,29,100,0,0.0
column,l2,0,MoCo ResNet-18,30,30,100,0,0.0
column,l2,0,MoCo ResNet-18,31,31,100,0,0.0
column,l2,0,MoCo ResNet-18,32,32,100,0,0.0
column,l2,0,MoCo ResNet-18,33,33,100,0,0.0
column,l2,0,MoCo ResNet-18,34,34,100,0,0.0
column,l2,0,MoCo ResNet-18,35,35,100,0,0.0
column,l2,0,MoCo ResNet-18,36,36,100,0,0.0
column,l2,0,MoCo ResNet-18,37,37,100,0,0.0
column,l2,0,MoCo ResNet-18,38,38,100,0,0.0
column,l2,0,MoCo ResNet-18,39,39,100,0,0.0
column,l2,0,MoCo ResNet-18,40,40,100,0,0.0
column,l2,0,MoCo ResNet-18,41,41,100,0,0.0
column,l2,0,MoCo ResNet-18,42,42,100,0,0.0
column,l2,0,MoCo ResNet-18,43,43,100,0,0.0
column,l2,0,MoCo ResNet-18,44,44,100,0,0.0
column,l2,0,MoCo ResNet-18,45,45,100,0,0.0
column,l2,0,MoCo ResNet-18,46,46,100,0,0.0
column,l2,0,MoCo ResNet-18,47,47,100,0,0.0
column,l2,0,MoCo ResNet-18,48,48,100,0,0.0
column,l2,0,MoCo ResNet-18,49,49,100,0,0.0
column,l2,0,MoCo ResNet-18,50,50,100,0,0.0
column,l2,0,MoCo ResNet-18,51,51,100,0,0.0
column,l2,0,MoCo ResNet-18,52,52,100,0,0.0
column,l2,0,MoCo ResNet-18,53,53,100,0,0.0
column,l2,0,MoCo ResNet-18,54,54,100,0,0.0
column,l2,0,MoCo ResNet-18,55,55,100,0,0.0
column,l2,0,MoCo ResNet-18,56,56,100,0,0.0
column,l2,0,MoCo ResNet-18,57,57,100,0,0.0
column,l2,0,MoCo ResNet-18,58,58,100,0,0.0
column,l2,0,MoCo ResNet-18,59,59,100,0,0.0
column,l2,0,MoCo ResNet-18,60,60,100,0,0.0
column,l2,0,MoCo ResNet-18,61,61,100,0,0.0
column,l2,0,MoCo ResNet-18,62,62,100,0,0.0
column,l2,0,MoCo ResNet-18,63,63,100,0,0.0
column,l2,0,MoCo ResNet-18,64,64,100,0,0.0
column,l2,0,MoCo ResNet-18,65,65,100,0,0.0
column,l2,0,MoCo ResNet-18,66,66,100,0,0.0
column,l2,0,MoCo ResNet-18,67,67,100,0,0.0
column,l2,0,MoCo ResNet-18,68,68,100,0,0.0
column,l2,0,MoCo ResNet-18,69,69,100,0,0.0
column,l2,0,MoCo ResNet-18,70,70,100,0,0.0
column,l2,0,MoCo ResNet-18,71,71,100,0,0.0
column,l2,0,MoCo ResNet-18,72,72,100,0,0.0
column,l2,0,MoCo ResNet-18,73,73,100,0,0.0
column,l2,0,MoCo ResNet-18,74,74,100,0,0.0
column,l2,0,MoCo ResNet-18,75,75,100,0,0.0
column,l2,0,MoCo ResNet-18,76,76,100,0,0.0
column,l2,0,MoCo ResNet-18,77,77,100,0,0.0
column,l2,0,MoCo ResNet-18,78,78,100,0,0.0
column,l2,0,MoCo ResNet-18,79,79,100,0,0.0
column,l2,0,MoCo ResNet-18,80,80,100,0,0.0
column,l2,0,MoCo ResNet-18,81,81,100,0,0.0
column,l2,0,MoCo ResNet-18,82,82,100,0,0.0
column,l2,0,MoCo ResNet-18,83,83,100,0,0.0
column,l2,0,MoCo ResNet-18,84,84,100,0,0.0
column,l2,0,MoCo ResNet-18,85,85,100,0,0.0
column,l2,0,MoCo ResNet-18,86,86,100,0,0.0
column,l2,0,MoCo ResNet-18,87,87,100,0,0.0
column,l2,0,MoCo ResNet-18,88,88,100,0,0.0
column,l2,0,MoCo ResNet-18,89,89,100,0,0.0
column,l2,0,MoCo ResNet-18,90,90,100,0,0.0
column,l2,0,MoCo ResNet-18,91,91,100,0,0.0
column,l2,0,MoCo ResNet-18,92,92,100,0,0.0
column,l2,0,MoCo ResNet-18,93,93,100,0,0.0
column,l2,0,MoCo ResNet-18,94,94,100,0,0.0
column,l2,0,MoCo ResNet-18,95,95,100,0,0.0
column,l2,0,MoCo ResNet-18,96,96,100,0,0.0
column,l2,0,MoCo ResNet-18,97,97,100,0,0.0
column,l2,0,MoCo ResNet-18,98,98,100,0,0.0
column,l2,0,MoCo ResNet-18,99,99,100,0,0.0
column,l2,1,MoCo ConvNeXt-Tiny,0,0,100,75,0.75
column,l2,1,MoCo ConvNeXt-Tiny,1,1,100,65,0.65
column,l2,1,MoCo ConvNeXt-Tiny,2,2,100,70,0.7
column,l2,1,MoCo ConvNeXt-Tiny,3,3,100,71,0.71
column,l2,1,MoCo ConvNeXt-Tiny,4,4,100,74,0.74
column,l2,1,MoCo ConvNeXt-Tiny,5,5,100,68,0.68
column,l2,1,MoCo ConvNeXt-Tiny,6,6,100,66,0.66
column,l2,1,MoCo ConvNeXt-Tiny,7,7,100,67,0.67
column,l2,1,MoCo ConvNeXt-Tiny,8,8,100,71,0.71
column,l2,1,MoCo ConvNeXt-Tiny,9,9,100,68,0.68
column,l2,1,MoCo ConvNeXt-Tiny,10,10,100,71,0.71
column,l2,1,MoCo ConvNeXt-Tiny,11,11,100,76,0.76
column,l2,1,MoCo ConvNeXt-Tiny,12,12,100,64,0.64
column,l2,1,MoCo ConvNeXt-Tiny,13,13,100,58,0.58
column,l2,1,MoCo ConvNeXt-Tiny,14,14,100,66,0.66
column,l2,1,MoCo ConvNeXt-Tiny,15,15,100,56,0.56
column,l2,1,MoCo ConvNeXt-Tiny,16,16,100,66,0.66
column,l2,1,MoCo ConvNeXt-Tiny,17,17,100,67,0.67
column,l2,1,MoCo ConvNeXt-Tiny,18,18,100,63,0.63
column,l2,1,MoCo ConvNeXt-Tiny,19,19,100,67,0.67
column,l2,1,MoCo ConvNeXt-Tiny,20,20,100,73,0.73
column,l2,1,MoCo ConvNeXt-Tiny,21,21,100,68,0.68
column,l2,1,MoCo ConvNeXt-Tiny,22,22,100,67,0.67
column,l2,1,MoCo ConvNeXt-Tiny,23,23,100,72,0.72
column,l2,1,MoCo ConvNeXt-Tiny,24,24,100,67,0.67
column,l2,1,MoCo ConvNeXt-Tiny,25,25,100,60,0.6
column,l2,1,MoCo ConvNeXt-Tiny,26,26,100,55,0.55
column,l2,1,MoCo ConvNeXt-Tiny,27,27,100,67,0.67
column,l2,1,MoCo ConvNeXt-Tiny,28,28,100,65,0.65
column,l2,1,MoCo ConvNeXt-Tiny,29,29,100,64,0.64
column,l2,1,MoCo ConvNeXt-Tiny,30,30,100,68,0.68
column,l2,1,MoCo ConvNeXt-Tiny,31,31,100,68,0.68
column,l2,1,MoCo ConvNeXt-Tiny,32,32,100,68,0.68
column,l2,1,MoCo ConvNeXt-Tiny,33,33,100,63,0.63
column,l2,1,MoCo ConvNeXt-Tiny,34,34,100,64,0.64
column,l2,1,MoCo ConvNeXt-Tiny,35,35,100,70,0.7
column,l2,1,MoCo ConvNeXt-Tiny,36,36,100,63,0.63
column,l2,1,MoCo ConvNeXt-Tiny,37,37,100,64,0.64
column,l2,1,MoCo ConvNeXt-Tiny,38,38,100,67,0.67
column,l2,1,MoCo ConvNeXt-Tiny,39,39,100,51,0.51
column,l2,1,MoCo ConvNeXt-Tiny,40,40,100,71,0.71
column,l2,1,MoCo ConvNeXt-Tiny,41,41,100,75,0.75
column,l2,1,MoCo ConvNeXt-Tiny,42,42,100,70,0.7
column,l2,1,MoCo ConvNeXt-Tiny,43,43,100,64,0.64
column,l2,1,MoCo ConvNeXt-Tiny,44,44,100,69,0.69
column,l2,1,MoCo ConvNeXt-Tiny,45,45,100,71,0.71
column,l2,1,MoCo ConvNeXt-Tiny,46,46,100,67,0.67
column,l2,1,MoCo ConvNeXt-Tiny,47,47,100,73,0.73
column,l2,1,MoCo ConvNeXt-Tiny,48,48,100,71,0.71
column,l2,1,MoCo ConvNeXt-Tiny,49,49,100,61,0.61
column,l2,1,MoCo ConvNeXt-Tiny,50,50,100,71,0.71
column,l2,1,MoCo ConvNeXt-Tiny,51,51,100,68,0.68
column,l2,1,MoCo ConvNeXt-Tiny,52,52,100,72,0.72
column,l2,1,MoCo ConvNeXt-Tiny,53,53,100,71,0.71
column,l2,1,MoCo ConvNeXt-Tiny,54,54,100,60,0.6
column,l2,1,MoCo ConvNeXt-Tiny,55,55,100,71,0.71
column,l2,1,MoCo ConvNeXt-Tiny,56,56,100,72,0.72
column,l2,1,MoCo ConvNeXt-Tiny,57,57,100,65,0.65
column,l2,1,MoCo ConvNeXt-Tiny,58,58,100,65,0.65
column,l2,1,MoCo ConvNeXt-Tiny,59,59,100,73,0.73
column,l2,1,MoCo ConvNeXt-Tiny,60,60,100,64,0.64
column,l2,1,MoCo ConvNeXt-Tiny,61,61,100,77,0.77
column,l2,1,MoCo ConvNeXt-Tiny,62,62,100,68,0.68
column,l2,1,MoCo ConvNeXt-Tiny,63,63,100,66,0.66
column,l2,1,MoCo ConvNeXt-Tiny,64,64,100,65,0.65
column,l2,1,MoCo ConvNeXt-Tiny,65,65,100,63,0.63
column,l2,1,MoCo ConvNeXt-Tiny,66,66,100,64,0.64
column,l2,1,MoCo ConvNeXt-Tiny,67,67,100,70,0.7
column,l2,1,MoCo ConvNeXt-Tiny,68,68,100,65,0.65
column,l2,1,MoCo ConvNeXt-Tiny,69,69,100,69,0.69
column,l2,1,MoCo ConvNeXt-Tiny,70,70,100,67,0.67
column,l2,1,MoCo ConvNeXt-Tiny,71,71,100,66,0.66
column,l2,1,MoCo ConvNeXt-Tiny,72,72,100,59,0.59
column,l2,1,MoCo ConvNeXt-Tiny,73,73,100,74,0.74
column,l2,1,MoCo ConvNeXt-Tiny,74,74,100,69,0.69
column,l2,1,MoCo ConvNeXt-Tiny,75,75,100,66,0.66
column,l2,1,MoCo ConvNeXt-Tiny,76,76,100,64,0.64
column,l2,1,MoCo ConvNeXt-Tiny,77,77,100,54,0.54
column,l2,1,MoCo ConvNeXt-Tiny,78,78,100,71,0.71
column,l2,1,MoCo ConvNeXt-Tiny,79,79,100,72,0.72
column,l2,1,MoCo ConvNeXt-Tiny,80,80,100,62,0.62
column,l2,1,MoCo ConvNeXt-Tiny,81,81,100,66,0.66
column,l2,1,MoCo ConvNeXt-Tiny,82,82,100,60,0.6
column,l2,1,MoCo ConvNeXt-Tiny,83,83,100,66,0.66
column,l2,1,MoCo ConvNeXt-Tiny,84,84,100,59,0.59
column,l2,1,MoCo ConvNeXt-Tiny,85,85,100,59,0.59
column,l2,1,MoCo ConvNeXt-Tiny,86,86,100,65,0.65
column,l2,1,MoCo ConvNeXt-Tiny,87,87,100,67,0.67
column,l2,1,MoCo ConvNeXt-Tiny,88,88,100,68,0.68
column,l2,1,MoCo ConvNeXt-Tiny,89,89,100,64,0.64
column,l2,1,MoCo ConvNeXt-Tiny,90,90,100,60,0.6
column,l2,1,MoCo ConvNeXt-Tiny,91,91,100,62,0.62
column,l2,1,MoCo ConvNeXt-Tiny,92,92,100,66,0.66
column,l2,1,MoCo ConvNeXt-Tiny,93,93,100,68,0.68
column,l2,1,MoCo ConvNeXt-Tiny,94,94,100,74,0.74
column,l2,1,MoCo ConvNeXt-Tiny,95,95,100,66,0.66
column,l2,1,MoCo ConvNeXt-Tiny,96,96,100,66,0.66
column,l2,1,MoCo ConvNeXt-Tiny,97,97,100,69,0.69
column,l2,1,MoCo ConvNeXt-Tiny,98,98,100,70,0.7
column,l2,1,MoCo ConvNeXt-Tiny,99,99,100,74,0.74
column,l2,2,MoCo ViT-B/16,0,0,100,73,0.73
column,l2,2,MoCo ViT-B/16,1,1,100,68,0.68
column,l2,2,MoCo ViT-B/16,2,2,100,66,0.66
column,l2,2,MoCo ViT-B/16,3,3,100,63,0.63
column,l2,2,MoCo ViT-B/16,4,4,100,64,0.64
column,l2,2,MoCo ViT-B/16,5,5,100,63,0.63
column,l2,2,MoCo ViT-B/16,6,6,100,63,0.63
column,l2,2,MoCo ViT-B/16,7,7,100,67,0.67
column,l2,2,MoCo ViT-B/16,8,8,100,70,0.7
column,l2,2,MoCo ViT-B/16,9,9,100,72,0.72
column,l2,2,MoCo ViT-B/16,10,10,100,71,0.71
column,l2,2,MoCo ViT-B/16,11,11,100,62,0.62
column,l2,2,MoCo ViT-B/16,12,12,100,71,0.71
column,l2,2,MoCo ViT-B/16,13,13,100,68,0.68
column,l2,2,MoCo ViT-B/16,14,14,100,67,0.67
column,l2,2,MoCo ViT-B/16,15,15,100,65,0.65
column,l2,2,MoCo ViT-B/16,16,16,100,65,0.65
column,l2,2,MoCo ViT-B/16,17,17,100,70,0.7
column,l2,2,MoCo ViT-B/16,18,18,100,69,0.69
column,l2,2,MoCo ViT-B/16,19,19,100,60,0.6
column,l2,2,MoCo ViT-B/16,20,20,100,65,0.65
column,l2,2,MoCo ViT-B/16,21,21,100,61,0.61
column,l2,2,MoCo ViT-B/16,22,22,100,64,0.64
column,l2,2,MoCo ViT-B/16,23,23,100,68,0.68
column,l2,2,MoCo ViT-B/16,24,24,100,76,0.76
column,l2,2,MoCo ViT-B/16,25,25,100,66,0.66
column,l2,2,MoCo ViT-B/16,26,26,100,64,0.64
column,l2,2,MoCo ViT-B/16,27,27,100,70,0.7
column,l2,2,MoCo ViT-B/16,28,28,100,66,0.66
column,l2,2,MoCo ViT-B/16,29,29,100,62,0.62
column,l2,2,MoCo ViT-B/16,30,30,100,68,0.68
column,l2,2,MoCo ViT-B/16,31,31,100,69,0.69
column,l2,2,MoCo ViT-B/16,32,32,100,68,0.68
column,l2,2,MoCo ViT-B/16,33,33,100,63,0.63
column,l2,2,MoCo ViT-B/16,34,34,100,63,0.63
column,l2,2,MoCo ViT-B/16,35,35,100,72,0.72
column,l2,2,MoCo ViT-B/16,36,36,100,57,0.57
column,l2,2,MoCo ViT-B/16,37,37,100,58,0.58
column,l2,2,MoCo ViT-B/16,38,38,100,65,0.65
column,l2,2,MoCo ViT-B/16,39,39,100,72,0.72
column,l2,2,MoCo ViT-B/16,40,40,100,59,0.59
column,l2,2,MoCo ViT-B/16,41,41,100,72,0.72
column,l2,2,MoCo ViT-B/16,42,42,100,63,0.63
column,l2,2,MoCo ViT-B/16,43,43,100,68,0.68
column,l2,2,MoCo ViT-B/16,44,44,100,71,0.71
column,l2,2,MoCo ViT-B/16,45,45,100,65,0.65
column,l2,2,MoCo ViT-B/16,46,46,100,71,0.71
column,l2,2,MoCo ViT-B/16,47,47,100,63,0.63
column,l2,2,MoCo ViT-B/16,48,48,100,63,0.63
column,l2,2,MoCo ViT-B/16,49,49,100,67,0.67
column,l2,2,MoCo ViT-B/16,50,50,100,68,0.68
column,l2,2,MoCo ViT-B/16,51,51,100,68,0.68
column,l2,2,MoCo ViT-B/16,52,52,100,65,0.65
column,l2,2,MoCo ViT-B/16,53,53,100,66,0.66
column,l2,2,MoCo ViT-B/16,54,54,100,65,0.65
column,l2,2,MoCo ViT-B/16,55,55,100,62,0.62
column,l2,2,MoCo ViT-B/16,56,56,100,62,0.62
column,l2,2,MoCo ViT-B/16,57,57,100,74,0.74
column,l2,2,MoCo ViT-B/16,58,58,100,69,0.69
column,l2,2,MoCo ViT-B/16,59,59,100,62,0.62
column,l2,2,MoCo ViT-B/16,60,60,100,64,0.64
column,l2,2,MoCo ViT-B/16,61,61,100,65,0.65
column,l2,2,MoCo ViT-B/16,62,62,100,75,0.75
column,l2,2,MoCo ViT-B/16,63,63,100,58,0.58
column,l2,2,MoCo ViT-B/16,64,64,100,64,0.64
column,l2,2,MoCo ViT-B/16,65,65,100,71,0.71
column,l2,2,MoCo ViT-B/16,66,66,100,66,0.66
column,l2,2,MoCo ViT-B/16,67,67,100,63,0.63
column,l2,2,MoCo ViT-B/16,68,68,100,63,0.63
column,l2,2,MoCo ViT-B/16,69,69,100,66,0.66
column,l2,2,MoCo ViT-B/16,70,70,100,65,0.65
column,l2,2,MoCo ViT-B/16,71,71,100,69,0.69
column,l2,2,MoCo ViT-B/16,72,72,100,63,0.63
column,l2,2,MoCo ViT-B/16,73,73,100,64,0.64
column,l2,2,MoCo ViT-B/16,74,74,100,70,0.7
column,l2,2,MoCo ViT-B/16,75,75,100,57,0.57
column,l2,2,MoCo ViT-B/16,76,76,100,67,0.67
column,l2,2,MoCo ViT-B/16,77,77,100,70,0.7
column,l2,2,MoCo ViT-B/16,78,78,100,71,0.71
column,l2,2,MoCo ViT-B/16,79,79,100,61,0.61
column,l2,2,MoCo ViT-B/16,80,80,100,71,0.71
column,l2,2,MoCo ViT-B/16,81,81,100,61,0.61
column,l2,2,MoCo ViT-B/16,82,82,100,63,0.63
column,l2,2,MoCo ViT-B/16,83,83,100,60,0.6
column,l2,2,MoCo ViT-B/16,84,84,100,70,0.7
column,l2,2,MoCo ViT-B/16,85,85,100,69,0.69
column,l2,2,MoCo ViT-B/16,86,86,100,63,0.63
column,l2,2,MoCo ViT-B/16,87,87,100,59,0.59
column,l2,2,MoCo ViT-B/16,88,88,100,66,0.66
column,l2,2,MoCo ViT-B/16,89,89,100,68,0.68
column,l2,2,MoCo ViT-B/16,90,90,100,68,0.68
column,l2,2,MoCo ViT-B/16,91,91,100,62,0.62
column,l2,2,MoCo ViT-B/16,92,92,100,72,0.72
column,l2,2,MoCo ViT-B/16,93,93,100,65,0.65
column,l2,2,MoCo ViT-B/16,94,94,100,70,0.7
column,l2,2,MoCo ViT-B/16,95,95,100,57,0.57
column,l2,2,MoCo ViT-B/16,96,96,100,61,0.61
column,l2,2,MoCo ViT-B/16,97,97,100,69,0.69
column,l2,2,MoCo ViT-B/16,98,98,100,71,0.71
column,l2,2,MoCo ViT-B/16,99,99,100,57,0.57
column,l2,3,MoCo EfficientNet-B0,0,0,100,69,0.69
column,l2,3,MoCo EfficientNet-B0,1,1,100,64,0.64
column,l2,3,MoCo EfficientNet-B0,2,2,100,70,0.7
column,l2,3,MoCo EfficientNet-B0,3,3,100,68,0.68
column,l2,3,MoCo EfficientNet-B0,4,4,100,59,0.59
column,l2,3,MoCo EfficientNet-B0,5,5,100,55,0.55
column,l2,3,MoCo EfficientNet-B0,6,6,100,61,0.61
column,l2,3,MoCo EfficientNet-B0,7,7,100,66,0.66
column,l2,3,MoCo EfficientNet-B0,8,8,100,63,0.63
column,l2,3,MoCo EfficientNet-B0,9,9,100,67,0.67
column,l2,3,MoCo EfficientNet-B0,10,10,100,65,0.65
column,l2,3,MoCo EfficientNet-B0,11,11,100,68,0.68
column,l2,3,MoCo EfficientNet-B0,12,12,100,62,0.62
column,l2,3,MoCo EfficientNet-B0,13,13,100,67,0.67
column,l2,3,MoCo EfficientNet-B0,14,14,100,59,0.59
column,l2,3,MoCo EfficientNet-B0,15,15,100,59,0.59
column,l2,3,MoCo EfficientNet-B0,16,16,100,62,0.62
column,l2,3,MoCo EfficientNet-B0,17,17,100,75,0.75
column,l2,3,MoCo EfficientNet-B0,18,18,100,71,0.71
column,l2,3,MoCo EfficientNet-B0,19,19,100,70,0.7
column,l2,3,MoCo EfficientNet-B0,20,20,100,70,0.7
column,l2,3,MoCo EfficientNet-B0,21,21,100,76,0.76
column,l2,3,MoCo EfficientNet-B0,22,22,100,68,0.68
column,l2,3,MoCo EfficientNet-B0,23,23,100,64,0.64
column,l2,3,MoCo EfficientNet-B0,24,24,100,60,0.6
column,l2,3,MoCo EfficientNet-B0,25,25,100,68,0.68
column,l2,3,MoCo EfficientNet-B0,26,26,100,57,0.57
column,l2,3,MoCo EfficientNet-B0,27,27,100,68,0.68
column,l2,3,MoCo EfficientNet-B0,28,28,100,67,0.67
column,l2,3,MoCo EfficientNet-B0,29,29,100,72,0.72
column,l2,3,MoCo EfficientNet-B0,30,30,100,67,0.67
column,l2,3,MoCo EfficientNet-B0,31,31,100,61,0.61
column,l2,3,MoCo EfficientNet-B0,32,32,100,69,0.69
column,l2,3,MoCo EfficientNet-B0,33,33,100,73,0.73
column,l2,3,MoCo EfficientNet-B0,34,34,100,67,0.67
column,l2,3,MoCo EfficientNet-B0,35,35,100,67,0.67
column,l2,3,MoCo EfficientNet-B0,36,36,100,73,0.73
column,l2,3,MoCo EfficientNet-B0,37,37,100,67,0.67
column,l2,3,MoCo EfficientNet-B0,38,38,100,57,0.57
column,l2,3,MoCo EfficientNet-B0,39,39,100,60,0.6
column,l2,3,MoCo EfficientNet-B0,40,40,100,70,0.7
column,l2,3,MoCo EfficientNet-B0,41,41,100,67,0.67
column,l2,3,MoCo EfficientNet-B0,42,42,100,70,0.7
column,l2,3,MoCo EfficientNet-B0,43,43,100,74,0.74
column,l2,3,MoCo EfficientNet-B0,44,44,100,68,0.68
column,l2,3,MoCo EfficientNet-B0,45,45,100,66,0.66
column,l2,3,MoCo EfficientNet-B0,46,46,100,65,0.65
column,l2,3,MoCo EfficientNet-B0,47,47,100,66,0.66
column,l2,3,MoCo EfficientNet-B0,48,48,100,63,0.63
column,l2,3,MoCo EfficientNet-B0,49,49,100,67,0.67
column,l2,3,MoCo EfficientNet-B0,50,50,100,70,0.7
column,l2,3,MoCo EfficientNet-B0,51,51,100,53,0.53
column,l2,3,MoCo EfficientNet-B0,52,52,100,62,0.62
column,l2,3,MoCo EfficientNet-B0,53,53,100,63,0.63
column,l2,3,MoCo EfficientNet-B0,54,54,100,69,0.69
column,l2,3,MoCo EfficientNet-B0,55,55,100,58,0.58
column,l2,3,MoCo EfficientNet-B0,56,56,100,74,0.74
column,l2,3,MoCo EfficientNet-B0,57,57,100,67,0.67
column,l2,3,MoCo EfficientNet-B0,58,58,100,72,0.72
column,l2,3,MoCo EfficientNet-B0,59,59,100,61,0.61
column,l2,3,MoCo EfficientNet-B0,60,60,100,62,0.62
column,l2,3,MoCo EfficientNet-B0,61,61,100,64,0.64
column,l2,3,MoCo EfficientNet-B0,62,62,100,73,0.73
column,l2,3,MoCo EfficientNet-B0,63,63,100,62,0.62
column,l2,3,MoCo EfficientNet-B0,64,64,100,59,0.59
column,l2,3,MoCo EfficientNet-B0,65,65,100,67,0.67
column,l2,3,MoCo EfficientNet-B0,66,66,100,74,0.74
column,l2,3,MoCo EfficientNet-B0,67,67,100,62,0.62
column,l2,3,MoCo EfficientNet-B0,68,68,100,70,0.7
column,l2,3,MoCo EfficientNet-B0,69,69,100,66,0.66
column,l2,3,MoCo EfficientNet-B0,70,70,100,63,0.63
column,l2,3,MoCo EfficientNet-B0,71,71,100,68,0.68
column,l2,3,MoCo EfficientNet-B0,72,72,100,61,0.61
column,l2,3,MoCo EfficientNet-B0,73,73,100,61,0.61
column,l2,3,MoCo EfficientNet-B0,74,74,100,63,0.63
column,l2,3,MoCo EfficientNet-B0,75,75,100,59,0.59
column,l2,3,MoCo EfficientNet-B0,76,76,100,72,0.72
column,l2,3,MoCo EfficientNet-B0,77,77,100,56,0.56
column,l2,3,MoCo EfficientNet-B0,78,78,100,56,0.56
column,l2,3,MoCo EfficientNet-B0,79,79,100,71,0.71
column,l2,3,MoCo EfficientNet-B0,80,80,100,62,0.62
column,l2,3,MoCo EfficientNet-B0,81,81,100,72,0.72
column,l2,3,MoCo EfficientNet-B0,82,82,100,65,0.65
column,l2,3,MoCo EfficientNet-B0,83,83,100,72,0.72
column,l2,3,MoCo EfficientNet-B0,84,84,100,76,0.76
column,l2,3,MoCo EfficientNet-B0,85,85,100,72,0.72
column,l2,3,MoCo EfficientNet-B0,86,86,100,70,0.7
column,l2,3,MoCo EfficientNet-B0,87,87,100,64,0.64
column,l2,3,MoCo EfficientNet-B0,88,88,100,75,0.75
column,l2,3,MoCo EfficientNet-B0,89,89,100,66,0.66
column,l2,3,MoCo EfficientNet-B0,90,90,100,64,0.64
column,l2,3,MoCo EfficientNet-B0,91,91,100,70,0.7
column,l2,3,MoCo EfficientNet-B0,92,92,100,58,0.58
column,l2,3,MoCo EfficientNet-B0,93,93,100,71,0.71
column,l2,3,MoCo EfficientNet-B0,94,94,100,64,0.64
column,l2,3,MoCo EfficientNet-B0,95,95,100,75,0.75
column,l2,3,MoCo EfficientNet-B0,96,96,100,61,0.61
column,l2,3,MoCo EfficientNet-B0,97,97,100,65,0.65
column,l2,3,MoCo EfficientNet-B0,98,98,100,66,0.66
column,l2,3,MoCo EfficientNet-B0,99,99,100,67,0.67
column,l2,4,MoCo RegNetY-400MF,0,0,100,33,0.33
column,l2,4,MoCo RegNetY-400MF,1,1,100,33,0.33
column,l2,4,MoCo RegNetY-400MF,2,2,100,31,0.31
column,l2,4,MoCo RegNetY-400MF,3,3,100,32,0.32
column,l2,4,MoCo RegNetY-400MF,4,4,100,35,0.35
column,l2,4,MoCo RegNetY-400MF,5,5,100,38,0.38
column,l2,4,MoCo RegNetY-400MF,6,6,100,31,0.31
column,l2,4,MoCo RegNetY-400MF,7,7,100,37,0.37
column,l2,4,MoCo RegNetY-400MF,8,8,100,27,0.27
column,l2,4,MoCo RegNetY-400MF,9,9,100,34,0.34
column,l2,4,MoCo RegNetY-400MF,10,10,100,33,0.33
column,l2,4,MoCo RegNetY-400MF,11,11,100,30,0.3
column,l2,4,MoCo RegNetY-400MF,12,12,100,29,0.29
column,l2,4,MoCo RegNetY-400MF,13,13,100,20,0.2
column,l2,4,MoCo RegNetY-400MF,14,14,100,28,0.28
column,l2,4,MoCo RegNetY-400MF,15,15,100,30,0.3
column,l2,4,MoCo RegNetY-400MF,16,16,100,45,0.45
column,l2,4,MoCo RegNetY-400MF,17,17,100,30,0.3
column,l2,4,MoCo RegNetY-400MF,18,18,100,45,0.45
column,l2,4,MoCo RegNetY-400MF,19,19,100,27,0.27
column,l2,4,MoCo RegNetY-400MF,20,20,100,39,0.39
column,l2,4,MoCo RegNetY-400MF,21,21,100,32,0.32
column,l2,4,MoCo RegNetY-400MF,22,22,100,41,0.41
column,l2,4,MoCo RegNetY-400MF,23,23,100,28,0.28
column,l2,4,MoCo RegNetY-400MF,24,24,100,30,0.3
column,l2,4,MoCo RegNetY-400MF,25,25,100,29,0.29
column,l2,4,MoCo RegNetY-400MF,26,26,100,38,0.38
column,l2,4,MoCo RegNetY-400MF,27,27,100,31,0.31
column,l2,4,MoCo RegNetY-400MF,28,28,100,37,0.37
column,l2,4,MoCo RegNetY-400MF,29,29,100,38,0.38
column,l2,4,MoCo RegNetY-400MF,30,30,100,39,0.39
column,l2,4,MoCo RegNetY-400MF,31,31,100,25,0.25
column,l2,4,MoCo RegNetY-400MF,32,32,100,32,0.32
column,l2,4,MoCo RegNetY-400MF,33,33,100,32,0.32
column,l2,4,MoCo RegNetY-400MF,34,34,100,29,0.29
column,l2,4,MoCo RegNetY-400MF,35,35,100,32,0.32
column,l2,4,MoCo RegNetY-400MF,36,36,100,36,0.36
column,l2,4,MoCo RegNetY-400MF,37,37,100,37,0.37
column,l2,4,MoCo RegNetY-400MF,38,38,100,41,0.41
column,l2,4,MoCo RegNetY-400MF,39,39,100,30,0.3
column,l2,4,MoCo RegNetY-400MF,40,40,100,26,0.26
column,l2,4,MoCo RegNetY-400MF,41,41,100,26,0.26
column,l2,4,MoCo RegNetY-400MF,42,42,100,33,0.33
column,l2,4,MoCo RegNetY-400MF,43,43,100,27,0.27
column,l2,4,MoCo RegNetY-400MF,44,44,100,31,0.31
column,l2,4,MoCo RegNetY-400MF,45,45,100,33,0.33
column,l2,4,MoCo RegNetY-400MF,46,46,100,31,0.31
column,l2,4,MoCo RegNetY-400MF,47,47,100,30,0.3
column,l2,4,MoCo RegNetY-400MF,48,48,100,26,0.26
column,l2,4,MoCo RegNetY-400MF,49,49,100,31,0.31
column,l2,4,MoCo RegNetY-400MF,50,50,100,36,0.36
column,l2,4,MoCo RegNetY-400MF,51,51,100,34,0.34
column,l2,4,MoCo RegNetY-400MF,52,52,100,31,0.31
column,l2,4,MoCo RegNetY-400MF,53,53,100,31,0.31
column,l2,4,MoCo RegNetY-400MF,54,54,100,35,0.35
column,l2,4,MoCo RegNetY-400MF,55,55,100,37,0.37
column,l2,4,MoCo RegNetY-400MF,56,56,100,33,0.33
column,l2,4,MoCo RegNetY-400MF,57,57,100,38,0.38
column,l2,4,MoCo RegNetY-400MF,58,58,100,37,0.37
column,l2,4,MoCo RegNetY-400MF,59,59,100,40,0.4
column,l2,4,MoCo RegNetY-400MF,60,60,100,25,0.25
column,l2,4,MoCo RegNetY-400MF,61,61,100,42,0.42
column,l2,4,MoCo RegNetY-400MF,62,62,100,39,0.39
column,l2,4,MoCo RegNetY-400MF,63,63,100,35,0.35
column,l2,4,MoCo RegNetY-400MF,64,64,100,26,0.26
column,l2,4,MoCo RegNetY-400MF,65,65,100,35,0.35
column,l2,4,MoCo RegNetY-400MF,66,66,100,31,0.31
column,l2,4,MoCo RegNetY-400MF,67,67,100,34,0.34
column,l2,4,MoCo RegNetY-400MF,68,68,100,32,0.32
column,l2,4,MoCo RegNetY-400MF,69,69,100,39,0.39
column,l2,4,MoCo RegNetY-400MF,70,70,100,29,0.29
column,l2,4,MoCo RegNetY-400MF,71,71,100,28,0.28
column,l2,4,MoCo RegNetY-400MF,72,72,100,29,0.29
column,l2,4,MoCo RegNetY-400MF,73,73,100,27,0.27
column,l2,4,MoCo RegNetY-400MF,74,74,100,26,0.26
column,l2,4,MoCo RegNetY-400MF,75,75,100,37,0.37
column,l2,4,MoCo RegNetY-400MF,76,76,100,29,0.29
column,l2,4,MoCo RegNetY-400MF,77,77,100,35,0.35
column,l2,4,MoCo RegNetY-400MF,78,78,100,32,0.32
column,l2,4,MoCo RegNetY-400MF,79,79,100,38,0.38
column,l2,4,MoCo RegNetY-400MF,80,80,100,31,0.31
column,l2,4,MoCo RegNetY-400MF,81,81,100,40,0.4
column,l2,4,MoCo RegNetY-400MF,82,82,100,23,0.23
column,l2,4,MoCo RegNetY-400MF,83,83,100,29,0.29
column,l2,4,MoCo RegNetY-400MF,84,84,100,36,0.36
column,l2,4,MoCo RegNetY-400MF,85,85,100,37,0.37
column,l2,4,MoCo RegNetY-400MF,86,86,100,29,0.29
column,l2,4,MoCo RegNetY-400MF,87,87,100,36,0.36
column,l2,4,MoCo RegNetY-400MF,88,88,100,30,0.3
column,l2,4,MoCo RegNetY-400MF,89,89,100,30,0.3
column,l2,4,MoCo RegNetY-400MF,90,90,100,32,0.32
column,l2,4,MoCo RegNetY-400MF,91,91,100,36,0.36
column,l2,4,MoCo RegNetY-400MF,92,92,100,28,0.28
column,l2,4,MoCo RegNetY-400MF,93,93,100,43,0.43
column,l2,4,MoCo RegNetY-400MF,94,94,100,28,0.28
column,l2,4,MoCo RegNetY-400MF,95,95,100,28,0.28
column,l2,4,MoCo RegNetY-400MF,96,96,100,30,0.3
column,l2,4,MoCo RegNetY-400MF,97,97,100,32,0.32
column,l2,4,MoCo RegNetY-400MF,98,98,100,34,0.34
column,l2,4,MoCo RegNetY-400MF,99,99,100,32,0.32
column,l2,5,MoCo WideResNet-50-2,0,0,100,28,0.28
column,l2,5,MoCo WideResNet-50-2,1,1,100,27,0.27
column,l2,5,MoCo WideResNet-50-2,2,2,100,40,0.4
column,l2,5,MoCo WideResNet-50-2,3,3,100,26,0.26
column,l2,5,MoCo WideResNet-50-2,4,4,100,33,0.33
column,l2,5,MoCo WideResNet-50-2,5,5,100,32,0.32
column,l2,5,MoCo WideResNet-50-2,6,6,100,29,0.29
column,l2,5,MoCo WideResNet-50-2,7,7,100,30,0.3
column,l2,5,MoCo WideResNet-50-2,8,8,100,25,0.25
column,l2,5,MoCo WideResNet-50-2,9,9,100,27,0.27
column,l2,5,MoCo WideResNet-50-2,10,10,100,31,0.31
column,l2,5,MoCo WideResNet-50-2,11,11,100,37,0.37
column,l2,5,MoCo WideResNet-50-2,12,12,100,38,0.38
column,l2,5,MoCo WideResNet-50-2,13,13,100,36,0.36
column,l2,5,MoCo WideResNet-50-2,14,14,100,32,0.32
column,l2,5,MoCo WideResNet-50-2,15,15,100,33,0.33
column,l2,5,MoCo WideResNet-50-2,16,16,100,30,0.3
column,l2,5,MoCo WideResNet-50-2,17,17,100,30,0.3
column,l2,5,MoCo WideResNet-50-2,18,18,100,31,0.31
column,l2,5,MoCo WideResNet-50-2,19,19,100,40,0.4
column,l2,5,MoCo WideResNet-50-2,20,20,100,35,0.35
column,l2,5,MoCo WideResNet-50-2,21,21,100,38,0.38
column,l2,5,MoCo WideResNet-50-2,22,22,100,36,0.36
column,l2,5,MoCo WideResNet-50-2,23,23,100,34,0.34
column,l2,5,MoCo WideResNet-50-2,24,24,100,38,0.38
column,l2,5,MoCo WideResNet-50-2,25,25,100,34,0.34
column,l2,5,MoCo WideResNet-50-2,26,26,100,35,0.35
column,l2,5,MoCo WideResNet-50-2,27,27,100,33,0.33
column,l2,5,MoCo WideResNet-50-2,28,28,100,33,0.33
column,l2,5,MoCo WideResNet-50-2,29,29,100,32,0.32
column,l2,5,MoCo WideResNet-50-2,30,30,100,40,0.4
column,l2,5,MoCo WideResNet-50-2,31,31,100,31,0.31
column,l2,5,MoCo WideResNet-50-2,32,32,100,27,0.27
column,l2,5,MoCo WideResNet-50-2,33,33,100,28,0.28
column,l2,5,MoCo WideResNet-50-2,34,34,100,42,0.42
column,l2,5,MoCo WideResNet-50-2,35,35,100,30,0.3
column,l2,5,MoCo WideResNet-50-2,36,36,100,35,0.35
column,l2,5,MoCo WideResNet-50-2,37,37,100,32,0.32
column,l2,5,MoCo WideResNet-50-2,38,38,100,37,0.37
column,l2,5,MoCo WideResNet-50-2,39,39,100,28,0.28
column,l2,5,MoCo WideResNet-50-2,40,40,100,40,0.4
column,l2,5,MoCo WideResNet-50-2,41,41,100,33,0.33
column,l2,5,MoCo WideResNet-50-2,42,42,100,38,0.38
column,l2,5,MoCo WideResNet-50-2,43,43,100,27,0.27
column,l2,5,MoCo WideResNet-50-2,44,44,100,37,0.37
column,l2,5,MoCo WideResNet-50-2,45,45,100,34,0.34
column,l2,5,MoCo WideResNet-50-2,46,46,100,36,0.36
column,l2,5,MoCo WideResNet-50-2,47,47,100,29,0.29
column,l2,5,MoCo WideResNet-50-2,48,48,100,31,0.31
column,l2,5,MoCo WideResNet-50-2,49,49,100,30,0.3
column,l2,5,MoCo WideResNet-50-2,50,50,100,25,0.25
column,l2,5,MoCo WideResNet-50-2,51,51,100,40,0.4
column,l2,5,MoCo WideResNet-50-2,52,52,100,31,0.31
column,l2,5,MoCo WideResNet-50-2,53,53,100,36,0.36
column,l2,5,MoCo WideResNet-50-2,54,54,100,33,0.33
column,l2,5,MoCo WideResNet-50-2,55,55,100,31,0.31
column,l2,5,MoCo WideResNet-50-2,56,56,100,34,0.34
column,l2,5,MoCo WideResNet-50-2,57,57,100,36,0.36
column,l2,5,MoCo WideResNet-50-2,58,58,100,31,0.31
column,l2,5,MoCo WideResNet-50-2,59,59,100,35,0.35
column,l2,5,MoCo WideResNet-50-2,60,60,100,30,0.3
column,l2,5,MoCo WideResNet-50-2,61,61,100,43,0.43
column,l2,5,MoCo WideResNet-50-2,62,62,100,30,0.3
column,l2,5,MoCo WideResNet-50-2,63,63,100,40,0.4
column,l2,5,MoCo WideResNet-50-2,64,64,100,39,0.39
column,l2,5,MoCo WideResNet-50-2,65,65,100,32,0.32
column,l2,5,MoCo WideResNet-50-2,66,66,100,26,0.26
column,l2,5,MoCo WideResNet-50-2,67,67,100,30,0.3
column,l2,5,MoCo WideResNet-50-2,68,68,100,30,0.3
column,l2,5,MoCo WideResNet-50-2,69,69,100,30,0.3
column,l2,5,MoCo WideResNet-50-2,70,70,100,30,0.3
column,l2,5,MoCo WideResNet-50-2,71,71,100,28,0.28
column,l2,5,MoCo WideResNet-50-2,72,72,100,36,0.36
column,l2,5,MoCo WideResNet-50-2,73,73,100,33,0.33
column,l2,5,MoCo WideResNet-50-2,74,74,100,28,0.28
column,l2,5,MoCo WideResNet-50-2,75,75,100,39,0.39
column,l2,5,MoCo WideResNet-50-2,76,76,100,42,0.42
column,l2,5,MoCo WideResNet-50-2,77,77,100,28,0.28
column,l2,5,MoCo WideResNet-50-2,78,78,100,30,0.3
column,l2,5,MoCo WideResNet-50-2,79,79,100,31,0.31
column,l2,5,MoCo WideResNet-50-2,80,80,100,33,0.33
column,l2,5,MoCo WideResNet-50-2,81,81,100,28,0.28
column,l2,5,MoCo WideResNet-50-2,82,82,100,40,0.4
column,l2,5,MoCo WideResNet-50-2,83,83,100,22,0.22
column,l2,5,MoCo WideResNet-50-2,84,84,100,26,0.26
column,l2,5,MoCo WideResNet-50-2,85,85,100,33,0.33
column,l2,5,MoCo WideResNet-50-2,86,86,100,46,0.46
column,l2,5,MoCo WideResNet-50-2,87,87,100,29,0.29
column,l2,5,MoCo WideResNet-50-2,88,88,100,35,0.35
column,l2,5,MoCo WideResNet-50-2,89,89,100,41,0.41
column,l2,5,MoCo WideResNet-50-2,90,90,100,34,0.34
column,l2,5,MoCo WideResNet-50-2,91,91,100,25,0.25
column,l2,5,MoCo WideResNet-50-2,92,92,100,49,0.49
column,l2,5,MoCo WideResNet-50-2,93,93,100,31,0.31
column,l2,5,MoCo WideResNet-50-2,94,94,100,30,0.3
column,l2,5,MoCo WideResNet-50-2,95,95,100,42,0.42
column,l2,5,MoCo WideResNet-50-2,96,96,100,32,0.32
column,l2,5,MoCo WideResNet-50-2,97,97,100,36,0.36
column,l2,5,MoCo WideResNet-50-2,98,98,100,39,0.39
column,l2,5,MoCo WideResNet-50-2,99,99,100,37,0.37
column,l2,6,MoCo MobileNetV2,0,0,100,0,0.0
column,l2,6,MoCo MobileNetV2,1,1,100,0,0.0
column,l2,6,MoCo MobileNetV2,2,2,100,0,0.0
column,l2,6,MoCo MobileNetV2,3,3,100,0,0.0
column,l2,6,MoCo MobileNetV2,4,4,100,0,0.0
column,l2,6,MoCo MobileNetV2,5,5,100,0,0.0
column,l2,6,MoCo MobileNetV2,6,6,100,0,0.0
column,l2,6,MoCo MobileNetV2,7,7,100,0,0.0
column,l2,6,MoCo MobileNetV2,8,8,100,0,0.0
column,l2,6,MoCo MobileNetV2,9,9,100,0,0.0
column,l2,6,MoCo MobileNetV2,10,10,100,0,0.0
column,l2,6,MoCo MobileNetV2,11,11,100,0,0.0
column,l2,6,MoCo MobileNetV2,12,12,100,0,0.0
column,l2,6,MoCo MobileNetV2,13,13,100,0,0.0
column,l2,6,MoCo MobileNetV2,14,14,100,0,0.0
column,l2,6,MoCo MobileNetV2,15,15,100,0,0.0
column,l2,6,MoCo MobileNetV2,16,16,100,0,0.0
column,l2,6,MoCo MobileNetV2,17,17,100,0,0.0
column,l2,6,MoCo MobileNetV2,18,18,100,0,0.0
column,l2,6,MoCo MobileNetV2,19,19,100,0,0.0
column,l2,6,MoCo MobileNetV2,20,20,100,0,0.0
column,l2,6,MoCo MobileNetV2,21,21,100,0,0.0
column,l2,6,MoCo MobileNetV2,22,22,100,0,0.0
column,l2,6,MoCo MobileNetV2,23,23,100,0,0.0
column,l2,6,MoCo MobileNetV2,24,24,100,0,0.0
column,l2,6,MoCo MobileNetV2,25,25,100,0,0.0
column,l2,6,MoCo MobileNetV2,26,26,100,0,0.0
column,l2,6,MoCo MobileNetV2,27,27,100,0,0.0
column,l2,6,MoCo MobileNetV2,28,28,100,0,0.0
column,l2,6,MoCo MobileNetV2,29,29,100,0,0.0
column,l2,6,MoCo MobileNetV2,30,30,100,0,0.0
column,l2,6,MoCo MobileNetV2,31,31,100,0,0.0
column,l2,6,MoCo MobileNetV2,32,32,100,0,0.0
column,l2,6,MoCo MobileNetV2,33,33,100,0,0.0
column,l2,6,MoCo MobileNetV2,34,34,100,0,0.0
column,l2,6,MoCo MobileNetV2,35,35,100,0,0.0
column,l2,6,MoCo MobileNetV2,36,36,100,0,0.0
column,l2,6,MoCo MobileNetV2,37,37,100,0,0.0
column,l2,6,MoCo MobileNetV2,38,38,100,0,0.0
column,l2,6,MoCo MobileNetV2,39,39,100,0,0.0
column,l2,6,MoCo MobileNetV2,40,40,100,0,0.0
column,l2,6,MoCo MobileNetV2,41,41,100,0,0.0
column,l2,6,MoCo MobileNetV2,42,42,100,0,0.0
column,l2,6,MoCo MobileNetV2,43,43,100,0,0.0
column,l2,6,MoCo MobileNetV2,44,44,100,0,0.0
column,l2,6,MoCo MobileNetV2,45,45,100,0,0.0
column,l2,6,MoCo MobileNetV2,46,46,100,0,0.0
column,l2,6,MoCo MobileNetV2,47,47,100,0,0.0
column,l2,6,MoCo MobileNetV2,48,48,100,0,0.0
column,l2,6,MoCo MobileNetV2,49,49,100,0,0.0
column,l2,6,MoCo MobileNetV2,50,50,100,0,0.0
column,l2,6,MoCo MobileNetV2,51,51,100,0,0.0
column,l2,6,MoCo MobileNetV2,52,52,100,0,0.0
column,l2,6,MoCo MobileNetV2,53,53,100,0,0.0
column,l2,6,MoCo MobileNetV2,54,54,100,0,0.0
column,l2,6,MoCo MobileNetV2,55,55,100,0,0.0
column,l2,6,MoCo MobileNetV2,56,56,100,0,0.0
column,l2,6,MoCo MobileNetV2,57,57,100,0,0.0
column,l2,6,MoCo MobileNetV2,58,58,100,0,0.0
column,l2,6,MoCo MobileNetV2,59,59,100,0,0.0
column,l2,6,MoCo MobileNetV2,60,60,100,0,0.0
column,l2,6,MoCo MobileNetV2,61,61,100,0,0.0
column,l2,6,MoCo MobileNetV2,62,62,100,0,0.0
column,l2,6,MoCo MobileNetV2,63,63,100,0,0.0
column,l2,6,MoCo MobileNetV2,64,64,100,0,0.0
column,l2,6,MoCo MobileNetV2,65,65,100,0,0.0
column,l2,6,MoCo MobileNetV2,66,66,100,0,0.0
column,l2,6,MoCo MobileNetV2,67,67,100,0,0.0
column,l2,6,MoCo MobileNetV2,68,68,100,0,0.0
column,l2,6,MoCo MobileNetV2,69,69,100,0,0.0
column,l2,6,MoCo MobileNetV2,70,70,100,0,0.0
column,l2,6,MoCo MobileNetV2,71,71,100,0,0.0
column,l2,6,MoCo MobileNetV2,72,72,100,0,0.0
column,l2,6,MoCo MobileNetV2,73,73,100,0,0.0
column,l2,6,MoCo MobileNetV2,74,74,100,0,0.0
column,l2,6,MoCo MobileNetV2,75,75,100,0,0.0
column,l2,6,MoCo MobileNetV2,76,76,100,0,0.0
column,l2,6,MoCo MobileNetV2,77,77,100,0,0.0
column,l2,6,MoCo MobileNetV2,78,78,100,0,0.0
column,l2,6,MoCo MobileNetV2,79,79,100,0,0.0
column,l2,6,MoCo MobileNetV2,80,80,100,0,0.0
column,l2,6,MoCo MobileNetV2,81,81,100,0,0.0
column,l2,6,MoCo MobileNetV2,82,82,100,0,0.0
column,l2,6,MoCo MobileNetV2,83,83,100,0,0.0
column,l2,6,MoCo MobileNetV2,84,84,100,0,0.0
column,l2,6,MoCo MobileNetV2,85,85,100,0,0.0
column,l2,6,MoCo MobileNetV2,86,86,100,0,0.0
column,l2,6,MoCo MobileNetV2,87,87,100,0,0.0
column,l2,6,MoCo MobileNetV2,88,88,100,0,0.0
column,l2,6,MoCo MobileNetV2,89,89,100,0,0.0
column,l2,6,MoCo MobileNetV2,90,90,100,0,0.0
column,l2,6,MoCo MobileNetV2,91,91,100,0,0.0
column,l2,6,MoCo MobileNetV2,92,92,100,0,0.0
column,l2,6,MoCo MobileNetV2,93,93,100,0,0.0
column,l2,6,MoCo MobileNetV2,94,94,100,0,0.0
column,l2,6,MoCo MobileNetV2,95,95,100,0,0.0
column,l2,6,MoCo MobileNetV2,96,96,100,0,0.0
column,l2,6,MoCo MobileNetV2,97,97,100,0,0.0
column,l2,6,MoCo MobileNetV2,98,98,100,0,0.0
column,l2,6,MoCo MobileNetV2,99,99,100,0,0.0
column,l2,7,MoCo Swin-Tiny,0,0,100,0,0.0
column,l2,7,MoCo Swin-Tiny,1,1,100,0,0.0
column,l2,7,MoCo Swin-Tiny,2,2,100,0,0.0
column,l2,7,MoCo Swin-Tiny,3,3,100,0,0.0
column,l2,7,MoCo Swin-Tiny,4,4,100,0,0.0
column,l2,7,MoCo Swin-Tiny,5,5,100,0,0.0
column,l2,7,MoCo Swin-Tiny,6,6,100,0,0.0
column,l2,7,MoCo Swin-Tiny,7,7,100,0,0.0
column,l2,7,MoCo Swin-Tiny,8,8,100,0,0.0
column,l2,7,MoCo Swin-Tiny,9,9,100,0,0.0
column,l2,7,MoCo Swin-Tiny,10,10,100,0,0.0
column,l2,7,MoCo Swin-Tiny,11,11,100,0,0.0
column,l2,7,MoCo Swin-Tiny,12,12,100,0,0.0
column,l2,7,MoCo Swin-Tiny,13,13,100,0,0.0
column,l2,7,MoCo Swin-Tiny,14,14,100,0,0.0
column,l2,7,MoCo Swin-Tiny,15,15,100,0,0.0
column,l2,7,MoCo Swin-Tiny,16,16,100,0,0.0
column,l2,7,MoCo Swin-Tiny,17,17,100,0,0.0
column,l2,7,MoCo Swin-Tiny,18,18,100,0,0.0
column,l2,7,MoCo Swin-Tiny,19,19,100,0,0.0
column,l2,7,MoCo Swin-Tiny,20,20,100,0,0.0
column,l2,7,MoCo Swin-Tiny,21,21,100,0,0.0
column,l2,7,MoCo Swin-Tiny,22,22,100,0,0.0
column,l2,7,MoCo Swin-Tiny,23,23,100,0,0.0
column,l2,7,MoCo Swin-Tiny,24,24,100,0,0.0
column,l2,7,MoCo Swin-Tiny,25,25,100,0,0.0
column,l2,7,MoCo Swin-Tiny,26,26,100,0,0.0
column,l2,7,MoCo Swin-Tiny,27,27,100,0,0.0
column,l2,7,MoCo Swin-Tiny,28,28,100,0,0.0
column,l2,7,MoCo Swin-Tiny,29,29,100,0,0.0
column,l2,7,MoCo Swin-Tiny,30,30,100,0,0.0
column,l2,7,MoCo Swin-Tiny,31,31,100,0,0.0
column,l2,7,MoCo Swin-Tiny,32,32,100,0,0.0
column,l2,7,MoCo Swin-Tiny,33,33,100,0,0.0
column,l2,7,MoCo Swin-Tiny,34,34,100,0,0.0
column,l2,7,MoCo Swin-Tiny,35,35,100,0,0.0
column,l2,7,MoCo Swin-Tiny,36,36,100,0,0.0
column,l2,7,MoCo Swin-Tiny,37,37,100,0,0.0
column,l2,7,MoCo Swin-Tiny,38,38,100,0,0.0
column,l2,7,MoCo Swin-Tiny,39,39,100,0,0.0
column,l2,7,MoCo Swin-Tiny,40,40,100,0,0.0
column,l2,7,MoCo Swin-Tiny,41,41,100,0,0.0
column,l2,7,MoCo Swin-Tiny,42,42,100,0,0.0
column,l2,7,MoCo Swin-Tiny,43,43,100,0,0.0
column,l2,7,MoCo Swin-Tiny,44,44,100,0,0.0
column,l2,7,MoCo Swin-Tiny,45,45,100,0,0.0
column,l2,7,MoCo Swin-Tiny,46,46,100,0,0.0
column,l2,7,MoCo Swin-Tiny,47,47,100,0,0.0
column,l2,7,MoCo Swin-Tiny,48,48,100,0,0.0
column,l2,7,MoCo Swin-Tiny,49,49,100,0,0.0
column,l2,7,MoCo Swin-Tiny,50,50,100,0,0.0
column,l2,7,MoCo Swin-Tiny,51,51,100,0,0.0
column,l2,7,MoCo Swin-Tiny,52,52,100,0,0.0
column,l2,7,MoCo Swin-Tiny,53,53,100,0,0.0
column,l2,7,MoCo Swin-Tiny,54,54,100,0,0.0
column,l2,7,MoCo Swin-Tiny,55,55,100,0,0.0
column,l2,7,MoCo Swin-Tiny,56,56,100,0,0.0
column,l2,7,MoCo Swin-Tiny,57,57,100,0,0.0
column,l2,7,MoCo Swin-Tiny,58,58,100,0,0.0
column,l2,7,MoCo Swin-Tiny,59,59,100,0,0.0
column,l2,7,MoCo Swin-Tiny,60,60,100,0,0.0
column,l2,7,MoCo Swin-Tiny,61,61,100,0,0.0
column,l2,7,MoCo Swin-Tiny,62,62,100,0,0.0
column,l2,7,MoCo Swin-Tiny,63,63,100,0,0.0
column,l2,7,MoCo Swin-Tiny,64,64,100,0,0.0
column,l2,7,MoCo Swin-Tiny,65,65,100,0,0.0
column,l2,7,MoCo Swin-Tiny,66,66,100,0,0.0
column,l2,7,MoCo Swin-Tiny,67,67,100,0,0.0
column,l2,7,MoCo Swin-Tiny,68,68,100,0,0.0
column,l2,7,MoCo Swin-Tiny,69,69,100,0,0.0
column,l2,7,MoCo Swin-Tiny,70,70,100,0,0.0
column,l2,7,MoCo Swin-Tiny,71,71,100,0,0.0
column,l2,7,MoCo Swin-Tiny,72,72,100,0,0.0
column,l2,7,MoCo Swin-Tiny,73,73,100,0,0.0
column,l2,7,MoCo Swin-Tiny,74,74,100,0,0.0
column,l2,7,MoCo Swin-Tiny,75,75,100,0,0.0
column,l2,7,MoCo Swin-Tiny,76,76,100,0,0.0
column,l2,7,MoCo Swin-Tiny,77,77,100,0,0.0
column,l2,7,MoCo Swin-Tiny,78,78,100,0,0.0
column,l2,7,MoCo Swin-Tiny,79,79,100,0,0.0
column,l2,7,MoCo Swin-Tiny,80,80,100,0,0.0
column,l2,7,MoCo Swin-Tiny,81,81,100,0,0.0
column,l2,7,MoCo Swin-Tiny,82,82,100,0,0.0
column,l2,7,MoCo Swin-Tiny,83,83,100,0,0.0
column,l2,7,MoCo Swin-Tiny,84,84,100,0,0.0
column,l2,7,MoCo Swin-Tiny,85,85,100,0,0.0
column,l2,7,MoCo Swin-Tiny,86,86,100,0,0.0
column,l2,7,MoCo Swin-Tiny,87,87,100,0,0.0
column,l2,7,MoCo Swin-Tiny,88,88,100,0,0.0
column,l2,7,MoCo Swin-Tiny,89,89,100,0,0.0
column,l2,7,MoCo Swin-Tiny,90,90,100,0,0.0
column,l2,7,MoCo Swin-Tiny,91,91,100,0,0.0
column,l2,7,MoCo Swin-Tiny,92,92,100,0,0.0
column,l2,7,MoCo Swin-Tiny,93,93,100,0,0.0
column,l2,7,MoCo Swin-Tiny,94,94,100,0,0.0
column,l2,7,MoCo Swin-Tiny,95,95,100,0,0.0
column,l2,7,MoCo Swin-Tiny,96,96,100,0,0.0
column,l2,7,MoCo Swin-Tiny,97,97,100,0,0.0
column,l2,7,MoCo Swin-Tiny,98,98,100,0,0.0
column,l2,7,MoCo Swin-Tiny,99,99,100,0,0.0
column,l2,8,SimCLR ResNet-18,0,0,100,13,0.13
column,l2,8,SimCLR ResNet-18,1,1,100,17,0.17
column,l2,8,SimCLR ResNet-18,2,2,100,19,0.19
column,l2,8,SimCLR ResNet-18,3,3,100,18,0.18
column,l2,8,SimCLR ResNet-18,4,4,100,18,0.18
column,l2,8,SimCLR ResNet-18,5,5,100,17,0.17
column,l2,8,SimCLR ResNet-18,6,6,100,20,0.2
column,l2,8,SimCLR ResNet-18,7,7,100,22,0.22
column,l2,8,SimCLR ResNet-18,8,8,100,15,0.15
column,l2,8,SimCLR ResNet-18,9,9,100,13,0.13
column,l2,8,SimCLR ResNet-18,10,10,100,23,0.23
column,l2,8,SimCLR ResNet-18,11,11,100,13,0.13
column,l2,8,SimCLR ResNet-18,12,12,100,17,0.17
column,l2,8,SimCLR ResNet-18,13,13,100,15,0.15
column,l2,8,SimCLR ResNet-18,14,14,100,20,0.2
column,l2,8,SimCLR ResNet-18,15,15,100,21,0.21
column,l2,8,SimCLR ResNet-18,16,16,100,17,0.17
column,l2,8,SimCLR ResNet-18,17,17,100,15,0.15
column,l2,8,SimCLR ResNet-18,18,18,100,17,0.17
column,l2,8,SimCLR ResNet-18,19,19,100,22,0.22
column,l2,8,SimCLR ResNet-18,20,20,100,15,0.15
column,l2,8,SimCLR ResNet-18,21,21,100,14,0.14
column,l2,8,SimCLR ResNet-18,22,22,100,18,0.18
column,l2,8,SimCLR ResNet-18,23,23,100,15,0.15
column,l2,8,SimCLR ResNet-18,24,24,100,20,0.2
column,l2,8,SimCLR ResNet-18,25,25,100,13,0.13
column,l2,8,SimCLR ResNet-18,26,26,100,14,0.14
column,l2,8,SimCLR ResNet-18,27,27,100,15,0.15
column,l2,8,SimCLR ResNet-18,28,28,100,13,0.13
column,l2,8,SimCLR ResNet-18,29,29,100,12,0.12
column,l2,8,SimCLR ResNet-18,30,30,100,19,0.19
column,l2,8,SimCLR ResNet-18,31,31,100,23,0.23
column,l2,8,SimCLR ResNet-18,32,32,100,19,0.19
column,l2,8,SimCLR ResNet-18,33,33,100,19,0.19
column,l2,8,SimCLR ResNet-18,34,34,100,11,0.11
column,l2,8,SimCLR ResNet-18,35,35,100,19,0.19
column,l2,8,SimCLR ResNet-18,36,36,100,17,0.17
column,l2,8,SimCLR ResNet-18,37,37,100,15,0.15
column,l2,8,SimCLR ResNet-18,38,38,100,16,0.16
column,l2,8,SimCLR ResNet-18,39,39,100,19,0.19
column,l2,8,SimCLR ResNet-18,40,40,100,15,0.15
column,l2,8,SimCLR ResNet-18,41,41,100,18,0.18
column,l2,8,SimCLR ResNet-18,42,42,100,11,0.11
column,l2,8,SimCLR ResNet-18,43,43,100,22,0.22
column,l2,8,SimCLR ResNet-18,44,44,100,17,0.17
column,l2,8,SimCLR ResNet-18,45,45,100,13,0.13
column,l2,8,SimCLR ResNet-18,46,46,100,18,0.18
column,l2,8,SimCLR ResNet-18,47,47,100,22,0.22
column,l2,8,SimCLR ResNet-18,48,48,100,17,0.17
column,l2,8,SimCLR ResNet-18,49,49,100,15,0.15
column,l2,8,SimCLR ResNet-18,50,50,100,16,0.16
column,l2,8,SimCLR ResNet-18,51,51,100,12,0.12
column,l2,8,SimCLR ResNet-18,52,52,100,20,0.2
column,l2,8,SimCLR ResNet-18,53,53,100,17,0.17
column,l2,8,SimCLR ResNet-18,54,54,100,22,0.22
column,l2,8,SimCLR ResNet-18,55,55,100,22,0.22
column,l2,8,SimCLR ResNet-18,56,56,100,17,0.17
column,l2,8,SimCLR ResNet-18,57,57,100,17,0.17
column,l2,8,SimCLR ResNet-18,58,58,100,17,0.17
column,l2,8,SimCLR ResNet-18,59,59,100,17,0.17
column,l2,8,SimCLR ResNet-18,60,60,100,13,0.13
column,l2,8,SimCLR ResNet-18,61,61,100,21,0.21
column,l2,8,SimCLR ResNet-18,62,62,100,17,0.17
column,l2,8,SimCLR ResNet-18,63,63,100,18,0.18
column,l2,8,SimCLR ResNet-18,64,64,100,16,0.16
column,l2,8,SimCLR ResNet-18,65,65,100,15,0.15
column,l2,8,SimCLR ResNet-18,66,66,100,16,0.16
column,l2,8,SimCLR ResNet-18,67,67,100,22,0.22
column,l2,8,SimCLR ResNet-18,68,68,100,12,0.12
column,l2,8,SimCLR ResNet-18,69,69,100,14,0.14
column,l2,8,SimCLR ResNet-18,70,70,100,20,0.2
column,l2,8,SimCLR ResNet-18,71,71,100,23,0.23
column,l2,8,SimCLR ResNet-18,72,72,100,21,0.21
column,l2,8,SimCLR ResNet-18,73,73,100,12,0.12
column,l2,8,SimCLR ResNet-18,74,74,100,13,0.13
column,l2,8,SimCLR ResNet-18,75,75,100,23,0.23
column,l2,8,SimCLR ResNet-18,76,76,100,13,0.13
column,l2,8,SimCLR ResNet-18,77,77,100,15,0.15
column,l2,8,SimCLR ResNet-18,78,78,100,17,0.17
column,l2,8,SimCLR ResNet-18,79,79,100,19,0.19
column,l2,8,SimCLR ResNet-18,80,80,100,20,0.2
column,l2,8,SimCLR ResNet-18,81,81,100,17,0.17
column,l2,8,SimCLR ResNet-18,82,82,100,19,0.19
column,l2,8,SimCLR ResNet-18,83,83,100,17,0.17
column,l2,8,SimCLR ResNet-18,84,84,100,19,0.19
column,l2,8,SimCLR ResNet-18,85,85,100,22,0.22
column,l2,8,SimCLR ResNet-18,86,86,100,9,0.09
column,l2,8,SimCLR ResNet-18,87,87,100,10,0.1
column,l2,8,SimCLR ResNet-18,88,88,100,12,0.12
column,l2,8,SimCLR ResNet-18,89,89,100,14,0.14
column,l2,8,SimCLR ResNet-18,90,90,100,18,0.18
column,l2,8,SimCLR ResNet-18,91,91,100,8,0.08
column,l2,8,SimCLR ResNet-18,92,92,100,18,0.18
column,l2,8,SimCLR ResNet-18,93,93,100,28,0.28
column,l2,8,SimCLR ResNet-18,94,94,100,12,0.12
column,l2,8,SimCLR ResNet-18,95,95,100,17,0.17
column,l2,8,SimCLR ResNet-18,96,96,100,16,0.16
column,l2,8,SimCLR ResNet-18,97,97,100,16,0.16
column,l2,8,SimCLR ResNet-18,98,98,100,21,0.21
column,l2,8,SimCLR ResNet-18,99,99,100,21,0.21
column,l2,9,SimCLR ConvNeXt-Tiny,0,0,100,29,0.29
column,l2,9,SimCLR ConvNeXt-Tiny,1,1,100,37,0.37
column,l2,9,SimCLR ConvNeXt-Tiny,2,2,100,31,0.31
column,l2,9,SimCLR ConvNeXt-Tiny,3,3,100,44,0.44
column,l2,9,SimCLR ConvNeXt-Tiny,4,4,100,39,0.39
column,l2,9,SimCLR ConvNeXt-Tiny,5,5,100,35,0.35
column,l2,9,SimCLR ConvNeXt-Tiny,6,6,100,35,0.35
column,l2,9,SimCLR ConvNeXt-Tiny,7,7,100,31,0.31
column,l2,9,SimCLR ConvNeXt-Tiny,8,8,100,34,0.34
column,l2,9,SimCLR ConvNeXt-Tiny,9,9,100,34,0.34
column,l2,9,SimCLR ConvNeXt-Tiny,10,10,100,43,0.43
column,l2,9,SimCLR ConvNeXt-Tiny,11,11,100,34,0.34
column,l2,9,SimCLR ConvNeXt-Tiny,12,12,100,41,0.41
column,l2,9,SimCLR ConvNeXt-Tiny,13,13,100,29,0.29
column,l2,9,SimCLR ConvNeXt-Tiny,14,14,100,32,0.32
column,l2,9,SimCLR ConvNeXt-Tiny,15,15,100,35,0.35
column,l2,9,SimCLR ConvNeXt-Tiny,16,16,100,26,0.26
column,l2,9,SimCLR ConvNeXt-Tiny,17,17,100,32,0.32
column,l2,9,SimCLR ConvNeXt-Tiny,18,18,100,26,0.26
column,l2,9,SimCLR ConvNeXt-Tiny,19,19,100,45,0.45
column,l2,9,SimCLR ConvNeXt-Tiny,20,20,100,33,0.33
column,l2,9,SimCLR ConvNeXt-Tiny,21,21,100,35,0.35
column,l2,9,SimCLR ConvNeXt-Tiny,22,22,100,30,0.3
column,l2,9,SimCLR ConvNeXt-Tiny,23,23,100,33,0.33
column,l2,9,SimCLR ConvNeXt-Tiny,24,24,100,28,0.28
column,l2,9,SimCLR ConvNeXt-Tiny,25,25,100,42,0.42
column,l2,9,SimCLR ConvNeXt-Tiny,26,26,100,34,0.34
column,l2,9,SimCLR ConvNeXt-Tiny,27,27,100,27,0.27
column,l2,9,SimCLR ConvNeXt-Tiny,28,28,100,40,0.4
column,l2,9,SimCLR ConvNeXt-Tiny,29,29,100,33,0.33
column,l2,9,SimCLR ConvNeXt-Tiny,30,30,100,34,0.34
column,l2,9,SimCLR ConvNeXt-Tiny,31,31,100,32,0.32
column,l2,9,SimCLR ConvNeXt-Tiny,32,32,100,43,0.43
column,l2,9,SimCLR ConvNeXt-Tiny,33,33,100,36,0.36
column,l2,9,SimCLR ConvNeXt-Tiny,34,34,100,26,0.26
column,l2,9,SimCLR ConvNeXt-Tiny,35,35,100,26,0.26
column,l2,9,SimCLR ConvNeXt-Tiny,36,36,100,35,0.35
column,l2,9,SimCLR ConvNeXt-Tiny,37,37,100,33,0.33
column,l2,9,SimCLR ConvNeXt-Tiny,38,38,100,32,0.32
column,l2,9,SimCLR ConvNeXt-Tiny,39,39,100,33,0.33
column,l2,9,SimCLR ConvNeXt-Tiny,40,40,100,38,0.38
column,l2,9,SimCLR ConvNeXt-Tiny,41,41,100,38,0.38
column,l2,9,SimCLR ConvNeXt-Tiny,42,42,100,32,0.32
column,l2,9,SimCLR ConvNeXt-Tiny,43,43,100,29,0.29
column,l2,9,SimCLR ConvNeXt-Tiny,44,44,100,36,0.36
column,l2,9,SimCLR ConvNeXt-Tiny,45,45,100,34,0.34
column,l2,9,SimCLR ConvNeXt-Tiny,46,46,100,41,0.41
column,l2,9,SimCLR ConvNeXt-Tiny,47,47,100,33,0.33
column,l2,9,SimCLR ConvNeXt-Tiny,48,48,100,29,0.29
column,l2,9,SimCLR ConvNeXt-Tiny,49,49,100,33,0.33
column,l2,9,SimCLR ConvNeXt-Tiny,50,50,100,33,0.33
column,l2,9,SimCLR ConvNeXt-Tiny,51,51,100,31,0.31
column,l2,9,SimCLR ConvNeXt-Tiny,52,52,100,30,0.3
column,l2,9,SimCLR ConvNeXt-Tiny,53,53,100,38,0.38
column,l2,9,SimCLR ConvNeXt-Tiny,54,54,100,31,0.31
column,l2,9,SimCLR ConvNeXt-Tiny,55,55,100,35,0.35
column,l2,9,SimCLR ConvNeXt-Tiny,56,56,100,34,0.34
column,l2,9,SimCLR ConvNeXt-Tiny,57,57,100,30,0.3
column,l2,9,SimCLR ConvNeXt-Tiny,58,58,100,31,0.31
column,l2,9,SimCLR ConvNeXt-Tiny,59,59,100,35,0.35
column,l2,9,SimCLR ConvNeXt-Tiny,60,60,100,35,0.35
column,l2,9,SimCLR ConvNeXt-Tiny,61,61,100,36,0.36
column,l2,9,SimCLR ConvNeXt-Tiny,62,62,100,36,0.36
column,l2,9,SimCLR ConvNeXt-Tiny,63,63,100,36,0.36
column,l2,9,SimCLR ConvNeXt-Tiny,64,64,100,34,0.34
column,l2,9,SimCLR ConvNeXt-Tiny,65,65,100,33,0.33
column,l2,9,SimCLR ConvNeXt-Tiny,66,66,100,40,0.4
column,l2,9,SimCLR ConvNeXt-Tiny,67,67,100,36,0.36
column,l2,9,SimCLR ConvNeXt-Tiny,68,68,100,32,0.32
column,l2,9,SimCLR ConvNeXt-Tiny,69,69,100,33,0.33
column,l2,9,SimCLR ConvNeXt-Tiny,70,70,100,37,0.37
column,l2,9,SimCLR ConvNeXt-Tiny,71,71,100,41,0.41
column,l2,9,SimCLR ConvNeXt-Tiny,72,72,100,45,0.45
column,l2,9,SimCLR ConvNeXt-Tiny,73,73,100,39,0.39
column,l2,9,SimCLR ConvNeXt-Tiny,74,74,100,33,0.33
column,l2,9,SimCLR ConvNeXt-Tiny,75,75,100,30,0.3
column,l2,9,SimCLR ConvNeXt-Tiny,76,76,100,34,0.34
column,l2,9,SimCLR ConvNeXt-Tiny,77,77,100,42,0.42
column,l2,9,SimCLR ConvNeXt-Tiny,78,78,100,34,0.34
column,l2,9,SimCLR ConvNeXt-Tiny,79,79,100,34,0.34
column,l2,9,SimCLR ConvNeXt-Tiny,80,80,100,33,0.33
column,l2,9,SimCLR ConvNeXt-Tiny,81,81,100,38,0.38
column,l2,9,SimCLR ConvNeXt-Tiny,82,82,100,35,0.35
column,l2,9,SimCLR ConvNeXt-Tiny,83,83,100,36,0.36
column,l2,9,SimCLR ConvNeXt-Tiny,84,84,100,41,0.41
column,l2,9,SimCLR ConvNeXt-Tiny,85,85,100,40,0.4
column,l2,9,SimCLR ConvNeXt-Tiny,86,86,100,31,0.31
column,l2,9,SimCLR ConvNeXt-Tiny,87,87,100,35,0.35
column,l2,9,SimCLR ConvNeXt-Tiny,88,88,100,30,0.3
column,l2,9,SimCLR ConvNeXt-Tiny,89,89,100,31,0.31
column,l2,9,SimCLR ConvNeXt-Tiny,90,90,100,29,0.29
column,l2,9,SimCLR ConvNeXt-Tiny,91,91,100,31,0.31
column,l2,9,SimCLR ConvNeXt-Tiny,92,92,100,35,0.35
column,l2,9,SimCLR ConvNeXt-Tiny,93,93,100,39,0.39
column,l2,9,SimCLR ConvNeXt-Tiny,94,94,100,26,0.26
column,l2,9,SimCLR ConvNeXt-Tiny,95,95,100,38,0.38
column,l2,9,SimCLR ConvNeXt-Tiny,96,96,100,37,0.37
column,l2,9,SimCLR ConvNeXt-Tiny,97,97,100,29,0.29
column,l2,9,SimCLR ConvNeXt-Tiny,98,98,100,38,0.38
column,l2,9,SimCLR ConvNeXt-Tiny,99,99,100,28,0.28
column,l2,10,SimCLR ViT-B/16,0,0,100,0,0.0
column,l2,10,SimCLR ViT-B/16,1,1,100,0,0.0
column,l2,10,SimCLR ViT-B/16,2,2,100,0,0.0
column,l2,10,SimCLR ViT-B/16,3,3,100,0,0.0
column,l2,10,SimCLR ViT-B/16,4,4,100,0,0.0
column,l2,10,SimCLR ViT-B/16,5,5,100,0,0.0
column,l2,10,SimCLR ViT-B/16,6,6,100,0,0.0
column,l2,10,SimCLR ViT-B/16,7,7,100,0,0.0
column,l2,10,SimCLR ViT-B/16,8,8,100,0,0.0
column,l2,10,SimCLR ViT-B/16,9,9,100,0,0.0
column,l2,10,SimCLR ViT-B/16,10,10,100,0,0.0
column,l2,10,SimCLR ViT-B/16,11,11,100,0,0.0
column,l2,10,SimCLR ViT-B/16,12,12,100,0,0.0
column,l2,10,SimCLR ViT-B/16,13,13,100,0,0.0
column,l2,10,SimCLR ViT-B/16,14,14,100,0,0.0
column,l2,10,SimCLR ViT-B/16,15,15,100,0,0.0
column,l2,10,SimCLR ViT-B/16,16,16,100,0,0.0
column,l2,10,SimCLR ViT-B/16,17,17,100,0,0.0
column,l2,10,SimCLR ViT-B/16,18,18,100,0,0.0
column,l2,10,SimCLR ViT-B/16,19,19,100,0,0.0
column,l2,10,SimCLR ViT-B/16,20,20,100,0,0.0
column,l2,10,SimCLR ViT-B/16,21,21,100,0,0.0
column,l2,10,SimCLR ViT-B/16,22,22,100,0,0.0
column,l2,10,SimCLR ViT-B/16,23,23,100,0,0.0
column,l2,10,SimCLR ViT-B/16,24,24,100,0,0.0
column,l2,10,SimCLR ViT-B/16,25,25,100,0,0.0
column,l2,10,SimCLR ViT-B/16,26,26,100,0,0.0
column,l2,10,SimCLR ViT-B/16,27,27,100,0,0.0
column,l2,10,SimCLR ViT-B/16,28,28,100,0,0.0
column,l2,10,SimCLR ViT-B/16,29,29,100,0,0.0
column,l2,10,SimCLR ViT-B/16,30,30,100,0,0.0
column,l2,10,SimCLR ViT-B/16,31,31,100,0,0.0
column,l2,10,SimCLR ViT-B/16,32,32,100,0,0.0
column,l2,10,SimCLR ViT-B/16,33,33,100,0,0.0
column,l2,10,SimCLR ViT-B/16,34,34,100,0,0.0
column,l2,10,SimCLR ViT-B/16,35,35,100,0,0.0
column,l2,10,SimCLR ViT-B/16,36,36,100,0,0.0
column,l2,10,SimCLR ViT-B/16,37,37,100,0,0.0
column,l2,10,SimCLR ViT-B/16,38,38,100,0,0.0
column,l2,10,SimCLR ViT-B/16,39,39,100,0,0.0
column,l2,10,SimCLR ViT-B/16,40,40,100,0,0.0
column,l2,10,SimCLR ViT-B/16,41,41,100,0,0.0
column,l2,10,SimCLR ViT-B/16,42,42,100,0,0.0
column,l2,10,SimCLR ViT-B/16,43,43,100,0,0.0
column,l2,10,SimCLR ViT-B/16,44,44,100,0,0.0
column,l2,10,SimCLR ViT-B/16,45,45,100,0,0.0
column,l2,10,SimCLR ViT-B/16,46,46,100,0,0.0
column,l2,10,SimCLR ViT-B/16,47,47,100,0,0.0
column,l2,10,SimCLR ViT-B/16,48,48,100,0,0.0
column,l2,10,SimCLR ViT-B/16,49,49,100,0,0.0
column,l2,10,SimCLR ViT-B/16,50,50,100,0,0.0
column,l2,10,SimCLR ViT-B/16,51,51,100,0,0.0
column,l2,10,SimCLR ViT-B/16,52,52,100,0,0.0
column,l2,10,SimCLR ViT-B/16,53,53,100,0,0.0
column,l2,10,SimCLR ViT-B/16,54,54,100,0,0.0
column,l2,10,SimCLR ViT-B/16,55,55,100,0,0.0
column,l2,10,SimCLR ViT-B/16,56,56,100,0,0.0
column,l2,10,SimCLR ViT-B/16,57,57,100,0,0.0
column,l2,10,SimCLR ViT-B/16,58,58,100,0,0.0
column,l2,10,SimCLR ViT-B/16,59,59,100,0,0.0
column,l2,10,SimCLR ViT-B/16,60,60,100,0,0.0
column,l2,10,SimCLR ViT-B/16,61,61,100,0,0.0
column,l2,10,SimCLR ViT-B/16,62,62,100,0,0.0
column,l2,10,SimCLR ViT-B/16,63,63,100,0,0.0
column,l2,10,SimCLR ViT-B/16,64,64,100,0,0.0
column,l2,10,SimCLR ViT-B/16,65,65,100,0,0.0
column,l2,10,SimCLR ViT-B/16,66,66,100,0,0.0
column,l2,10,SimCLR ViT-B/16,67,67,100,0,0.0
column,l2,10,SimCLR ViT-B/16,68,68,100,0,0.0
column,l2,10,SimCLR ViT-B/16,69,69,100,0,0.0
column,l2,10,SimCLR ViT-B/16,70,70,100,0,0.0
column,l2,10,SimCLR ViT-B/16,71,71,100,0,0.0
column,l2,10,SimCLR ViT-B/16,72,72,100,0,0.0
column,l2,10,SimCLR ViT-B/16,73,73,100,0,0.0
column,l2,10,SimCLR ViT-B/16,74,74,100,0,0.0
column,l2,10,SimCLR ViT-B/16,75,75,100,0,0.0
column,l2,10,SimCLR ViT-B/16,76,76,100,0,0.0
column,l2,10,SimCLR ViT-B/16,77,77,100,0,0.0
column,l2,10,SimCLR ViT-B/16,78,78,100,0,0.0
column,l2,10,SimCLR ViT-B/16,79,79,100,0,0.0
column,l2,10,SimCLR ViT-B/16,80,80,100,0,0.0
column,l2,10,SimCLR ViT-B/16,81,81,100,0,0.0
column,l2,10,SimCLR ViT-B/16,82,82,100,0,0.0
column,l2,10,SimCLR ViT-B/16,83,83,100,0,0.0
column,l2,10,SimCLR ViT-B/16,84,84,100,0,0.0
column,l2,10,SimCLR ViT-B/16,85,85,100,0,0.0
column,l2,10,SimCLR ViT-B/16,86,86,100,0,0.0
column,l2,10,SimCLR ViT-B/16,87,87,100,0,0.0
column,l2,10,SimCLR ViT-B/16,88,88,100,0,0.0
column,l2,10,SimCLR ViT-B/16,89,89,100,0,0.0
column,l2,10,SimCLR ViT-B/16,90,90,100,0,0.0
column,l2,10,SimCLR ViT-B/16,91,91,100,0,0.0
column,l2,10,SimCLR ViT-B/16,92,92,100,0,0.0
column,l2,10,SimCLR ViT-B/16,93,93,100,0,0.0
column,l2,10,SimCLR ViT-B/16,94,94,100,0,0.0
column,l2,10,SimCLR ViT-B/16,95,95,100,0,0.0
column,l2,10,SimCLR ViT-B/16,96,96,100,0,0.0
column,l2,10,SimCLR ViT-B/16,97,97,100,0,0.0
column,l2,10,SimCLR ViT-B/16,98,98,100,0,0.0
column,l2,10,SimCLR ViT-B/16,99,99,100,0,0.0
column,l2,11,SimCLR EfficientNet-B0,0,0,100,20,0.2
column,l2,11,SimCLR EfficientNet-B0,1,1,100,24,0.24
column,l2,11,SimCLR EfficientNet-B0,2,2,100,14,0.14
column,l2,11,SimCLR EfficientNet-B0,3,3,100,17,0.17
column,l2,11,SimCLR EfficientNet-B0,4,4,100,11,0.11
column,l2,11,SimCLR EfficientNet-B0,5,5,100,13,0.13
column,l2,11,SimCLR EfficientNet-B0,6,6,100,20,0.2
column,l2,11,SimCLR EfficientNet-B0,7,7,100,11,0.11
column,l2,11,SimCLR EfficientNet-B0,8,8,100,20,0.2
column,l2,11,SimCLR EfficientNet-B0,9,9,100,18,0.18
column,l2,11,SimCLR EfficientNet-B0,10,10,100,22,0.22
column,l2,11,SimCLR EfficientNet-B0,11,11,100,21,0.21
column,l2,11,SimCLR EfficientNet-B0,12,12,100,18,0.18
column,l2,11,SimCLR EfficientNet-B0,13,13,100,24,0.24
column,l2,11,SimCLR EfficientNet-B0,14,14,100,14,0.14
column,l2,11,SimCLR EfficientNet-B0,15,15,100,18,0.18
column,l2,11,SimCLR EfficientNet-B0,16,16,100,10,0.1
column,l2,11,SimCLR EfficientNet-B0,17,17,100,14,0.14
column,l2,11,SimCLR EfficientNet-B0,18,18,100,15,0.15
column,l2,11,SimCLR EfficientNet-B0,19,19,100,16,0.16
column,l2,11,SimCLR EfficientNet-B0,20,20,100,27,0.27
column,l2,11,SimCLR EfficientNet-B0,21,21,100,9,0.09
column,l2,11,SimCLR EfficientNet-B0,22,22,100,15,0.15
column,l2,11,SimCLR EfficientNet-B0,23,23,100,18,0.18
column,l2,11,SimCLR EfficientNet-B0,24,24,100,16,0.16
column,l2,11,SimCLR EfficientNet-B0,25,25,100,23,0.23
column,l2,11,SimCLR EfficientNet-B0,26,26,100,13,0.13
column,l2,11,SimCLR EfficientNet-B0,27,27,100,19,0.19
column,l2,11,SimCLR EfficientNet-B0,28,28,100,15,0.15
column,l2,11,SimCLR EfficientNet-B0,29,29,100,17,0.17
column,l2,11,SimCLR EfficientNet-B0,30,30,100,13,0.13
column,l2,11,SimCLR EfficientNet-B0,31,31,100,14,0.14
column,l2,11,SimCLR EfficientNet-B0,32,32,100,14,0.14
column,l2,11,SimCLR EfficientNet-B0,33,33,100,19,0.19
column,l2,11,SimCLR EfficientNet-B0,34,34,100,21,0.21
column,l2,11,SimCLR EfficientNet-B0,35,35,100,14,0.14
column,l2,11,SimCLR EfficientNet-B0,36,36,100,14,0.14
column,l2,11,SimCLR EfficientNet-B0,37,37,100,14,0.14
column,l2,11,SimCLR EfficientNet-B0,38,38,100,18,0.18
column,l2,11,SimCLR EfficientNet-B0,39,39,100,14,0.14
column,l2,11,SimCLR EfficientNet-B0,40,40,100,10,0.1
column,l2,11,SimCLR EfficientNet-B0,41,41,100,16,0.16
column,l2,11,SimCLR EfficientNet-B0,42,42,100,16,0.16
column,l2,11,SimCLR EfficientNet-B0,43,43,100,20,0.2
column,l2,11,SimCLR EfficientNet-B0,44,44,100,14,0.14
column,l2,11,SimCLR EfficientNet-B0,45,45,100,16,0.16
column,l2,11,SimCLR EfficientNet-B0,46,46,100,16,0.16
column,l2,11,SimCLR EfficientNet-B0,47,47,100,14,0.14
column,l2,11,SimCLR EfficientNet-B0,48,48,100,12,0.12
column,l2,11,SimCLR EfficientNet-B0,49,49,100,19,0.19
column,l2,11,SimCLR EfficientNet-B0,50,50,100,19,0.19
column,l2,11,SimCLR EfficientNet-B0,51,51,100,19,0.19
column,l2,11,SimCLR EfficientNet-B0,52,52,100,13,0.13
column,l2,11,SimCLR EfficientNet-B0,53,53,100,20,0.2
column,l2,11,SimCLR EfficientNet-B0,54,54,100,20,0.2
column,l2,11,SimCLR EfficientNet-B0,55,55,100,15,0.15
column,l2,11,SimCLR EfficientNet-B0,56,56,100,16,0.16
column,l2,11,SimCLR EfficientNet-B0,57,57,100,17,0.17
column,l2,11,SimCLR EfficientNet-B0,58,58,100,16,0.16
column,l2,11,SimCLR EfficientNet-B0,59,59,100,21,0.21
column,l2,11,SimCLR EfficientNet-B0,60,60,100,23,0.23
column,l2,11,SimCLR EfficientNet-B0,61,61,100,12,0.12
column,l2,11,SimCLR EfficientNet-B0,62,62,100,16,0.16
column,l2,11,SimCLR EfficientNet-B0,63,63,100,15,0.15
column,l2,11,SimCLR EfficientNet-B0,64,64,100,16,0.16
column,l2,11,SimCLR EfficientNet-B0,65,65,100,16,0.16
column,l2,11,SimCLR EfficientNet-B0,66,66,100,16,0.16
column,l2,11,SimCLR EfficientNet-B0,67,67,100,19,0.19
column,l2,11,SimCLR EfficientNet-B0,68,68,100,13,0.13
column,l2,11,SimCLR EfficientNet-B0,69,69,100,23,0.23
column,l2,11,SimCLR EfficientNet-B0,70,70,100,15,0.15
column,l2,11,SimCLR EfficientNet-B0,71,71,100,21,0.21
column,l2,11,SimCLR EfficientNet-B0,72,72,100,12,0.12
column,l2,11,SimCLR EfficientNet-B0,73,73,100,15,0.15
column,l2,11,SimCLR EfficientNet-B0,74,74,100,18,0.18
column,l2,11,SimCLR EfficientNet-B0,75,75,100,17,0.17
column,l2,11,SimCLR EfficientNet-B0,76,76,100,11,0.11
column,l2,11,SimCLR EfficientNet-B0,77,77,100,17,0.17
column,l2,11,SimCLR EfficientNet-B0,78,78,100,17,0.17
column,l2,11,SimCLR EfficientNet-B0,79,79,100,20,0.2
column,l2,11,SimCLR EfficientNet-B0,80,80,100,23,0.23
column,l2,11,SimCLR EfficientNet-B0,81,81,100,25,0.25
column,l2,11,SimCLR EfficientNet-B0,82,82,100,21,0.21
column,l2,11,SimCLR EfficientNet-B0,83,83,100,19,0.19
column,l2,11,SimCLR EfficientNet-B0,84,84,100,17,0.17
column,l2,11,SimCLR EfficientNet-B0,85,85,100,18,0.18
column,l2,11,SimCLR EfficientNet-B0,86,86,100,16,0.16
column,l2,11,SimCLR EfficientNet-B0,87,87,100,17,0.17
column,l2,11,SimCLR EfficientNet-B0,88,88,100,23,0.23
column,l2,11,SimCLR EfficientNet-B0,89,89,100,18,0.18
column,l2,11,SimCLR EfficientNet-B0,90,90,100,17,0.17
column,l2,11,SimCLR EfficientNet-B0,91,91,100,17,0.17
column,l2,11,SimCLR EfficientNet-B0,92,92,100,21,0.21
column,l2,11,SimCLR EfficientNet-B0,93,93,100,13,0.13
column,l2,11,SimCLR EfficientNet-B0,94,94,100,15,0.15
column,l2,11,SimCLR EfficientNet-B0,95,95,100,16,0.16
column,l2,11,SimCLR EfficientNet-B0,96,96,100,20,0.2
column,l2,11,SimCLR EfficientNet-B0,97,97,100,15,0.15
column,l2,11,SimCLR EfficientNet-B0,98,98,100,12,0.12
column,l2,11,SimCLR EfficientNet-B0,99,99,100,13,0.13
column,l2,12,SimCLR RegNetY-400MF,0,0,100,0,0.0
column,l2,12,SimCLR RegNetY-400MF,1,1,100,0,0.0
column,l2,12,SimCLR RegNetY-400MF,2,2,100,0,0.0
column,l2,12,SimCLR RegNetY-400MF,3,3,100,0,0.0
column,l2,12,SimCLR RegNetY-400MF,4,4,100,0,0.0
column,l2,12,SimCLR RegNetY-400MF,5,5,100,0,0.0
column,l2,12,SimCLR RegNetY-400MF,6,6,100,0,0.0
column,l2,12,SimCLR RegNetY-400MF,7,7,100,0,0.0
column,l2,12,SimCLR RegNetY-400MF,8,8,100,0,0.0
column,l2,12,SimCLR RegNetY-400MF,9,9,100,0,0.0
column,l2,12,SimCLR RegNetY-400MF,10,10,100,0,0.0
column,l2,12,SimCLR RegNetY-400MF,11,11,100,0,0.0
column,l2,12,SimCLR RegNetY-400MF,12,12,100,0,0.0
column,l2,12,SimCLR RegNetY-400MF,13,13,100,0,0.0
column,l2,12,SimCLR RegNetY-400MF,14,14,100,0,0.0
column,l2,12,SimCLR RegNetY-400MF,15,15,100,0,0.0
column,l2,12,SimCLR RegNetY-400MF,16,16,100,0,0.0
column,l2,12,SimCLR RegNetY-400MF,17,17,100,0,0.0
column,l2,12,SimCLR RegNetY-400MF,18,18,100,0,0.0
column,l2,12,SimCLR RegNetY-400MF,19,19,100,0,0.0
column,l2,12,SimCLR RegNetY-400MF,20,20,100,0,0.0
column,l2,12,SimCLR RegNetY-400MF,21,21,100,0,0.0
column,l2,12,SimCLR RegNetY-400MF,22,22,100,0,0.0
column,l2,12,SimCLR RegNetY-400MF,23,23,100,0,0.0
column,l2,12,SimCLR RegNetY-400MF,24,24,100,0,0.0
column,l2,12,SimCLR RegNetY-400MF,25,25,100,0,0.0
column,l2,12,SimCLR RegNetY-400MF,26,26,100,0,0.0
column,l2,12,SimCLR RegNetY-400MF,27,27,100,0,0.0
column,l2,12,SimCLR RegNetY-400MF,28,28,100,0,0.0
column,l2,12,SimCLR RegNetY-400MF,29,29,100,0,0.0
column,l2,12,SimCLR RegNetY-400MF,30,30,100,0,0.0
column,l2,12,SimCLR RegNetY-400MF,31,31,100,0,0.0
column,l2,12,SimCLR RegNetY-400MF,32,32,100,0,0.0
column,l2,12,SimCLR RegNetY-400MF,33,33,100,0,0.0
column,l2,12,SimCLR RegNetY-400MF,34,34,100,0,0.0
column,l2,12,SimCLR RegNetY-400MF,35,35,100,0,0.0
column,l2,12,SimCLR RegNetY-400MF,36,36,100,0,0.0
column,l2,12,SimCLR RegNetY-400MF,37,37,100,0,0.0
column,l2,12,SimCLR RegNetY-400MF,38,38,100,0,0.0
column,l2,12,SimCLR RegNetY-400MF,39,39,100,0,0.0
column,l2,12,SimCLR RegNetY-400MF,40,40,100,0,0.0
column,l2,12,SimCLR RegNetY-400MF,41,41,100,0,0.0
column,l2,12,SimCLR RegNetY-400MF,42,42,100,0,0.0
column,l2,12,SimCLR RegNetY-400MF,43,43,100,0,0.0
column,l2,12,SimCLR RegNetY-400MF,44,44,100,0,0.0
column,l2,12,SimCLR RegNetY-400MF,45,45,100,0,0.0
column,l2,12,SimCLR RegNetY-400MF,46,46,100,0,0.0
column,l2,12,SimCLR RegNetY-400MF,47,47,100,0,0.0
column,l2,12,SimCLR RegNetY-400MF,48,48,100,0,0.0
column,l2,12,SimCLR RegNetY-400MF,49,49,100,0,0.0
column,l2,12,SimCLR RegNetY-400MF,50,50,100,0,0.0
column,l2,12,SimCLR RegNetY-400MF,51,51,100,0,0.0
column,l2,12,SimCLR RegNetY-400MF,52,52,100,0,0.0
column,l2,12,SimCLR RegNetY-400MF,53,53,100,0,0.0
column,l2,12,SimCLR RegNetY-400MF,54,54,100,0,0.0
column,l2,12,SimCLR RegNetY-400MF,55,55,100,0,0.0
column,l2,12,SimCLR RegNetY-400MF,56,56,100,0,0.0
column,l2,12,SimCLR RegNetY-400MF,57,57,100,0,0.0
column,l2,12,SimCLR RegNetY-400MF,58,58,100,0,0.0
column,l2,12,SimCLR RegNetY-400MF,59,59,100,0,0.0
column,l2,12,SimCLR RegNetY-400MF,60,60,100,0,0.0
column,l2,12,SimCLR RegNetY-400MF,61,61,100,0,0.0
column,l2,12,SimCLR RegNetY-400MF,62,62,100,0,0.0
column,l2,12,SimCLR RegNetY-400MF,63,63,100,0,0.0
column,l2,12,SimCLR RegNetY-400MF,64,64,100,0,0.0
column,l2,12,SimCLR RegNetY-400MF,65,65,100,0,0.0
column,l2,12,SimCLR RegNetY-400MF,66,66,100,0,0.0
column,l2,12,SimCLR RegNetY-400MF,67,67,100,0,0.0
column,l2,12,SimCLR RegNetY-400MF,68,68,100,0,0.0
column,l2,12,SimCLR RegNetY-400MF,69,69,100,0,0.0
column,l2,12,SimCLR RegNetY-400MF,70,70,100,0,0.0
column,l2,12,SimCLR RegNetY-400MF,71,71,100,0,0.0
column,l2,12,SimCLR RegNetY-400MF,72,72,100,0,0.0
column,l2,12,SimCLR RegNetY-400MF,73,73,100,0,0.0
column,l2,12,SimCLR RegNetY-400MF,74,74,100,0,0.0
column,l2,12,SimCLR RegNetY-400MF,75,75,100,0,0.0
column,l2,12,SimCLR RegNetY-400MF,76,76,100,0,0.0
column,l2,12,SimCLR RegNetY-400MF,77,77,100,0,0.0
column,l2,12,SimCLR RegNetY-400MF,78,78,100,0,0.0
column,l2,12,SimCLR RegNetY-400MF,79,79,100,0,0.0
column,l2,12,SimCLR RegNetY-400MF,80,80,100,0,0.0
column,l2,12,SimCLR RegNetY-400MF,81,81,100,0,0.0
column,l2,12,SimCLR RegNetY-400MF,82,82,100,0,0.0
column,l2,12,SimCLR RegNetY-400MF,83,83,100,0,0.0
column,l2,12,SimCLR RegNetY-400MF,84,84,100,0,0.0
column,l2,12,SimCLR RegNetY-400MF,85,85,100,0,0.0
column,l2,12,SimCLR RegNetY-400MF,86,86,100,0,0.0
column,l2,12,SimCLR RegNetY-400MF,87,87,100,0,0.0
column,l2,12,SimCLR RegNetY-400MF,88,88,100,0,0.0
column,l2,12,SimCLR RegNetY-400MF,89,89,100,0,0.0
column,l2,12,SimCLR RegNetY-400MF,90,90,100,0,0.0
column,l2,12,SimCLR RegNetY-400MF,91,91,100,0,0.0
column,l2,12,SimCLR RegNetY-400MF,92,92,100,0,0.0
column,l2,12,SimCLR RegNetY-400MF,93,93,100,0,0.0
column,l2,12,SimCLR RegNetY-400MF,94,94,100,0,0.0
column,l2,12,SimCLR RegNetY-400MF,95,95,100,0,0.0
column,l2,12,SimCLR RegNetY-400MF,96,96,100,0,0.0
column,l2,12,SimCLR RegNetY-400MF,97,97,100,0,0.0
column,l2,12,SimCLR RegNetY-400MF,98,98,100,0,0.0
column,l2,12,SimCLR RegNetY-400MF,99,99,100,0,0.0
column,l2,13,SimCLR WideResNet-50-2,0,0,100,27,0.27
column,l2,13,SimCLR WideResNet-50-2,1,1,100,30,0.3
column,l2,13,SimCLR WideResNet-50-2,2,2,100,36,0.36
column,l2,13,SimCLR WideResNet-50-2,3,3,100,40,0.4
column,l2,13,SimCLR WideResNet-50-2,4,4,100,42,0.42
column,l2,13,SimCLR WideResNet-50-2,5,5,100,38,0.38
column,l2,13,SimCLR WideResNet-50-2,6,6,100,36,0.36
column,l2,13,SimCLR WideResNet-50-2,7,7,100,27,0.27
column,l2,13,SimCLR WideResNet-50-2,8,8,100,30,0.3
column,l2,13,SimCLR WideResNet-50-2,9,9,100,33,0.33
column,l2,13,SimCLR WideResNet-50-2,10,10,100,31,0.31
column,l2,13,SimCLR WideResNet-50-2,11,11,100,25,0.25
column,l2,13,SimCLR WideResNet-50-2,12,12,100,39,0.39
column,l2,13,SimCLR WideResNet-50-2,13,13,100,30,0.3
column,l2,13,SimCLR WideResNet-50-2,14,14,100,32,0.32
column,l2,13,SimCLR WideResNet-50-2,15,15,100,28,0.28
column,l2,13,SimCLR WideResNet-50-2,16,16,100,28,0.28
column,l2,13,SimCLR WideResNet-50-2,17,17,100,33,0.33
column,l2,13,SimCLR WideResNet-50-2,18,18,100,28,0.28
column,l2,13,SimCLR WideResNet-50-2,19,19,100,31,0.31
column,l2,13,SimCLR WideResNet-50-2,20,20,100,25,0.25
column,l2,13,SimCLR WideResNet-50-2,21,21,100,36,0.36
column,l2,13,SimCLR WideResNet-50-2,22,22,100,35,0.35
column,l2,13,SimCLR WideResNet-50-2,23,23,100,28,0.28
column,l2,13,SimCLR WideResNet-50-2,24,24,100,26,0.26
column,l2,13,SimCLR WideResNet-50-2,25,25,100,32,0.32
column,l2,13,SimCLR WideResNet-50-2,26,26,100,40,0.4
column,l2,13,SimCLR WideResNet-50-2,27,27,100,35,0.35
column,l2,13,SimCLR WideResNet-50-2,28,28,100,39,0.39
column,l2,13,SimCLR WideResNet-50-2,29,29,100,35,0.35
column,l2,13,SimCLR WideResNet-50-2,30,30,100,40,0.4
column,l2,13,SimCLR WideResNet-50-2,31,31,100,28,0.28
column,l2,13,SimCLR WideResNet-50-2,32,32,100,37,0.37
column,l2,13,SimCLR WideResNet-50-2,33,33,100,28,0.28
column,l2,13,SimCLR WideResNet-50-2,34,34,100,34,0.34
column,l2,13,SimCLR WideResNet-50-2,35,35,100,32,0.32
column,l2,13,SimCLR WideResNet-50-2,36,36,100,29,0.29
column,l2,13,SimCLR WideResNet-50-2,37,37,100,28,0.28
column,l2,13,SimCLR WideResNet-50-2,38,38,100,25,0.25
column,l2,13,SimCLR WideResNet-50-2,39,39,100,30,0.3
column,l2,13,SimCLR WideResNet-50-2,40,40,100,35,0.35
column,l2,13,SimCLR WideResNet-50-2,41,41,100,35,0.35
column,l2,13,SimCLR WideResNet-50-2,42,42,100,39,0.39
column,l2,13,SimCLR WideResNet-50-2,43,43,100,33,0.33
column,l2,13,SimCLR WideResNet-50-2,44,44,100,31,0.31
column,l2,13,SimCLR WideResNet-50-2,45,45,100,46,0.46
column,l2,13,SimCLR WideResNet-50-2,46,46,100,39,0.39
column,l2,13,SimCLR WideResNet-50-2,47,47,100,40,0.4
column,l2,13,SimCLR WideResNet-50-2,48,48,100,37,0.37
column,l2,13,SimCLR WideResNet-50-2,49,49,100,38,0.38
column,l2,13,SimCLR WideResNet-50-2,50,50,100,40,0.4
column,l2,13,SimCLR WideResNet-50-2,51,51,100,29,0.29
column,l2,13,SimCLR WideResNet-50-2,52,52,100,40,0.4
column,l2,13,SimCLR WideResNet-50-2,53,53,100,33,0.33
column,l2,13,SimCLR WideResNet-50-2,54,54,100,34,0.34
column,l2,13,SimCLR WideResNet-50-2,55,55,100,44,0.44
column,l2,13,SimCLR WideResNet-50-2,56,56,100,34,0.34
column,l2,13,SimCLR WideResNet-50-2,57,57,100,36,0.36
column,l2,13,SimCLR WideResNet-50-2,58,58,100,34,0.34
column,l2,13,SimCLR WideResNet-50-2,59,59,100,26,0.26
column,l2,13,SimCLR WideResNet-50-2,60,60,100,33,0.33
column,l2,13,SimCLR WideResNet-50-2,61,61,100,39,0.39
column,l2,13,SimCLR WideResNet-50-2,62,62,100,35,0.35
column,l2,13,SimCLR WideResNet-50-2,63,63,100,36,0.36
column,l2,13,SimCLR WideResNet-50-2,64,64,100,28,0.28
column,l2,13,SimCLR WideResNet-50-2,65,65,100,26,0.26
column,l2,13,SimCLR WideResNet-50-2,66,66,100,38,0.38
column,l2,13,SimCLR WideResNet-50-2,67,67,100,33,0.33
column,l2,13,SimCLR WideResNet-50-2,68,68,100,38,0.38
column,l2,13,SimCLR WideResNet-50-2,69,69,100,37,0.37
column,l2,13,SimCLR WideResNet-50-2,70,70,100,33,0.33
column,l2,13,SimCLR WideResNet-50-2,71,71,100,32,0.32
column,l2,13,SimCLR WideResNet-50-2,72,72,100,32,0.32
column,l2,13,SimCLR WideResNet-50-2,73,73,100,27,0.27
column,l2,13,SimCLR WideResNet-50-2,74,74,100,32,0.32
column,l2,13,SimCLR WideResNet-50-2,75,75,100,38,0.38
column,l2,13,SimCLR WideResNet-50-2,76,76,100,35,0.35
column,l2,13,SimCLR WideResNet-50-2,77,77,100,35,0.35
column,l2,13,SimCLR WideResNet-50-2,78,78,100,35,0.35
column,l2,13,SimCLR WideResNet-50-2,79,79,100,36,0.36
column,l2,13,SimCLR WideResNet-50-2,80,80,100,34,0.34
column,l2,13,SimCLR WideResNet-50-2,81,81,100,33,0.33
column,l2,13,SimCLR WideResNet-50-2,82,82,100,36,0.36
column,l2,13,SimCLR WideResNet-50-2,83,83,100,33,0.33
column,l2,13,SimCLR WideResNet-50-2,84,84,100,41,0.41
column,l2,13,SimCLR WideResNet-50-2,85,85,100,27,0.27
column,l2,13,SimCLR WideResNet-50-2,86,86,100,40,0.4
column,l2,13,SimCLR WideResNet-50-2,87,87,100,28,0.28
column,l2,13,SimCLR WideResNet-50-2,88,88,100,38,0.38
column,l2,13,SimCLR WideResNet-50-2,89,89,100,22,0.22
column,l2,13,SimCLR WideResNet-50-2,90,90,100,33,0.33
column,l2,13,SimCLR WideResNet-50-2,91,91,100,36,0.36
column,l2,13,SimCLR WideResNet-50-2,92,92,100,26,0.26
column,l2,13,SimCLR WideResNet-50-2,93,93,100,26,0.26
column,l2,13,SimCLR WideResNet-50-2,94,94,100,38,0.38
column,l2,13,SimCLR WideResNet-50-2,95,95,100,23,0.23
column,l2,13,SimCLR WideResNet-50-2,96,96,100,28,0.28
column,l2,13,SimCLR WideResNet-50-2,97,97,100,31,0.31
column,l2,13,SimCLR WideResNet-50-2,98,98,100,31,0.31
column,l2,13,SimCLR WideResNet-50-2,99,99,100,29,0.29
column,l2,14,SimCLR MobileNetV2,0,0,100,100,1.0
column,l2,14,SimCLR MobileNetV2,1,1,100,100,1.0
column,l2,14,SimCLR MobileNetV2,2,2,100,100,1.0
column,l2,14,SimCLR MobileNetV2,3,3,100,100,1.0
column,l2,14,SimCLR MobileNetV2,4,4,100,100,1.0
column,l2,14,SimCLR MobileNetV2,5,5,100,100,1.0
column,l2,14,SimCLR MobileNetV2,6,6,100,100,1.0
column,l2,14,SimCLR MobileNetV2,7,7,100,100,1.0
column,l2,14,SimCLR MobileNetV2,8,8,100,100,1.0
column,l2,14,SimCLR MobileNetV2,9,9,100,100,1.0
column,l2,14,SimCLR MobileNetV2,10,10,100,100,1.0
column,l2,14,SimCLR MobileNetV2,11,11,100,100,1.0
column,l2,14,SimCLR MobileNetV2,12,12,100,100,1.0
column,l2,14,SimCLR MobileNetV2,13,13,100,100,1.0
column,l2,14,SimCLR MobileNetV2,14,14,100,100,1.0
column,l2,14,SimCLR MobileNetV2,15,15,100,100,1.0
column,l2,14,SimCLR MobileNetV2,16,16,100,100,1.0
column,l2,14,SimCLR MobileNetV2,17,17,100,100,1.0
column,l2,14,SimCLR MobileNetV2,18,18,100,100,1.0
column,l2,14,SimCLR MobileNetV2,19,19,100,100,1.0
column,l2,14,SimCLR MobileNetV2,20,20,100,100,1.0
column,l2,14,SimCLR MobileNetV2,21,21,100,100,1.0
column,l2,14,SimCLR MobileNetV2,22,22,100,100,1.0
column,l2,14,SimCLR MobileNetV2,23,23,100,100,1.0
column,l2,14,SimCLR MobileNetV2,24,24,100,100,1.0
column,l2,14,SimCLR MobileNetV2,25,25,100,100,1.0
column,l2,14,SimCLR MobileNetV2,26,26,100,100,1.0
column,l2,14,SimCLR MobileNetV2,27,27,100,100,1.0
column,l2,14,SimCLR MobileNetV2,28,28,100,100,1.0
column,l2,14,SimCLR MobileNetV2,29,29,100,100,1.0
column,l2,14,SimCLR MobileNetV2,30,30,100,100,1.0
column,l2,14,SimCLR MobileNetV2,31,31,100,100,1.0
column,l2,14,SimCLR MobileNetV2,32,32,100,100,1.0
column,l2,14,SimCLR MobileNetV2,33,33,100,100,1.0
column,l2,14,SimCLR MobileNetV2,34,34,100,100,1.0
column,l2,14,SimCLR MobileNetV2,35,35,100,100,1.0
column,l2,14,SimCLR MobileNetV2,36,36,100,100,1.0
column,l2,14,SimCLR MobileNetV2,37,37,100,100,1.0
column,l2,14,SimCLR MobileNetV2,38,38,100,100,1.0
column,l2,14,SimCLR MobileNetV2,39,39,100,100,1.0
column,l2,14,SimCLR MobileNetV2,40,40,100,100,1.0
column,l2,14,SimCLR MobileNetV2,41,41,100,100,1.0
column,l2,14,SimCLR MobileNetV2,42,42,100,100,1.0
column,l2,14,SimCLR MobileNetV2,43,43,100,100,1.0
column,l2,14,SimCLR MobileNetV2,44,44,100,100,1.0
column,l2,14,SimCLR MobileNetV2,45,45,100,100,1.0
column,l2,14,SimCLR MobileNetV2,46,46,100,100,1.0
column,l2,14,SimCLR MobileNetV2,47,47,100,100,1.0
column,l2,14,SimCLR MobileNetV2,48,48,100,100,1.0
column,l2,14,SimCLR MobileNetV2,49,49,100,100,1.0
column,l2,14,SimCLR MobileNetV2,50,50,100,100,1.0
column,l2,14,SimCLR MobileNetV2,51,51,100,100,1.0
column,l2,14,SimCLR MobileNetV2,52,52,100,100,1.0
column,l2,14,SimCLR MobileNetV2,53,53,100,100,1.0
column,l2,14,SimCLR MobileNetV2,54,54,100,100,1.0
column,l2,14,SimCLR MobileNetV2,55,55,100,100,1.0
column,l2,14,SimCLR MobileNetV2,56,56,100,100,1.0
column,l2,14,SimCLR MobileNetV2,57,57,100,100,1.0
column,l2,14,SimCLR MobileNetV2,58,58,100,100,1.0
column,l2,14,SimCLR MobileNetV2,59,59,100,100,1.0
column,l2,14,SimCLR MobileNetV2,60,60,100,100,1.0
column,l2,14,SimCLR MobileNetV2,61,61,100,100,1.0
column,l2,14,SimCLR MobileNetV2,62,62,100,100,1.0
column,l2,14,SimCLR MobileNetV2,63,63,100,100,1.0
column,l2,14,SimCLR MobileNetV2,64,64,100,100,1.0
column,l2,14,SimCLR MobileNetV2,65,65,100,100,1.0
column,l2,14,SimCLR MobileNetV2,66,66,100,100,1.0
column,l2,14,SimCLR MobileNetV2,67,67,100,100,1.0
column,l2,14,SimCLR MobileNetV2,68,68,100,100,1.0
column,l2,14,SimCLR MobileNetV2,69,69,100,100,1.0
column,l2,14,SimCLR MobileNetV2,70,70,100,100,1.0
column,l2,14,SimCLR MobileNetV2,71,71,100,100,1.0
column,l2,14,SimCLR MobileNetV2,72,72,100,100,1.0
column,l2,14,SimCLR MobileNetV2,73,73,100,100,1.0
column,l2,14,SimCLR MobileNetV2,74,74,100,100,1.0
column,l2,14,SimCLR MobileNetV2,75,75,100,100,1.0
column,l2,14,SimCLR MobileNetV2,76,76,100,100,1.0
column,l2,14,SimCLR MobileNetV2,77,77,100,100,1.0
column,l2,14,SimCLR MobileNetV2,78,78,100,100,1.0
column,l2,14,SimCLR MobileNetV2,79,79,100,100,1.0
column,l2,14,SimCLR MobileNetV2,80,80,100,100,1.0
column,l2,14,SimCLR MobileNetV2,81,81,100,100,1.0
column,l2,14,SimCLR MobileNetV2,82,82,100,100,1.0
column,l2,14,SimCLR MobileNetV2,83,83,100,100,1.0
column,l2,14,SimCLR MobileNetV2,84,84,100,100,1.0
column,l2,14,SimCLR MobileNetV2,85,85,100,100,1.0
column,l2,14,SimCLR MobileNetV2,86,86,100,100,1.0
column,l2,14,SimCLR MobileNetV2,87,87,100,100,1.0
column,l2,14,SimCLR MobileNetV2,88,88,100,100,1.0
column,l2,14,SimCLR MobileNetV2,89,89,100,100,1.0
column,l2,14,SimCLR MobileNetV2,90,90,100,100,1.0
column,l2,14,SimCLR MobileNetV2,91,91,100,100,1.0
column,l2,14,SimCLR MobileNetV2,92,92,100,100,1.0
column,l2,14,SimCLR MobileNetV2,93,93,100,100,1.0
column,l2,14,SimCLR MobileNetV2,94,94,100,100,1.0
column,l2,14,SimCLR MobileNetV2,95,95,100,100,1.0
column,l2,14,SimCLR MobileNetV2,96,96,100,100,1.0
column,l2,14,SimCLR MobileNetV2,97,97,100,100,1.0
column,l2,14,SimCLR MobileNetV2,98,98,100,100,1.0
column,l2,14,SimCLR MobileNetV2,99,99,100,100,1.0
column,l2,15,SimCLR Swin-Tiny,0,0,100,0,0.0
column,l2,15,SimCLR Swin-Tiny,1,1,100,0,0.0
column,l2,15,SimCLR Swin-Tiny,2,2,100,0,0.0
column,l2,15,SimCLR Swin-Tiny,3,3,100,0,0.0
column,l2,15,SimCLR Swin-Tiny,4,4,100,0,0.0
column,l2,15,SimCLR Swin-Tiny,5,5,100,0,0.0
column,l2,15,SimCLR Swin-Tiny,6,6,100,0,0.0
column,l2,15,SimCLR Swin-Tiny,7,7,100,0,0.0
column,l2,15,SimCLR Swin-Tiny,8,8,100,0,0.0
column,l2,15,SimCLR Swin-Tiny,9,9,100,0,0.0
column,l2,15,SimCLR Swin-Tiny,10,10,100,0,0.0
column,l2,15,SimCLR Swin-Tiny,11,11,100,0,0.0
column,l2,15,SimCLR Swin-Tiny,12,12,100,0,0.0
column,l2,15,SimCLR Swin-Tiny,13,13,100,0,0.0
column,l2,15,SimCLR Swin-Tiny,14,14,100,0,0.0
column,l2,15,SimCLR Swin-Tiny,15,15,100,0,0.0
column,l2,15,SimCLR Swin-Tiny,16,16,100,0,0.0
column,l2,15,SimCLR Swin-Tiny,17,17,100,0,0.0
column,l2,15,SimCLR Swin-Tiny,18,18,100,0,0.0
column,l2,15,SimCLR Swin-Tiny,19,19,100,0,0.0
column,l2,15,SimCLR Swin-Tiny,20,20,100,0,0.0
column,l2,15,SimCLR Swin-Tiny,21,21,100,0,0.0
column,l2,15,SimCLR Swin-Tiny,22,22,100,0,0.0
column,l2,15,SimCLR Swin-Tiny,23,23,100,0,0.0
column,l2,15,SimCLR Swin-Tiny,24,24,100,0,0.0
column,l2,15,SimCLR Swin-Tiny,25,25,100,0,0.0
column,l2,15,SimCLR Swin-Tiny,26,26,100,0,0.0
column,l2,15,SimCLR Swin-Tiny,27,27,100,0,0.0
column,l2,15,SimCLR Swin-Tiny,28,28,100,0,0.0
column,l2,15,SimCLR Swin-Tiny,29,29,100,0,0.0
column,l2,15,SimCLR Swin-Tiny,30,30,100,0,0.0
column,l2,15,SimCLR Swin-Tiny,31,31,100,0,0.0
column,l2,15,SimCLR Swin-Tiny,32,32,100,0,0.0
column,l2,15,SimCLR Swin-Tiny,33,33,100,0,0.0
column,l2,15,SimCLR Swin-Tiny,34,34,100,0,0.0
column,l2,15,SimCLR Swin-Tiny,35,35,100,0,0.0
column,l2,15,SimCLR Swin-Tiny,36,36,100,0,0.0
column,l2,15,SimCLR Swin-Tiny,37,37,100,0,0.0
column,l2,15,SimCLR Swin-Tiny,38,38,100,0,0.0
column,l2,15,SimCLR Swin-Tiny,39,39,100,0,0.0
column,l2,15,SimCLR Swin-Tiny,40,40,100,0,0.0
column,l2,15,SimCLR Swin-Tiny,41,41,100,0,0.0
column,l2,15,SimCLR Swin-Tiny,42,42,100,0,0.0
column,l2,15,SimCLR Swin-Tiny,43,43,100,0,0.0
column,l2,15,SimCLR Swin-Tiny,44,44,100,0,0.0
column,l2,15,SimCLR Swin-Tiny,45,45,100,0,0.0
column,l2,15,SimCLR Swin-Tiny,46,46,100,0,0.0
column,l2,15,SimCLR Swin-Tiny,47,47,100,0,0.0
column,l2,15,SimCLR Swin-Tiny,48,48,100,0,0.0
column,l2,15,SimCLR Swin-Tiny,49,49,100,0,0.0
column,l2,15,SimCLR Swin-Tiny,50,50,100,0,0.0
column,l2,15,SimCLR Swin-Tiny,51,51,100,0,0.0
column,l2,15,SimCLR Swin-Tiny,52,52,100,0,0.0
column,l2,15,SimCLR Swin-Tiny,53,53,100,0,0.0
column,l2,15,SimCLR Swin-Tiny,54,54,100,0,0.0
column,l2,15,SimCLR Swin-Tiny,55,55,100,0,0.0
column,l2,15,SimCLR Swin-Tiny,56,56,100,0,0.0
column,l2,15,SimCLR Swin-Tiny,57,57,100,0,0.0
column,l2,15,SimCLR Swin-Tiny,58,58,100,0,0.0
column,l2,15,SimCLR Swin-Tiny,59,59,100,0,0.0
column,l2,15,SimCLR Swin-Tiny,60,60,100,0,0.0
column,l2,15,SimCLR Swin-Tiny,61,61,100,0,0.0
column,l2,15,SimCLR Swin-Tiny,62,62,100,0,0.0
column,l2,15,SimCLR Swin-Tiny,63,63,100,0,0.0
column,l2,15,SimCLR Swin-Tiny,64,64,100,0,0.0
column,l2,15,SimCLR Swin-Tiny,65,65,100,0,0.0
column,l2,15,SimCLR Swin-Tiny,66,66,100,0,0.0
column,l2,15,SimCLR Swin-Tiny,67,67,100,0,0.0
column,l2,15,SimCLR Swin-Tiny,68,68,100,0,0.0
column,l2,15,SimCLR Swin-Tiny,69,69,100,0,0.0
column,l2,15,SimCLR Swin-Tiny,70,70,100,0,0.0
column,l2,15,SimCLR Swin-Tiny,71,71,100,0,0.0
column,l2,15,SimCLR Swin-Tiny,72,72,100,0,0.0
column,l2,15,SimCLR Swin-Tiny,73,73,100,0,0.0
column,l2,15,SimCLR Swin-Tiny,74,74,100,0,0.0
column,l2,15,SimCLR Swin-Tiny,75,75,100,0,0.0
column,l2,15,SimCLR Swin-Tiny,76,76,100,0,0.0
column,l2,15,SimCLR Swin-Tiny,77,77,100,0,0.0
column,l2,15,SimCLR Swin-Tiny,78,78,100,0,0.0
column,l2,15,SimCLR Swin-Tiny,79,79,100,0,0.0
column,l2,15,SimCLR Swin-Tiny,80,80,100,0,0.0
column,l2,15,SimCLR Swin-Tiny,81,81,100,0,0.0
column,l2,15,SimCLR Swin-Tiny,82,82,100,0,0.0
column,l2,15,SimCLR Swin-Tiny,83,83,100,0,0.0
column,l2,15,SimCLR Swin-Tiny,84,84,100,0,0.0
column,l2,15,SimCLR Swin-Tiny,85,85,100,0,0.0
column,l2,15,SimCLR Swin-Tiny,86,86,100,0,0.0
column,l2,15,SimCLR Swin-Tiny,87,87,100,0,0.0
column,l2,15,SimCLR Swin-Tiny,88,88,100,0,0.0
column,l2,15,SimCLR Swin-Tiny,89,89,100,0,0.0
column,l2,15,SimCLR Swin-Tiny,90,90,100,0,0.0
column,l2,15,SimCLR Swin-Tiny,91,91,100,0,0.0
column,l2,15,SimCLR Swin-Tiny,92,92,100,0,0.0
column,l2,15,SimCLR Swin-Tiny,93,93,100,0,0.0
column,l2,15,SimCLR Swin-Tiny,94,94,100,0,0.0
column,l2,15,SimCLR Swin-Tiny,95,95,100,0,0.0
column,l2,15,SimCLR Swin-Tiny,96,96,100,0,0.0
column,l2,15,SimCLR Swin-Tiny,97,97,100,0,0.0
column,l2,15,SimCLR Swin-Tiny,98,98,100,0,0.0
column,l2,15,SimCLR Swin-Tiny,99,99,100,0,0.0
row,cosine,0,CIFAR-10,0,0,100,0,0.0
row,cosine,0,CIFAR-10,1,1,100,0,0.0
row,cosine,0,CIFAR-10,2,2,100,0,0.0
row,cosine,0,CIFAR-10,3,3,100,0,0.0
row,cosine,0,CIFAR-10,4,4,100,0,0.0
row,cosine,0,CIFAR-10,5,5,100,0,0.0
row,cosine,0,CIFAR-10,6,6,100,0,0.0
row,cosine,0,CIFAR-10,7,7,100,0,0.0
row,cosine,0,CIFAR-10,8,8,100,0,0.0
row,cosine,0,CIFAR-10,9,9,100,0,0.0
row,cosine,0,CIFAR-10,10,10,100,0,0.0
row,cosine,0,CIFAR-10,11,11,100,0,0.0
row,cosine,0,CIFAR-10,12,12,100,0,0.0
row,cosine,0,CIFAR-10,13,13,100,0,0.0
row,cosine,0,CIFAR-10,14,14,100,0,0.0
row,cosine,0,CIFAR-10,15,15,100,0,0.0
row,cosine,0,CIFAR-10,16,16,100,0,0.0
row,cosine,0,CIFAR-10,17,17,100,0,0.0
row,cosine,0,CIFAR-10,18,18,100,0,0.0
row,cosine,0,CIFAR-10,19,19,100,0,0.0
row,cosine,0,CIFAR-10,20,20,100,0,0.0
row,cosine,0,CIFAR-10,21,21,100,0,0.0
row,cosine,0,CIFAR-10,22,22,100,0,0.0
row,cosine,0,CIFAR-10,23,23,100,0,0.0
row,cosine,0,CIFAR-10,24,24,100,0,0.0
row,cosine,0,CIFAR-10,25,25,100,0,0.0
row,cosine,0,CIFAR-10,26,26,100,0,0.0
row,cosine,0,CIFAR-10,27,27,100,0,0.0
row,cosine,0,CIFAR-10,28,28,100,0,0.0
row,cosine,0,CIFAR-10,29,29,100,0,0.0
row,cosine,0,CIFAR-10,30,30,100,0,0.0
row,cosine,0,CIFAR-10,31,31,100,0,0.0
row,cosine,0,CIFAR-10,32,32,100,0,0.0
row,cosine,0,CIFAR-10,33,33,100,0,0.0
row,cosine,0,CIFAR-10,34,34,100,0,0.0
row,cosine,0,CIFAR-10,35,35,100,0,0.0
row,cosine,0,CIFAR-10,36,36,100,0,0.0
row,cosine,0,CIFAR-10,37,37,100,0,0.0
row,cosine,0,CIFAR-10,38,38,100,0,0.0
row,cosine,0,CIFAR-10,39,39,100,0,0.0
row,cosine,0,CIFAR-10,40,40,100,0,0.0
row,cosine,0,CIFAR-10,41,41,100,0,0.0
row,cosine,0,CIFAR-10,42,42,100,0,0.0
row,cosine,0,CIFAR-10,43,43,100,0,0.0
row,cosine,0,CIFAR-10,44,44,100,0,0.0
row,cosine,0,CIFAR-10,45,45,100,0,0.0
row,cosine,0,CIFAR-10,46,46,100,0,0.0
row,cosine,0,CIFAR-10,47,47,100,0,0.0
row,cosine,0,CIFAR-10,48,48,100,0,0.0
row,cosine,0,CIFAR-10,49,49,100,0,0.0
row,cosine,0,CIFAR-10,50,50,100,0,0.0
row,cosine,0,CIFAR-10,51,51,100,0,0.0
row,cosine,0,CIFAR-10,52,52,100,0,0.0
row,cosine,0,CIFAR-10,53,53,100,0,0.0
row,cosine,0,CIFAR-10,54,54,100,0,0.0
row,cosine,0,CIFAR-10,55,55,100,0,0.0
row,cosine,0,CIFAR-10,56,56,100,0,0.0
row,cosine,0,CIFAR-10,57,57,100,0,0.0
row,cosine,0,CIFAR-10,58,58,100,0,0.0
row,cosine,0,CIFAR-10,59,59,100,0,0.0
row,cosine,0,CIFAR-10,60,60,100,0,0.0
row,cosine,0,CIFAR-10,61,61,100,0,0.0
row,cosine,0,CIFAR-10,62,62,100,0,0.0
row,cosine,0,CIFAR-10,63,63,100,0,0.0
row,cosine,0,CIFAR-10,64,64,100,0,0.0
row,cosine,0,CIFAR-10,65,65,100,0,0.0
row,cosine,0,CIFAR-10,66,66,100,0,0.0
row,cosine,0,CIFAR-10,67,67,100,0,0.0
row,cosine,0,CIFAR-10,68,68,100,0,0.0
row,cosine,0,CIFAR-10,69,69,100,0,0.0
row,cosine,0,CIFAR-10,70,70,100,0,0.0
row,cosine,0,CIFAR-10,71,71,100,0,0.0
row,cosine,0,CIFAR-10,72,72,100,0,0.0
row,cosine,0,CIFAR-10,73,73,100,0,0.0
row,cosine,0,CIFAR-10,74,74,100,0,0.0
row,cosine,0,CIFAR-10,75,75,100,0,0.0
row,cosine,0,CIFAR-10,76,76,100,0,0.0
row,cosine,0,CIFAR-10,77,77,100,0,0.0
row,cosine,0,CIFAR-10,78,78,100,0,0.0
row,cosine,0,CIFAR-10,79,79,100,0,0.0
row,cosine,0,CIFAR-10,80,80,100,0,0.0
row,cosine,0,CIFAR-10,81,81,100,0,0.0
row,cosine,0,CIFAR-10,82,82,100,0,0.0
row,cosine,0,CIFAR-10,83,83,100,0,0.0
row,cosine,0,CIFAR-10,84,84,100,0,0.0
row,cosine,0,CIFAR-10,85,85,100,0,0.0
row,cosine,0,CIFAR-10,86,86,100,0,0.0
row,cosine,0,CIFAR-10,87,87,100,0,0.0
row,cosine,0,CIFAR-10,88,88,100,0,0.0
row,cosine,0,CIFAR-10,89,89,100,0,0.0
row,cosine,0,CIFAR-10,90,90,100,0,0.0
row,cosine,0,CIFAR-10,91,91,100,0,0.0
row,cosine,0,CIFAR-10,92,92,100,0,0.0
row,cosine,0,CIFAR-10,93,93,100,0,0.0
row,cosine,0,CIFAR-10,94,94,100,0,0.0
row,cosine,0,CIFAR-10,95,95,100,0,0.0
row,cosine,0,CIFAR-10,96,96,100,0,0.0
row,cosine,0,CIFAR-10,97,97,100,0,0.0
row,cosine,0,CIFAR-10,98,98,100,0,0.0
row,cosine,0,CIFAR-10,99,99,100,0,0.0
row,cosine,1,MNIST,0,0,100,0,0.0
row,cosine,1,MNIST,1,1,100,0,0.0
row,cosine,1,MNIST,2,2,100,0,0.0
row,cosine,1,MNIST,3,3,100,0,0.0
row,cosine,1,MNIST,4,4,100,0,0.0
row,cosine,1,MNIST,5,5,100,0,0.0
row,cosine,1,MNIST,6,6,100,0,0.0
row,cosine,1,MNIST,7,7,100,0,0.0
row,cosine,1,MNIST,8,8,100,0,0.0
row,cosine,1,MNIST,9,9,100,0,0.0
row,cosine,1,MNIST,10,10,100,0,0.0
row,cosine,1,MNIST,11,11,100,0,0.0
row,cosine,1,MNIST,12,12,100,0,0.0
row,cosine,1,MNIST,13,13,100,0,0.0
row,cosine,1,MNIST,14,14,100,0,0.0
row,cosine,1,MNIST,15,15,100,0,0.0
row,cosine,1,MNIST,16,16,100,0,0.0
row,cosine,1,MNIST,17,17,100,0,0.0
row,cosine,1,MNIST,18,18,100,0,0.0
row,cosine,1,MNIST,19,19,100,0,0.0
row,cosine,1,MNIST,20,20,100,0,0.0
row,cosine,1,MNIST,21,21,100,0,0.0
row,cosine,1,MNIST,22,22,100,0,0.0
row,cosine,1,MNIST,23,23,100,0,0.0
row,cosine,1,MNIST,24,24,100,0,0.0
row,cosine,1,MNIST,25,25,100,0,0.0
row,cosine,1,MNIST,26,26,100,0,0.0
row,cosine,1,MNIST,27,27,100,0,0.0
row,cosine,1,MNIST,28,28,100,0,0.0
row,cosine,1,MNIST,29,29,100,0,0.0
row,cosine,1,MNIST,30,30,100,0,0.0
row,cosine,1,MNIST,31,31,100,0,0.0
row,cosine,1,MNIST,32,32,100,0,0.0
row,cosine,1,MNIST,33,33,100,0,0.0
row,cosine,1,MNIST,34,34,100,0,0.0
row,cosine,1,MNIST,35,35,100,0,0.0
row,cosine,1,MNIST,36,36,100,0,0.0
row,cosine,1,MNIST,37,37,100,0,0.0
row,cosine,1,MNIST,38,38,100,0,0.0
row,cosine,1,MNIST,39,39,100,0,0.0
row,cosine,1,MNIST,40,40,100,0,0.0
row,cosine,1,MNIST,41,41,100,0,0.0
row,cosine,1,MNIST,42,42,100,0,0.0
row,cosine,1,MNIST,43,43,100,0,0.0
row,cosine,1,MNIST,44,44,100,0,0.0
row,cosine,1,MNIST,45,45,100,0,0.0
row,cosine,1,MNIST,46,46,100,0,0.0
row,cosine,1,MNIST,47,47,100,0,0.0
row,cosine,1,MNIST,48,48,100,0,0.0
row,cosine,1,MNIST,49,49,100,0,0.0
row,cosine,1,MNIST,50,50,100,0,0.0
row,cosine,1,MNIST,51,51,100,0,0.0
row,cosine,1,MNIST,52,52,100,0,0.0
row,cosine,1,MNIST,53,53,100,0,0.0
row,cosine,1,MNIST,54,54,100,0,0.0
row,cosine,1,MNIST,55,55,100,0,0.0
row,cosine,1,MNIST,56,56,100,0,0.0
row,cosine,1,MNIST,57,57,100,0,0.0
row,cosine,1,MNIST,58,58,100,0,0.0
row,cosine,1,MNIST,59,59,100,0,0.0
row,cosine,1,MNIST,60,60,100,0,0.0
row,cosine,1,MNIST,61,61,100,0,0.0
row,cosine,1,MNIST,62,62,100,0,0.0
row,cosine,1,MNIST,63,63,100,0,0.0
row,cosine,1,MNIST,64,64,100,0,0.0
row,cosine,1,MNIST,65,65,100,0,0.0
row,cosine,1,MNIST,66,66,100,0,0.0
row,cosine,1,MNIST,67,67,100,0,0.0
row,cosine,1,MNIST,68,68,100,0,0.0
row,cosine,1,MNIST,69,69,100,0,0.0
row,cosine,1,MNIST,70,70,100,0,0.0
row,cosine,1,MNIST,71,71,100,0,0.0
row,cosine,1,MNIST,72,72,100,0,0.0
row,cosine,1,MNIST,73,73,100,0,0.0
row,cosine,1,MNIST,74,74,100,0,0.0
row,cosine,1,MNIST,75,75,100,0,0.0
row,cosine,1,MNIST,76,76,100,0,0.0
row,cosine,1,MNIST,77,77,100,0,0.0
row,cosine,1,MNIST,78,78,100,0,0.0
row,cosine,1,MNIST,79,79,100,0,0.0
row,cosine,1,MNIST,80,80,100,0,0.0
row,cosine,1,MNIST,81,81,100,0,0.0
row,cosine,1,MNIST,82,82,100,0,0.0
row,cosine,1,MNIST,83,83,100,0,0.0
row,cosine,1,MNIST,84,84,100,0,0.0
row,cosine,1,MNIST,85,85,100,0,0.0
row,cosine,1,MNIST,86,86,100,0,0.0
row,cosine,1,MNIST,87,87,100,0,0.0
row,cosine,1,MNIST,88,88,100,0,0.0
row,cosine,1,MNIST,89,89,100,0,0.0
row,cosine,1,MNIST,90,90,100,0,0.0
row,cosine,1,MNIST,91,91,100,0,0.0
row,cosine,1,MNIST,92,92,100,0,0.0
row,cosine,1,MNIST,93,93,100,0,0.0
row,cosine,1,MNIST,94,94,100,0,0.0
row,cosine,1,MNIST,95,95,100,0,0.0
row,cosine,1,MNIST,96,96,100,0,0.0
row,cosine,1,MNIST,97,97,100,0,0.0
row,cosine,1,MNIST,98,98,100,0,0.0
row,cosine,1,MNIST,99,99,100,0,0.0
row,cosine,2,Fashion-MNIST,0,0,100,0,0.0
row,cosine,2,Fashion-MNIST,1,1,100,0,0.0
row,cosine,2,Fashion-MNIST,2,2,100,0,0.0
row,cosine,2,Fashion-MNIST,3,3,100,0,0.0
row,cosine,2,Fashion-MNIST,4,4,100,0,0.0
row,cosine,2,Fashion-MNIST,5,5,100,0,0.0
row,cosine,2,Fashion-MNIST,6,6,100,0,0.0
row,cosine,2,Fashion-MNIST,7,7,100,0,0.0
row,cosine,2,Fashion-MNIST,8,8,100,0,0.0
row,cosine,2,Fashion-MNIST,9,9,100,0,0.0
row,cosine,2,Fashion-MNIST,10,10,100,0,0.0
row,cosine,2,Fashion-MNIST,11,11,100,0,0.0
row,cosine,2,Fashion-MNIST,12,12,100,0,0.0
row,cosine,2,Fashion-MNIST,13,13,100,0,0.0
row,cosine,2,Fashion-MNIST,14,14,100,0,0.0
row,cosine,2,Fashion-MNIST,15,15,100,0,0.0
row,cosine,2,Fashion-MNIST,16,16,100,0,0.0
row,cosine,2,Fashion-MNIST,17,17,100,0,0.0
row,cosine,2,Fashion-MNIST,18,18,100,0,0.0
row,cosine,2,Fashion-MNIST,19,19,100,0,0.0
row,cosine,2,Fashion-MNIST,20,20,100,0,0.0
row,cosine,2,Fashion-MNIST,21,21,100,0,0.0
row,cosine,2,Fashion-MNIST,22,22,100,0,0.0
row,cosine,2,Fashion-MNIST,23,23,100,0,0.0
row,cosine,2,Fashion-MNIST,24,24,100,0,0.0
row,cosine,2,Fashion-MNIST,25,25,100,0,0.0
row,cosine,2,Fashion-MNIST,26,26,100,0,0.0
row,cosine,2,Fashion-MNIST,27,27,100,0,0.0
row,cosine,2,Fashion-MNIST,28,28,100,0,0.0
row,cosine,2,Fashion-MNIST,29,29,100,0,0.0
row,cosine,2,Fashion-MNIST,30,30,100,0,0.0
row,cosine,2,Fashion-MNIST,31,31,100,0,0.0
row,cosine,2,Fashion-MNIST,32,32,100,0,0.0
row,cosine,2,Fashion-MNIST,33,33,100,0,0.0
row,cosine,2,Fashion-MNIST,34,34,100,0,0.0
row,cosine,2,Fashion-MNIST,35,35,100,0,0.0
row,cosine,2,Fashion-MNIST,36,36,100,0,0.0
row,cosine,2,Fashion-MNIST,37,37,100,0,0.0
row,cosine,2,Fashion-MNIST,38,38,100,0,0.0
row,cosine,2,Fashion-MNIST,39,39,100,0,0.0
row,cosine,2,Fashion-MNIST,40,40,100,0,0.0
row,cosine,2,Fashion-MNIST,41,41,100,0,0.0
row,cosine,2,Fashion-MNIST,42,42,100,0,0.0
row,cosine,2,Fashion-MNIST,43,43,100,0,0.0
row,cosine,2,Fashion-MNIST,44,44,100,0,0.0
row,cosine,2,Fashion-MNIST,45,45,100,0,0.0
row,cosine,2,Fashion-MNIST,46,46,100,0,0.0
row,cosine,2,Fashion-MNIST,47,47,100,0,0.0
row,cosine,2,Fashion-MNIST,48,48,100,0,0.0
row,cosine,2,Fashion-MNIST,49,49,100,0,0.0
row,cosine,2,Fashion-MNIST,50,50,100,0,0.0
row,cosine,2,Fashion-MNIST,51,51,100,0,0.0
row,cosine,2,Fashion-MNIST,52,52,100,0,0.0
row,cosine,2,Fashion-MNIST,53,53,100,0,0.0
row,cosine,2,Fashion-MNIST,54,54,100,0,0.0
row,cosine,2,Fashion-MNIST,55,55,100,0,0.0
row,cosine,2,Fashion-MNIST,56,56,100,0,0.0
row,cosine,2,Fashion-MNIST,57,57,100,0,0.0
row,cosine,2,Fashion-MNIST,58,58,100,0,0.0
row,cosine,2,Fashion-MNIST,59,59,100,0,0.0
row,cosine,2,Fashion-MNIST,60,60,100,0,0.0
row,cosine,2,Fashion-MNIST,61,61,100,0,0.0
row,cosine,2,Fashion-MNIST,62,62,100,0,0.0
row,cosine,2,Fashion-MNIST,63,63,100,0,0.0
row,cosine,2,Fashion-MNIST,64,64,100,0,0.0
row,cosine,2,Fashion-MNIST,65,65,100,0,0.0
row,cosine,2,Fashion-MNIST,66,66,100,0,0.0
row,cosine,2,Fashion-MNIST,67,67,100,0,0.0
row,cosine,2,Fashion-MNIST,68,68,100,0,0.0
row,cosine,2,Fashion-MNIST,69,69,100,0,0.0
row,cosine,2,Fashion-MNIST,70,70,100,0,0.0
row,cosine,2,Fashion-MNIST,71,71,100,0,0.0
row,cosine,2,Fashion-MNIST,72,72,100,0,0.0
row,cosine,2,Fashion-MNIST,73,73,100,0,0.0
row,cosine,2,Fashion-MNIST,74,74,100,0,0.0
row,cosine,2,Fashion-MNIST,75,75,100,0,0.0
row,cosine,2,Fashion-MNIST,76,76,100,0,0.0
row,cosine,2,Fashion-MNIST,77,77,100,0,0.0
row,cosine,2,Fashion-MNIST,78,78,100,0,0.0
row,cosine,2,Fashion-MNIST,79,79,100,0,0.0
row,cosine,2,Fashion-MNIST,80,80,100,0,0.0
row,cosine,2,Fashion-MNIST,81,81,100,0,0.0
row,cosine,2,Fashion-MNIST,82,82,100,0,0.0
row,cosine,2,Fashion-MNIST,83,83,100,0,0.0
row,cosine,2,Fashion-MNIST,84,84,100,0,0.0
row,cosine,2,Fashion-MNIST,85,85,100,0,0.0
row,cosine,2,Fashion-MNIST,86,86,100,0,0.0
row,cosine,2,Fashion-MNIST,87,87,100,0,0.0
row,cosine,2,Fashion-MNIST,88,88,100,0,0.0
row,cosine,2,Fashion-MNIST,89,89,100,0,0.0
row,cosine,2,Fashion-MNIST,90,90,100,0,0.0
row,cosine,2,Fashion-MNIST,91,91,100,0,0.0
row,cosine,2,Fashion-MNIST,92,92,100,0,0.0
row,cosine,2,Fashion-MNIST,93,93,100,0,0.0
row,cosine,2,Fashion-MNIST,94,94,100,0,0.0
row,cosine,2,Fashion-MNIST,95,95,100,0,0.0
row,cosine,2,Fashion-MNIST,96,96,100,0,0.0
row,cosine,2,Fashion-MNIST,97,97,100,0,0.0
row,cosine,2,Fashion-MNIST,98,98,100,0,0.0
row,cosine,2,Fashion-MNIST,99,99,100,0,0.0
row,cosine,3,Tiny ImageNet,0,0,100,0,0.0
row,cosine,3,Tiny ImageNet,1,1,100,0,0.0
row,cosine,3,Tiny ImageNet,2,2,100,0,0.0
row,cosine,3,Tiny ImageNet,3,3,100,0,0.0
row,cosine,3,Tiny ImageNet,4,4,100,0,0.0
row,cosine,3,Tiny ImageNet,5,5,100,0,0.0
row,cosine,3,Tiny ImageNet,6,6,100,0,0.0
row,cosine,3,Tiny ImageNet,7,7,100,0,0.0
row,cosine,3,Tiny ImageNet,8,8,100,0,0.0
row,cosine,3,Tiny ImageNet,9,9,100,0,0.0
row,cosine,3,Tiny ImageNet,10,10,100,0,0.0
row,cosine,3,Tiny ImageNet,11,11,100,0,0.0
row,cosine,3,Tiny ImageNet,12,12,100,0,0.0
row,cosine,3,Tiny ImageNet,13,13,100,0,0.0
row,cosine,3,Tiny ImageNet,14,14,100,0,0.0
row,cosine,3,Tiny ImageNet,15,15,100,0,0.0
row,cosine,3,Tiny ImageNet,16,16,100,0,0.0
row,cosine,3,Tiny ImageNet,17,17,100,0,0.0
row,cosine,3,Tiny ImageNet,18,18,100,0,0.0
row,cosine,3,Tiny ImageNet,19,19,100,0,0.0
row,cosine,3,Tiny ImageNet,20,20,100,0,0.0
row,cosine,3,Tiny ImageNet,21,21,100,0,0.0
row,cosine,3,Tiny ImageNet,22,22,100,0,0.0
row,cosine,3,Tiny ImageNet,23,23,100,0,0.0
row,cosine,3,Tiny ImageNet,24,24,100,0,0.0
row,cosine,3,Tiny ImageNet,25,25,100,0,0.0
row,cosine,3,Tiny ImageNet,26,26,100,0,0.0
row,cosine,3,Tiny ImageNet,27,27,100,0,0.0
row,cosine,3,Tiny ImageNet,28,28,100,0,0.0
row,cosine,3,Tiny ImageNet,29,29,100,0,0.0
row,cosine,3,Tiny ImageNet,30,30,100,0,0.0
row,cosine,3,Tiny ImageNet,31,31,100,0,0.0
row,cosine,3,Tiny ImageNet,32,32,100,0,0.0
row,cosine,3,Tiny ImageNet,33,33,100,0,0.0
row,cosine,3,Tiny ImageNet,34,34,100,0,0.0
row,cosine,3,Tiny ImageNet,35,35,100,0,0.0
row,cosine,3,Tiny ImageNet,36,36,100,0,0.0
row,cosine,3,Tiny ImageNet,37,37,100,0,0.0
row,cosine,3,Tiny ImageNet,38,38,100,0,0.0
row,cosine,3,Tiny ImageNet,39,39,100,0,0.0
row,cosine,3,Tiny ImageNet,40,40,100,0,0.0
row,cosine,3,Tiny ImageNet,41,41,100,0,0.0
row,cosine,3,Tiny ImageNet,42,42,100,0,0.0
row,cosine,3,Tiny ImageNet,43,43,100,0,0.0
row,cosine,3,Tiny ImageNet,44,44,100,0,0.0
row,cosine,3,Tiny ImageNet,45,45,100,0,0.0
row,cosine,3,Tiny ImageNet,46,46,100,0,0.0
row,cosine,3,Tiny ImageNet,47,47,100,0,0.0
row,cosine,3,Tiny ImageNet,48,48,100,0,0.0
row,cosine,3,Tiny ImageNet,49,49,100,0,0.0
row,cosine,3,Tiny ImageNet,50,50,100,0,0.0
row,cosine,3,Tiny ImageNet,51,51,100,0,0.0
row,cosine,3,Tiny ImageNet,52,52,100,0,0.0
row,cosine,3,Tiny ImageNet,53,53,100,0,0.0
row,cosine,3,Tiny ImageNet,54,54,100,0,0.0
row,cosine,3,Tiny ImageNet,55,55,100,0,0.0
row,cosine,3,Tiny ImageNet,56,56,100,0,0.0
row,cosine,3,Tiny ImageNet,57,57,100,0,0.0
row,cosine,3,Tiny ImageNet,58,58,100,0,0.0
row,cosine,3,Tiny ImageNet,59,59,100,0,0.0
row,cosine,3,Tiny ImageNet,60,60,100,0,0.0
row,cosine,3,Tiny ImageNet,61,61,100,0,0.0
row,cosine,3,Tiny ImageNet,62,62,100,0,0.0
row,cosine,3,Tiny ImageNet,63,63,100,0,0.0
row,cosine,3,Tiny ImageNet,64,64,100,0,0.0
row,cosine,3,Tiny ImageNet,65,65,100,0,0.0
row,cosine,3,Tiny ImageNet,66,66,100,0,0.0
row,cosine,3,Tiny ImageNet,67,67,100,0,0.0
row,cosine,3,Tiny ImageNet,68,68,100,0,0.0
row,cosine,3,Tiny ImageNet,69,69,100,0,0.0
row,cosine,3,Tiny ImageNet,70,70,100,0,0.0
row,cosine,3,Tiny ImageNet,71,71,100,0,0.0
row,cosine,3,Tiny ImageNet,72,72,100,0,0.0
row,cosine,3,Tiny ImageNet,73,73,100,0,0.0
row,cosine,3,Tiny ImageNet,74,74,100,0,0.0
row,cosine,3,Tiny ImageNet,75,75,100,0,0.0
row,cosine,3,Tiny ImageNet,76,76,100,0,0.0
row,cosine,3,Tiny ImageNet,77,77,100,0,0.0
row,cosine,3,Tiny ImageNet,78,78,100,0,0.0
row,cosine,3,Tiny ImageNet,79,79,100,0,0.0
row,cosine,3,Tiny ImageNet,80,80,100,0,0.0
row,cosine,3,Tiny ImageNet,81,81,100,0,0.0
row,cosine,3,Tiny ImageNet,82,82,100,0,0.0
row,cosine,3,Tiny ImageNet,83,83,100,0,0.0
row,cosine,3,Tiny ImageNet,84,84,100,0,0.0
row,cosine,3,Tiny ImageNet,85,85,100,0,0.0
row,cosine,3,Tiny ImageNet,86,86,100,0,0.0
row,cosine,3,Tiny ImageNet,87,87,100,0,0.0
row,cosine,3,Tiny ImageNet,88,88,100,0,0.0
row,cosine,3,Tiny ImageNet,89,89,100,0,0.0
row,cosine,3,Tiny ImageNet,90,90,100,0,0.0
row,cosine,3,Tiny ImageNet,91,91,100,0,0.0
row,cosine,3,Tiny ImageNet,92,92,100,0,0.0
row,cosine,3,Tiny ImageNet,93,93,100,0,0.0
row,cosine,3,Tiny ImageNet,94,94,100,0,0.0
row,cosine,3,Tiny ImageNet,95,95,100,0,0.0
row,cosine,3,Tiny ImageNet,96,96,100,0,0.0
row,cosine,3,Tiny ImageNet,97,97,100,0,0.0
row,cosine,3,Tiny ImageNet,98,98,100,0,0.0
row,cosine,3,Tiny ImageNet,99,99,100,0,0.0
row,cosine,4,BraTS,0,0,100,0,0.0
row,cosine,4,BraTS,1,1,100,0,0.0
row,cosine,4,BraTS,2,2,100,0,0.0
row,cosine,4,BraTS,3,3,100,0,0.0
row,cosine,4,BraTS,4,4,100,0,0.0
row,cosine,4,BraTS,5,5,100,0,0.0
row,cosine,4,BraTS,6,6,100,0,0.0
row,cosine,4,BraTS,7,7,100,0,0.0
row,cosine,4,BraTS,8,8,100,0,0.0
row,cosine,4,BraTS,9,9,100,0,0.0
row,cosine,4,BraTS,10,10,100,0,0.0
row,cosine,4,BraTS,11,11,100,0,0.0
row,cosine,4,BraTS,12,12,100,0,0.0
row,cosine,4,BraTS,13,13,100,0,0.0
row,cosine,4,BraTS,14,14,100,0,0.0
row,cosine,4,BraTS,15,15,100,0,0.0
row,cosine,4,BraTS,16,16,100,0,0.0
row,cosine,4,BraTS,17,17,100,0,0.0
row,cosine,4,BraTS,18,18,100,0,0.0
row,cosine,4,BraTS,19,19,100,0,0.0
row,cosine,4,BraTS,20,20,100,0,0.0
row,cosine,4,BraTS,21,21,100,0,0.0
row,cosine,4,BraTS,22,22,100,0,0.0
row,cosine,4,BraTS,23,23,100,0,0.0
row,cosine,4,BraTS,24,24,100,0,0.0
row,cosine,4,BraTS,25,25,100,0,0.0
row,cosine,4,BraTS,26,26,100,0,0.0
row,cosine,4,BraTS,27,27,100,0,0.0
row,cosine,4,BraTS,28,28,100,0,0.0
row,cosine,4,BraTS,29,29,100,0,0.0
row,cosine,4,BraTS,30,30,100,0,0.0
row,cosine,4,BraTS,31,31,100,0,0.0
row,cosine,4,BraTS,32,32,100,0,0.0
row,cosine,4,BraTS,33,33,100,0,0.0
row,cosine,4,BraTS,34,34,100,0,0.0
row,cosine,4,BraTS,35,35,100,0,0.0
row,cosine,4,BraTS,36,36,100,0,0.0
row,cosine,4,BraTS,37,37,100,0,0.0
row,cosine,4,BraTS,38,38,100,0,0.0
row,cosine,4,BraTS,39,39,100,0,0.0
row,cosine,4,BraTS,40,40,100,0,0.0
row,cosine,4,BraTS,41,41,100,0,0.0
row,cosine,4,BraTS,42,42,100,0,0.0
row,cosine,4,BraTS,43,43,100,0,0.0
row,cosine,4,BraTS,44,44,100,0,0.0
row,cosine,4,BraTS,45,45,100,0,0.0
row,cosine,4,BraTS,46,46,100,0,0.0
row,cosine,4,BraTS,47,47,100,0,0.0
row,cosine,4,BraTS,48,48,100,0,0.0
row,cosine,4,BraTS,49,49,100,0,0.0
row,cosine,4,BraTS,50,50,100,0,0.0
row,cosine,4,BraTS,51,51,100,0,0.0
row,cosine,4,BraTS,52,52,100,0,0.0
row,cosine,4,BraTS,53,53,100,0,0.0
row,cosine,4,BraTS,54,54,100,0,0.0
row,cosine,4,BraTS,55,55,100,0,0.0
row,cosine,4,BraTS,56,56,100,0,0.0
row,cosine,4,BraTS,57,57,100,0,0.0
row,cosine,4,BraTS,58,58,100,0,0.0
row,cosine,4,BraTS,59,59,100,0,0.0
row,cosine,4,BraTS,60,60,100,0,0.0
row,cosine,4,BraTS,61,61,100,0,0.0
row,cosine,4,BraTS,62,62,100,0,0.0
row,cosine,4,BraTS,63,63,100,0,0.0
row,cosine,4,BraTS,64,64,100,0,0.0
row,cosine,4,BraTS,65,65,100,0,0.0
row,cosine,4,BraTS,66,66,100,0,0.0
row,cosine,4,BraTS,67,67,100,0,0.0
row,cosine,4,BraTS,68,68,100,0,0.0
row,cosine,4,BraTS,69,69,100,0,0.0
row,cosine,4,BraTS,70,70,100,0,0.0
row,cosine,4,BraTS,71,71,100,0,0.0
row,cosine,4,BraTS,72,72,100,0,0.0
row,cosine,4,BraTS,73,73,100,0,0.0
row,cosine,4,BraTS,74,74,100,0,0.0
row,cosine,4,BraTS,75,75,100,0,0.0
row,cosine,4,BraTS,76,76,100,0,0.0
row,cosine,4,BraTS,77,77,100,0,0.0
row,cosine,4,BraTS,78,78,100,0,0.0
row,cosine,4,BraTS,79,79,100,0,0.0
row,cosine,4,BraTS,80,80,100,0,0.0
row,cosine,4,BraTS,81,81,100,0,0.0
row,cosine,4,BraTS,82,82,100,0,0.0
row,cosine,4,BraTS,83,83,100,0,0.0
row,cosine,4,BraTS,84,84,100,0,0.0
row,cosine,4,BraTS,85,85,100,0,0.0
row,cosine,4,BraTS,86,86,100,0,0.0
row,cosine,4,BraTS,87,87,100,0,0.0
row,cosine,4,BraTS,88,88,100,0,0.0
row,cosine,4,BraTS,89,89,100,0,0.0
row,cosine,4,BraTS,90,90,100,0,0.0
row,cosine,4,BraTS,91,91,100,0,0.0
row,cosine,4,BraTS,92,92,100,0,0.0
row,cosine,4,BraTS,93,93,100,0,0.0
row,cosine,4,BraTS,94,94,100,0,0.0
row,cosine,4,BraTS,95,95,100,0,0.0
row,cosine,4,BraTS,96,96,100,0,0.0
row,cosine,4,BraTS,97,97,100,0,0.0
row,cosine,4,BraTS,98,98,100,0,0.0
row,cosine,4,BraTS,99,99,100,0,0.0
row,cosine,5,Lung Mask Image Dataset,0,0,100,0,0.0
row,cosine,5,Lung Mask Image Dataset,1,1,100,0,0.0
row,cosine,5,Lung Mask Image Dataset,2,2,100,0,0.0
row,cosine,5,Lung Mask Image Dataset,3,3,100,0,0.0
row,cosine,5,Lung Mask Image Dataset,4,4,100,0,0.0
row,cosine,5,Lung Mask Image Dataset,5,5,100,0,0.0
row,cosine,5,Lung Mask Image Dataset,6,6,100,0,0.0
row,cosine,5,Lung Mask Image Dataset,7,7,100,0,0.0
row,cosine,5,Lung Mask Image Dataset,8,8,100,0,0.0
row,cosine,5,Lung Mask Image Dataset,9,9,100,0,0.0
row,cosine,5,Lung Mask Image Dataset,10,10,100,0,0.0
row,cosine,5,Lung Mask Image Dataset,11,11,100,0,0.0
row,cosine,5,Lung Mask Image Dataset,12,12,100,0,0.0
row,cosine,5,Lung Mask Image Dataset,13,13,100,0,0.0
row,cosine,5,Lung Mask Image Dataset,14,14,100,0,0.0
row,cosine,5,Lung Mask Image Dataset,15,15,100,0,0.0
row,cosine,5,Lung Mask Image Dataset,16,16,100,0,0.0
row,cosine,5,Lung Mask Image Dataset,17,17,100,0,0.0
row,cosine,5,Lung Mask Image Dataset,18,18,100,0,0.0
row,cosine,5,Lung Mask Image Dataset,19,19,100,0,0.0
row,cosine,5,Lung Mask Image Dataset,20,20,100,0,0.0
row,cosine,5,Lung Mask Image Dataset,21,21,100,0,0.0
row,cosine,5,Lung Mask Image Dataset,22,22,100,0,0.0
row,cosine,5,Lung Mask Image Dataset,23,23,100,0,0.0
row,cosine,5,Lung Mask Image Dataset,24,24,100,0,0.0
row,cosine,5,Lung Mask Image Dataset,25,25,100,0,0.0
row,cosine,5,Lung Mask Image Dataset,26,26,100,0,0.0
row,cosine,5,Lung Mask Image Dataset,27,27,100,0,0.0
row,cosine,5,Lung Mask Image Dataset,28,28,100,0,0.0
row,cosine,5,Lung Mask Image Dataset,29,29,100,0,0.0
row,cosine,5,Lung Mask Image Dataset,30,30,100,0,0.0
row,cosine,5,Lung Mask Image Dataset,31,31,100,0,0.0
row,cosine,5,Lung Mask Image Dataset,32,32,100,0,0.0
row,cosine,5,Lung Mask Image Dataset,33,33,100,0,0.0
row,cosine,5,Lung Mask Image Dataset,34,34,100,0,0.0
row,cosine,5,Lung Mask Image Dataset,35,35,100,0,0.0
row,cosine,5,Lung Mask Image Dataset,36,36,100,0,0.0
row,cosine,5,Lung Mask Image Dataset,37,37,100,0,0.0
row,cosine,5,Lung Mask Image Dataset,38,38,100,0,0.0
row,cosine,5,Lung Mask Image Dataset,39,39,100,0,0.0
row,cosine,5,Lung Mask Image Dataset,40,40,100,0,0.0
row,cosine,5,Lung Mask Image Dataset,41,41,100,0,0.0
row,cosine,5,Lung Mask Image Dataset,42,42,100,0,0.0
row,cosine,5,Lung Mask Image Dataset,43,43,100,0,0.0
row,cosine,5,Lung Mask Image Dataset,44,44,100,0,0.0
row,cosine,5,Lung Mask Image Dataset,45,45,100,0,0.0
row,cosine,5,Lung Mask Image Dataset,46,46,100,0,0.0
row,cosine,5,Lung Mask Image Dataset,47,47,100,0,0.0
row,cosine,5,Lung Mask Image Dataset,48,48,100,0,0.0
row,cosine,5,Lung Mask Image Dataset,49,49,100,0,0.0
row,cosine,5,Lung Mask Image Dataset,50,50,100,0,0.0
row,cosine,5,Lung Mask Image Dataset,51,51,100,0,0.0
row,cosine,5,Lung Mask Image Dataset,52,52,100,0,0.0
row,cosine,5,Lung Mask Image Dataset,53,53,100,0,0.0
row,cosine,5,Lung Mask Image Dataset,54,54,100,0,0.0
row,cosine,5,Lung Mask Image Dataset,55,55,100,0,0.0
row,cosine,5,Lung Mask Image Dataset,56,56,100,0,0.0
row,cosine,5,Lung Mask Image Dataset,57,57,100,0,0.0
row,cosine,5,Lung Mask Image Dataset,58,58,100,0,0.0
row,cosine,5,Lung Mask Image Dataset,59,59,100,0,0.0
row,cosine,5,Lung Mask Image Dataset,60,60,100,0,0.0
row,cosine,5,Lung Mask Image Dataset,61,61,100,0,0.0
row,cosine,5,Lung Mask Image Dataset,62,62,100,0,0.0
row,cosine,5,Lung Mask Image Dataset,63,63,100,0,0.0
row,cosine,5,Lung Mask Image Dataset,64,64,100,0,0.0
row,cosine,5,Lung Mask Image Dataset,65,65,100,0,0.0
row,cosine,5,Lung Mask Image Dataset,66,66,100,0,0.0
row,cosine,5,Lung Mask Image Dataset,67,67,100,0,0.0
row,cosine,5,Lung Mask Image Dataset,68,68,100,0,0.0
row,cosine,5,Lung Mask Image Dataset,69,69,100,0,0.0
row,cosine,5,Lung Mask Image Dataset,70,70,100,0,0.0
row,cosine,5,Lung Mask Image Dataset,71,71,100,0,0.0
row,cosine,5,Lung Mask Image Dataset,72,72,100,0,0.0
row,cosine,5,Lung Mask Image Dataset,73,73,100,0,0.0
row,cosine,5,Lung Mask Image Dataset,74,74,100,0,0.0
row,cosine,5,Lung Mask Image Dataset,75,75,100,0,0.0
row,cosine,5,Lung Mask Image Dataset,76,76,100,0,0.0
row,cosine,5,Lung Mask Image Dataset,77,77,100,0,0.0
row,cosine,5,Lung Mask Image Dataset,78,78,100,0,0.0
row,cosine,5,Lung Mask Image Dataset,79,79,100,0,0.0
row,cosine,5,Lung Mask Image Dataset,80,80,100,0,0.0
row,cosine,5,Lung Mask Image Dataset,81,81,100,0,0.0
row,cosine,5,Lung Mask Image Dataset,82,82,100,0,0.0
row,cosine,5,Lung Mask Image Dataset,83,83,100,0,0.0
row,cosine,5,Lung Mask Image Dataset,84,84,100,0,0.0
row,cosine,5,Lung Mask Image Dataset,85,85,100,0,0.0
row,cosine,5,Lung Mask Image Dataset,86,86,100,0,0.0
row,cosine,5,Lung Mask Image Dataset,87,87,100,0,0.0
row,cosine,5,Lung Mask Image Dataset,88,88,100,0,0.0
row,cosine,5,Lung Mask Image Dataset,89,89,100,0,0.0
row,cosine,5,Lung Mask Image Dataset,90,90,100,0,0.0
row,cosine,5,Lung Mask Image Dataset,91,91,100,0,0.0
row,cosine,5,Lung Mask Image Dataset,92,92,100,0,0.0
row,cosine,5,Lung Mask Image Dataset,93,93,100,0,0.0
row,cosine,5,Lung Mask Image Dataset,94,94,100,0,0.0
row,cosine,5,Lung Mask Image Dataset,95,95,100,0,0.0
row,cosine,5,Lung Mask Image Dataset,96,96,100,0,0.0
row,cosine,5,Lung Mask Image Dataset,97,97,100,0,0.0
row,cosine,5,Lung Mask Image Dataset,98,98,100,0,0.0
row,cosine,5,Lung Mask Image Dataset,99,99,100,0,0.0
row,cosine,6,Kvasir-SEG,0,0,100,0,0.0
row,cosine,6,Kvasir-SEG,1,1,100,0,0.0
row,cosine,6,Kvasir-SEG,2,2,100,0,0.0
row,cosine,6,Kvasir-SEG,3,3,100,0,0.0
row,cosine,6,Kvasir-SEG,4,4,100,0,0.0
row,cosine,6,Kvasir-SEG,5,5,100,0,0.0
row,cosine,6,Kvasir-SEG,6,6,100,0,0.0
row,cosine,6,Kvasir-SEG,7,7,100,0,0.0
row,cosine,6,Kvasir-SEG,8,8,100,0,0.0
row,cosine,6,Kvasir-SEG,9,9,100,0,0.0
row,cosine,6,Kvasir-SEG,10,10,100,0,0.0
row,cosine,6,Kvasir-SEG,11,11,100,0,0.0
row,cosine,6,Kvasir-SEG,12,12,100,0,0.0
row,cosine,6,Kvasir-SEG,13,13,100,0,0.0
row,cosine,6,Kvasir-SEG,14,14,100,0,0.0
row,cosine,6,Kvasir-SEG,15,15,100,0,0.0
row,cosine,6,Kvasir-SEG,16,16,100,0,0.0
row,cosine,6,Kvasir-SEG,17,17,100,0,0.0
row,cosine,6,Kvasir-SEG,18,18,100,0,0.0
row,cosine,6,Kvasir-SEG,19,19,100,0,0.0
row,cosine,6,Kvasir-SEG,20,20,100,0,0.0
row,cosine,6,Kvasir-SEG,21,21,100,0,0.0
row,cosine,6,Kvasir-SEG,22,22,100,0,0.0
row,cosine,6,Kvasir-SEG,23,23,100,0,0.0
row,cosine,6,Kvasir-SEG,24,24,100,0,0.0
row,cosine,6,Kvasir-SEG,25,25,100,0,0.0
row,cosine,6,Kvasir-SEG,26,26,100,0,0.0
row,cosine,6,Kvasir-SEG,27,27,100,0,0.0
row,cosine,6,Kvasir-SEG,28,28,100,0,0.0
row,cosine,6,Kvasir-SEG,29,29,100,0,0.0
row,cosine,6,Kvasir-SEG,30,30,100,0,0.0
row,cosine,6,Kvasir-SEG,31,31,100,0,0.0
row,cosine,6,Kvasir-SEG,32,32,100,0,0.0
row,cosine,6,Kvasir-SEG,33,33,100,0,0.0
row,cosine,6,Kvasir-SEG,34,34,100,0,0.0
row,cosine,6,Kvasir-SEG,35,35,100,0,0.0
row,cosine,6,Kvasir-SEG,36,36,100,0,0.0
row,cosine,6,Kvasir-SEG,37,37,100,0,0.0
row,cosine,6,Kvasir-SEG,38,38,100,0,0.0
row,cosine,6,Kvasir-SEG,39,39,100,0,0.0
row,cosine,6,Kvasir-SEG,40,40,100,0,0.0
row,cosine,6,Kvasir-SEG,41,41,100,0,0.0
row,cosine,6,Kvasir-SEG,42,42,100,0,0.0
row,cosine,6,Kvasir-SEG,43,43,100,0,0.0
row,cosine,6,Kvasir-SEG,44,44,100,0,0.0
row,cosine,6,Kvasir-SEG,45,45,100,0,0.0
row,cosine,6,Kvasir-SEG,46,46,100,0,0.0
row,cosine,6,Kvasir-SEG,47,47,100,0,0.0
row,cosine,6,Kvasir-SEG,48,48,100,0,0.0
row,cosine,6,Kvasir-SEG,49,49,100,0,0.0
row,cosine,6,Kvasir-SEG,50,50,100,0,0.0
row,cosine,6,Kvasir-SEG,51,51,100,0,0.0
row,cosine,6,Kvasir-SEG,52,52,100,0,0.0
row,cosine,6,Kvasir-SEG,53,53,100,0,0.0
row,cosine,6,Kvasir-SEG,54,54,100,0,0.0
row,cosine,6,Kvasir-SEG,55,55,100,0,0.0
row,cosine,6,Kvasir-SEG,56,56,100,0,0.0
row,cosine,6,Kvasir-SEG,57,57,100,0,0.0
row,cosine,6,Kvasir-SEG,58,58,100,0,0.0
row,cosine,6,Kvasir-SEG,59,59,100,0,0.0
row,cosine,6,Kvasir-SEG,60,60,100,0,0.0
row,cosine,6,Kvasir-SEG,61,61,100,0,0.0
row,cosine,6,Kvasir-SEG,62,62,100,0,0.0
row,cosine,6,Kvasir-SEG,63,63,100,0,0.0
row,cosine,6,Kvasir-SEG,64,64,100,0,0.0
row,cosine,6,Kvasir-SEG,65,65,100,0,0.0
row,cosine,6,Kvasir-SEG,66,66,100,0,0.0
row,cosine,6,Kvasir-SEG,67,67,100,0,0.0
row,cosine,6,Kvasir-SEG,68,68,100,0,0.0
row,cosine,6,Kvasir-SEG,69,69,100,0,0.0
row,cosine,6,Kvasir-SEG,70,70,100,0,0.0
row,cosine,6,Kvasir-SEG,71,71,100,0,0.0
row,cosine,6,Kvasir-SEG,72,72,100,0,0.0
row,cosine,6,Kvasir-SEG,73,73,100,0,0.0
row,cosine,6,Kvasir-SEG,74,74,100,0,0.0
row,cosine,6,Kvasir-SEG,75,75,100,0,0.0
row,cosine,6,Kvasir-SEG,76,76,100,0,0.0
row,cosine,6,Kvasir-SEG,77,77,100,0,0.0
row,cosine,6,Kvasir-SEG,78,78,100,0,0.0
row,cosine,6,Kvasir-SEG,79,79,100,0,0.0
row,cosine,6,Kvasir-SEG,80,80,100,0,0.0
row,cosine,6,Kvasir-SEG,81,81,100,0,0.0
row,cosine,6,Kvasir-SEG,82,82,100,0,0.0
row,cosine,6,Kvasir-SEG,83,83,100,0,0.0
row,cosine,6,Kvasir-SEG,84,84,100,0,0.0
row,cosine,6,Kvasir-SEG,85,85,100,0,0.0
row,cosine,6,Kvasir-SEG,86,86,100,0,0.0
row,cosine,6,Kvasir-SEG,87,87,100,0,0.0
row,cosine,6,Kvasir-SEG,88,88,100,0,0.0
row,cosine,6,Kvasir-SEG,89,89,100,0,0.0
row,cosine,6,Kvasir-SEG,90,90,100,0,0.0
row,cosine,6,Kvasir-SEG,91,91,100,0,0.0
row,cosine,6,Kvasir-SEG,92,92,100,0,0.0
row,cosine,6,Kvasir-SEG,93,93,100,0,0.0
row,cosine,6,Kvasir-SEG,94,94,100,0,0.0
row,cosine,6,Kvasir-SEG,95,95,100,0,0.0
row,cosine,6,Kvasir-SEG,96,96,100,0,0.0
row,cosine,6,Kvasir-SEG,97,97,100,0,0.0
row,cosine,6,Kvasir-SEG,98,98,100,0,0.0
row,cosine,6,Kvasir-SEG,99,99,100,0,0.0
row,cosine,7,Stanford Dogs,0,0,100,0,0.0
row,cosine,7,Stanford Dogs,1,1,100,0,0.0
row,cosine,7,Stanford Dogs,2,2,100,0,0.0
row,cosine,7,Stanford Dogs,3,3,100,0,0.0
row,cosine,7,Stanford Dogs,4,4,100,0,0.0
row,cosine,7,Stanford Dogs,5,5,100,0,0.0
row,cosine,7,Stanford Dogs,6,6,100,0,0.0
row,cosine,7,Stanford Dogs,7,7,100,0,0.0
row,cosine,7,Stanford Dogs,8,8,100,0,0.0
row,cosine,7,Stanford Dogs,9,9,100,0,0.0
row,cosine,7,Stanford Dogs,10,10,100,0,0.0
row,cosine,7,Stanford Dogs,11,11,100,0,0.0
row,cosine,7,Stanford Dogs,12,12,100,0,0.0
row,cosine,7,Stanford Dogs,13,13,100,0,0.0
row,cosine,7,Stanford Dogs,14,14,100,0,0.0
row,cosine,7,Stanford Dogs,15,15,100,0,0.0
row,cosine,7,Stanford Dogs,16,16,100,0,0.0
row,cosine,7,Stanford Dogs,17,17,100,0,0.0
row,cosine,7,Stanford Dogs,18,18,100,0,0.0
row,cosine,7,Stanford Dogs,19,19,100,0,0.0
row,cosine,7,Stanford Dogs,20,20,100,0,0.0
row,cosine,7,Stanford Dogs,21,21,100,0,0.0
row,cosine,7,Stanford Dogs,22,22,100,0,0.0
row,cosine,7,Stanford Dogs,23,23,100,0,0.0
row,cosine,7,Stanford Dogs,24,24,100,0,0.0
row,cosine,7,Stanford Dogs,25,25,100,0,0.0
row,cosine,7,Stanford Dogs,26,26,100,0,0.0
row,cosine,7,Stanford Dogs,27,27,100,0,0.0
row,cosine,7,Stanford Dogs,28,28,100,0,0.0
row,cosine,7,Stanford Dogs,29,29,100,0,0.0
row,cosine,7,Stanford Dogs,30,30,100,0,0.0
row,cosine,7,Stanford Dogs,31,31,100,0,0.0
row,cosine,7,Stanford Dogs,32,32,100,0,0.0
row,cosine,7,Stanford Dogs,33,33,100,0,0.0
row,cosine,7,Stanford Dogs,34,34,100,0,0.0
row,cosine,7,Stanford Dogs,35,35,100,0,0.0
row,cosine,7,Stanford Dogs,36,36,100,0,0.0
row,cosine,7,Stanford Dogs,37,37,100,0,0.0
row,cosine,7,Stanford Dogs,38,38,100,0,0.0
row,cosine,7,Stanford Dogs,39,39,100,0,0.0
row,cosine,7,Stanford Dogs,40,40,100,0,0.0
row,cosine,7,Stanford Dogs,41,41,100,0,0.0
row,cosine,7,Stanford Dogs,42,42,100,0,0.0
row,cosine,7,Stanford Dogs,43,43,100,0,0.0
row,cosine,7,Stanford Dogs,44,44,100,0,0.0
row,cosine,7,Stanford Dogs,45,45,100,0,0.0
row,cosine,7,Stanford Dogs,46,46,100,0,0.0
row,cosine,7,Stanford Dogs,47,47,100,0,0.0
row,cosine,7,Stanford Dogs,48,48,100,0,0.0
row,cosine,7,Stanford Dogs,49,49,100,0,0.0
row,cosine,7,Stanford Dogs,50,50,100,0,0.0
row,cosine,7,Stanford Dogs,51,51,100,0,0.0
row,cosine,7,Stanford Dogs,52,52,100,0,0.0
row,cosine,7,Stanford Dogs,53,53,100,0,0.0
row,cosine,7,Stanford Dogs,54,54,100,0,0.0
row,cosine,7,Stanford Dogs,55,55,100,0,0.0
row,cosine,7,Stanford Dogs,56,56,100,0,0.0
row,cosine,7,Stanford Dogs,57,57,100,0,0.0
row,cosine,7,Stanford Dogs,58,58,100,0,0.0
row,cosine,7,Stanford Dogs,59,59,100,0,0.0
row,cosine,7,Stanford Dogs,60,60,100,0,0.0
row,cosine,7,Stanford Dogs,61,61,100,0,0.0
row,cosine,7,Stanford Dogs,62,62,100,0,0.0
row,cosine,7,Stanford Dogs,63,63,100,0,0.0
row,cosine,7,Stanford Dogs,64,64,100,0,0.0
row,cosine,7,Stanford Dogs,65,65,100,0,0.0
row,cosine,7,Stanford Dogs,66,66,100,0,0.0
row,cosine,7,Stanford Dogs,67,67,100,0,0.0
row,cosine,7,Stanford Dogs,68,68,100,0,0.0
row,cosine,7,Stanford Dogs,69,69,100,0,0.0
row,cosine,7,Stanford Dogs,70,70,100,0,0.0
row,cosine,7,Stanford Dogs,71,71,100,0,0.0
row,cosine,7,Stanford Dogs,72,72,100,0,0.0
row,cosine,7,Stanford Dogs,73,73,100,0,0.0
row,cosine,7,Stanford Dogs,74,74,100,0,0.0
row,cosine,7,Stanford Dogs,75,75,100,0,0.0
row,cosine,7,Stanford Dogs,76,76,100,0,0.0
row,cosine,7,Stanford Dogs,77,77,100,0,0.0
row,cosine,7,Stanford Dogs,78,78,100,0,0.0
row,cosine,7,Stanford Dogs,79,79,100,0,0.0
row,cosine,7,Stanford Dogs,80,80,100,0,0.0
row,cosine,7,Stanford Dogs,81,81,100,0,0.0
row,cosine,7,Stanford Dogs,82,82,100,0,0.0
row,cosine,7,Stanford Dogs,83,83,100,0,0.0
row,cosine,7,Stanford Dogs,84,84,100,0,0.0
row,cosine,7,Stanford Dogs,85,85,100,0,0.0
row,cosine,7,Stanford Dogs,86,86,100,0,0.0
row,cosine,7,Stanford Dogs,87,87,100,0,0.0
row,cosine,7,Stanford Dogs,88,88,100,0,0.0
row,cosine,7,Stanford Dogs,89,89,100,0,0.0
row,cosine,7,Stanford Dogs,90,90,100,0,0.0
row,cosine,7,Stanford Dogs,91,91,100,0,0.0
row,cosine,7,Stanford Dogs,92,92,100,0,0.0
row,cosine,7,Stanford Dogs,93,93,100,0,0.0
row,cosine,7,Stanford Dogs,94,94,100,0,0.0
row,cosine,7,Stanford Dogs,95,95,100,0,0.0
row,cosine,7,Stanford Dogs,96,96,100,0,0.0
row,cosine,7,Stanford Dogs,97,97,100,0,0.0
row,cosine,7,Stanford Dogs,98,98,100,0,0.0
row,cosine,7,Stanford Dogs,99,99,100,0,0.0
row,cosine,8,iNaturalist,0,0,100,0,0.0
row,cosine,8,iNaturalist,1,1,100,0,0.0
row,cosine,8,iNaturalist,2,2,100,0,0.0
row,cosine,8,iNaturalist,3,3,100,0,0.0
row,cosine,8,iNaturalist,4,4,100,0,0.0
row,cosine,8,iNaturalist,5,5,100,0,0.0
row,cosine,8,iNaturalist,6,6,100,0,0.0
row,cosine,8,iNaturalist,7,7,100,0,0.0
row,cosine,8,iNaturalist,8,8,100,0,0.0
row,cosine,8,iNaturalist,9,9,100,0,0.0
row,cosine,8,iNaturalist,10,10,100,0,0.0
row,cosine,8,iNaturalist,11,11,100,0,0.0
row,cosine,8,iNaturalist,12,12,100,0,0.0
row,cosine,8,iNaturalist,13,13,100,0,0.0
row,cosine,8,iNaturalist,14,14,100,0,0.0
row,cosine,8,iNaturalist,15,15,100,0,0.0
row,cosine,8,iNaturalist,16,16,100,0,0.0
row,cosine,8,iNaturalist,17,17,100,0,0.0
row,cosine,8,iNaturalist,18,18,100,0,0.0
row,cosine,8,iNaturalist,19,19,100,0,0.0
row,cosine,8,iNaturalist,20,20,100,0,0.0
row,cosine,8,iNaturalist,21,21,100,0,0.0
row,cosine,8,iNaturalist,22,22,100,0,0.0
row,cosine,8,iNaturalist,23,23,100,0,0.0
row,cosine,8,iNaturalist,24,24,100,0,0.0
row,cosine,8,iNaturalist,25,25,100,0,0.0
row,cosine,8,iNaturalist,26,26,100,0,0.0
row,cosine,8,iNaturalist,27,27,100,0,0.0
row,cosine,8,iNaturalist,28,28,100,0,0.0
row,cosine,8,iNaturalist,29,29,100,0,0.0
row,cosine,8,iNaturalist,30,30,100,0,0.0
row,cosine,8,iNaturalist,31,31,100,0,0.0
row,cosine,8,iNaturalist,32,32,100,0,0.0
row,cosine,8,iNaturalist,33,33,100,0,0.0
row,cosine,8,iNaturalist,34,34,100,0,0.0
row,cosine,8,iNaturalist,35,35,100,0,0.0
row,cosine,8,iNaturalist,36,36,100,0,0.0
row,cosine,8,iNaturalist,37,37,100,0,0.0
row,cosine,8,iNaturalist,38,38,100,0,0.0
row,cosine,8,iNaturalist,39,39,100,0,0.0
row,cosine,8,iNaturalist,40,40,100,0,0.0
row,cosine,8,iNaturalist,41,41,100,0,0.0
row,cosine,8,iNaturalist,42,42,100,0,0.0
row,cosine,8,iNaturalist,43,43,100,0,0.0
row,cosine,8,iNaturalist,44,44,100,0,0.0
row,cosine,8,iNaturalist,45,45,100,0,0.0
row,cosine,8,iNaturalist,46,46,100,0,0.0
row,cosine,8,iNaturalist,47,47,100,0,0.0
row,cosine,8,iNaturalist,48,48,100,0,0.0
row,cosine,8,iNaturalist,49,49,100,0,0.0
row,cosine,8,iNaturalist,50,50,100,0,0.0
row,cosine,8,iNaturalist,51,51,100,0,0.0
row,cosine,8,iNaturalist,52,52,100,0,0.0
row,cosine,8,iNaturalist,53,53,100,0,0.0
row,cosine,8,iNaturalist,54,54,100,0,0.0
row,cosine,8,iNaturalist,55,55,100,0,0.0
row,cosine,8,iNaturalist,56,56,100,0,0.0
row,cosine,8,iNaturalist,57,57,100,0,0.0
row,cosine,8,iNaturalist,58,58,100,0,0.0
row,cosine,8,iNaturalist,59,59,100,0,0.0
row,cosine,8,iNaturalist,60,60,100,0,0.0
row,cosine,8,iNaturalist,61,61,100,0,0.0
row,cosine,8,iNaturalist,62,62,100,0,0.0
row,cosine,8,iNaturalist,63,63,100,0,0.0
row,cosine,8,iNaturalist,64,64,100,0,0.0
row,cosine,8,iNaturalist,65,65,100,0,0.0
row,cosine,8,iNaturalist,66,66,100,0,0.0
row,cosine,8,iNaturalist,67,67,100,0,0.0
row,cosine,8,iNaturalist,68,68,100,0,0.0
row,cosine,8,iNaturalist,69,69,100,0,0.0
row,cosine,8,iNaturalist,70,70,100,0,0.0
row,cosine,8,iNaturalist,71,71,100,0,0.0
row,cosine,8,iNaturalist,72,72,100,0,0.0
row,cosine,8,iNaturalist,73,73,100,0,0.0
row,cosine,8,iNaturalist,74,74,100,0,0.0
row,cosine,8,iNaturalist,75,75,100,0,0.0
row,cosine,8,iNaturalist,76,76,100,0,0.0
row,cosine,8,iNaturalist,77,77,100,0,0.0
row,cosine,8,iNaturalist,78,78,100,0,0.0
row,cosine,8,iNaturalist,79,79,100,0,0.0
row,cosine,8,iNaturalist,80,80,100,0,0.0
row,cosine,8,iNaturalist,81,81,100,0,0.0
row,cosine,8,iNaturalist,82,82,100,0,0.0
row,cosine,8,iNaturalist,83,83,100,0,0.0
row,cosine,8,iNaturalist,84,84,100,0,0.0
row,cosine,8,iNaturalist,85,85,100,0,0.0
row,cosine,8,iNaturalist,86,86,100,0,0.0
row,cosine,8,iNaturalist,87,87,100,0,0.0
row,cosine,8,iNaturalist,88,88,100,0,0.0
row,cosine,8,iNaturalist,89,89,100,0,0.0
row,cosine,8,iNaturalist,90,90,100,0,0.0
row,cosine,8,iNaturalist,91,91,100,0,0.0
row,cosine,8,iNaturalist,92,92,100,0,0.0
row,cosine,8,iNaturalist,93,93,100,0,0.0
row,cosine,8,iNaturalist,94,94,100,0,0.0
row,cosine,8,iNaturalist,95,95,100,0,0.0
row,cosine,8,iNaturalist,96,96,100,0,0.0
row,cosine,8,iNaturalist,97,97,100,0,0.0
row,cosine,8,iNaturalist,98,98,100,0,0.0
row,cosine,8,iNaturalist,99,99,100,0,0.0
row,cosine,9,PlantVillage,0,0,100,100,1.0
row,cosine,9,PlantVillage,1,1,100,100,1.0
row,cosine,9,PlantVillage,2,2,100,100,1.0
row,cosine,9,PlantVillage,3,3,100,100,1.0
row,cosine,9,PlantVillage,4,4,100,100,1.0
row,cosine,9,PlantVillage,5,5,100,100,1.0
row,cosine,9,PlantVillage,6,6,100,100,1.0
row,cosine,9,PlantVillage,7,7,100,100,1.0
row,cosine,9,PlantVillage,8,8,100,100,1.0
row,cosine,9,PlantVillage,9,9,100,100,1.0
row,cosine,9,PlantVillage,10,10,100,100,1.0
row,cosine,9,PlantVillage,11,11,100,100,1.0
row,cosine,9,PlantVillage,12,12,100,100,1.0
row,cosine,9,PlantVillage,13,13,100,100,1.0
row,cosine,9,PlantVillage,14,14,100,100,1.0
row,cosine,9,PlantVillage,15,15,100,100,1.0
row,cosine,9,PlantVillage,16,16,100,100,1.0
row,cosine,9,PlantVillage,17,17,100,100,1.0
row,cosine,9,PlantVillage,18,18,100,100,1.0
row,cosine,9,PlantVillage,19,19,100,100,1.0
row,cosine,9,PlantVillage,20,20,100,100,1.0
row,cosine,9,PlantVillage,21,21,100,100,1.0
row,cosine,9,PlantVillage,22,22,100,100,1.0
row,cosine,9,PlantVillage,23,23,100,100,1.0
row,cosine,9,PlantVillage,24,24,100,100,1.0
row,cosine,9,PlantVillage,25,25,100,100,1.0
row,cosine,9,PlantVillage,26,26,100,100,1.0
row,cosine,9,PlantVillage,27,27,100,100,1.0
row,cosine,9,PlantVillage,28,28,100,100,1.0
row,cosine,9,PlantVillage,29,29,100,100,1.0
row,cosine,9,PlantVillage,30,30,100,100,1.0
row,cosine,9,PlantVillage,31,31,100,100,1.0
row,cosine,9,PlantVillage,32,32,100,100,1.0
row,cosine,9,PlantVillage,33,33,100,100,1.0
row,cosine,9,PlantVillage,34,34,100,100,1.0
row,cosine,9,PlantVillage,35,35,100,100,1.0
row,cosine,9,PlantVillage,36,36,100,100,1.0
row,cosine,9,PlantVillage,37,37,100,100,1.0
row,cosine,9,PlantVillage,38,38,100,100,1.0
row,cosine,9,PlantVillage,39,39,100,100,1.0
row,cosine,9,PlantVillage,40,40,100,100,1.0
row,cosine,9,PlantVillage,41,41,100,100,1.0
row,cosine,9,PlantVillage,42,42,100,100,1.0
row,cosine,9,PlantVillage,43,43,100,100,1.0
row,cosine,9,PlantVillage,44,44,100,100,1.0
row,cosine,9,PlantVillage,45,45,100,100,1.0
row,cosine,9,PlantVillage,46,46,100,100,1.0
row,cosine,9,PlantVillage,47,47,100,100,1.0
row,cosine,9,PlantVillage,48,48,100,100,1.0
row,cosine,9,PlantVillage,49,49,100,100,1.0
row,cosine,9,PlantVillage,50,50,100,100,1.0
row,cosine,9,PlantVillage,51,51,100,100,1.0
row,cosine,9,PlantVillage,52,52,100,100,1.0
row,cosine,9,PlantVillage,53,53,100,100,1.0
row,cosine,9,PlantVillage,54,54,100,100,1.0
row,cosine,9,PlantVillage,55,55,100,100,1.0
row,cosine,9,PlantVillage,56,56,100,100,1.0
row,cosine,9,PlantVillage,57,57,100,100,1.0
row,cosine,9,PlantVillage,58,58,100,100,1.0
row,cosine,9,PlantVillage,59,59,100,100,1.0
row,cosine,9,PlantVillage,60,60,100,100,1.0
row,cosine,9,PlantVillage,61,61,100,100,1.0
row,cosine,9,PlantVillage,62,62,100,100,1.0
row,cosine,9,PlantVillage,63,63,100,100,1.0
row,cosine,9,PlantVillage,64,64,100,100,1.0
row,cosine,9,PlantVillage,65,65,100,100,1.0
row,cosine,9,PlantVillage,66,66,100,100,1.0
row,cosine,9,PlantVillage,67,67,100,100,1.0
row,cosine,9,PlantVillage,68,68,100,100,1.0
row,cosine,9,PlantVillage,69,69,100,100,1.0
row,cosine,9,PlantVillage,70,70,100,100,1.0
row,cosine,9,PlantVillage,71,71,100,100,1.0
row,cosine,9,PlantVillage,72,72,100,100,1.0
row,cosine,9,PlantVillage,73,73,100,100,1.0
row,cosine,9,PlantVillage,74,74,100,100,1.0
row,cosine,9,PlantVillage,75,75,100,100,1.0
row,cosine,9,PlantVillage,76,76,100,100,1.0
row,cosine,9,PlantVillage,77,77,100,100,1.0
row,cosine,9,PlantVillage,78,78,100,100,1.0
row,cosine,9,PlantVillage,79,79,100,100,1.0
row,cosine,9,PlantVillage,80,80,100,100,1.0
row,cosine,9,PlantVillage,81,81,100,100,1.0
row,cosine,9,PlantVillage,82,82,100,100,1.0
row,cosine,9,PlantVillage,83,83,100,100,1.0
row,cosine,9,PlantVillage,84,84,100,100,1.0
row,cosine,9,PlantVillage,85,85,100,100,1.0
row,cosine,9,PlantVillage,86,86,100,100,1.0
row,cosine,9,PlantVillage,87,87,100,100,1.0
row,cosine,9,PlantVillage,88,88,100,100,1.0
row,cosine,9,PlantVillage,89,89,100,100,1.0
row,cosine,9,PlantVillage,90,90,100,100,1.0
row,cosine,9,PlantVillage,91,91,100,100,1.0
row,cosine,9,PlantVillage,92,92,100,100,1.0
row,cosine,9,PlantVillage,93,93,100,100,1.0
row,cosine,9,PlantVillage,94,94,100,100,1.0
row,cosine,9,PlantVillage,95,95,100,100,1.0
row,cosine,9,PlantVillage,96,96,100,100,1.0
row,cosine,9,PlantVillage,97,97,100,100,1.0
row,cosine,9,PlantVillage,98,98,100,100,1.0
row,cosine,9,PlantVillage,99,99,100,100,1.0
row,cosine,10,ChestX-ray14,0,0,100,0,0.0
row,cosine,10,ChestX-ray14,1,1,100,0,0.0
row,cosine,10,ChestX-ray14,2,2,100,0,0.0
row,cosine,10,ChestX-ray14,3,3,100,0,0.0
row,cosine,10,ChestX-ray14,4,4,100,0,0.0
row,cosine,10,ChestX-ray14,5,5,100,0,0.0
row,cosine,10,ChestX-ray14,6,6,100,0,0.0
row,cosine,10,ChestX-ray14,7,7,100,0,0.0
row,cosine,10,ChestX-ray14,8,8,100,0,0.0
row,cosine,10,ChestX-ray14,9,9,100,0,0.0
row,cosine,10,ChestX-ray14,10,10,100,0,0.0
row,cosine,10,ChestX-ray14,11,11,100,0,0.0
row,cosine,10,ChestX-ray14,12,12,100,0,0.0
row,cosine,10,ChestX-ray14,13,13,100,0,0.0
row,cosine,10,ChestX-ray14,14,14,100,0,0.0
row,cosine,10,ChestX-ray14,15,15,100,0,0.0
row,cosine,10,ChestX-ray14,16,16,100,0,0.0
row,cosine,10,ChestX-ray14,17,17,100,0,0.0
row,cosine,10,ChestX-ray14,18,18,100,0,0.0
row,cosine,10,ChestX-ray14,19,19,100,0,0.0
row,cosine,10,ChestX-ray14,20,20,100,0,0.0
row,cosine,10,ChestX-ray14,21,21,100,0,0.0
row,cosine,10,ChestX-ray14,22,22,100,0,0.0
row,cosine,10,ChestX-ray14,23,23,100,0,0.0
row,cosine,10,ChestX-ray14,24,24,100,0,0.0
row,cosine,10,ChestX-ray14,25,25,100,0,0.0
row,cosine,10,ChestX-ray14,26,26,100,0,0.0
row,cosine,10,ChestX-ray14,27,27,100,0,0.0
row,cosine,10,ChestX-ray14,28,28,100,0,0.0
row,cosine,10,ChestX-ray14,29,29,100,0,0.0
row,cosine,10,ChestX-ray14,30,30,100,0,0.0
row,cosine,10,ChestX-ray14,31,31,100,0,0.0
row,cosine,10,ChestX-ray14,32,32,100,0,0.0
row,cosine,10,ChestX-ray14,33,33,100,0,0.0
row,cosine,10,ChestX-ray14,34,34,100,0,0.0
row,cosine,10,ChestX-ray14,35,35,100,0,0.0
row,cosine,10,ChestX-ray14,36,36,100,0,0.0
row,cosine,10,ChestX-ray14,37,37,100,0,0.0
row,cosine,10,ChestX-ray14,38,38,100,0,0.0
row,cosine,10,ChestX-ray14,39,39,100,0,0.0
row,cosine,10,ChestX-ray14,40,40,100,0,0.0
row,cosine,10,ChestX-ray14,41,41,100,0,0.0
row,cosine,10,ChestX-ray14,42,42,100,0,0.0
row,cosine,10,ChestX-ray14,43,43,100,0,0.0
row,cosine,10,ChestX-ray14,44,44,100,0,0.0
row,cosine,10,ChestX-ray14,45,45,100,0,0.0
row,cosine,10,ChestX-ray14,46,46,100,0,0.0
row,cosine,10,ChestX-ray14,47,47,100,0,0.0
row,cosine,10,ChestX-ray14,48,48,100,0,0.0
row,cosine,10,ChestX-ray14,49,49,100,0,0.0
row,cosine,10,ChestX-ray14,50,50,100,0,0.0
row,cosine,10,ChestX-ray14,51,51,100,0,0.0
row,cosine,10,ChestX-ray14,52,52,100,0,0.0
row,cosine,10,ChestX-ray14,53,53,100,0,0.0
row,cosine,10,ChestX-ray14,54,54,100,0,0.0
row,cosine,10,ChestX-ray14,55,55,100,0,0.0
row,cosine,10,ChestX-ray14,56,56,100,0,0.0
row,cosine,10,ChestX-ray14,57,57,100,0,0.0
row,cosine,10,ChestX-ray14,58,58,100,0,0.0
row,cosine,10,ChestX-ray14,59,59,100,0,0.0
row,cosine,10,ChestX-ray14,60,60,100,0,0.0
row,cosine,10,ChestX-ray14,61,61,100,0,0.0
row,cosine,10,ChestX-ray14,62,62,100,0,0.0
row,cosine,10,ChestX-ray14,63,63,100,0,0.0
row,cosine,10,ChestX-ray14,64,64,100,0,0.0
row,cosine,10,ChestX-ray14,65,65,100,0,0.0
row,cosine,10,ChestX-ray14,66,66,100,0,0.0
row,cosine,10,ChestX-ray14,67,67,100,0,0.0
row,cosine,10,ChestX-ray14,68,68,100,0,0.0
row,cosine,10,ChestX-ray14,69,69,100,0,0.0
row,cosine,10,ChestX-ray14,70,70,100,0,0.0
row,cosine,10,ChestX-ray14,71,71,100,0,0.0
row,cosine,10,ChestX-ray14,72,72,100,0,0.0
row,cosine,10,ChestX-ray14,73,73,100,0,0.0
row,cosine,10,ChestX-ray14,74,74,100,0,0.0
row,cosine,10,ChestX-ray14,75,75,100,0,0.0
row,cosine,10,ChestX-ray14,76,76,100,0,0.0
row,cosine,10,ChestX-ray14,77,77,100,0,0.0
row,cosine,10,ChestX-ray14,78,78,100,0,0.0
row,cosine,10,ChestX-ray14,79,79,100,0,0.0
row,cosine,10,ChestX-ray14,80,80,100,0,0.0
row,cosine,10,ChestX-ray14,81,81,100,0,0.0
row,cosine,10,ChestX-ray14,82,82,100,0,0.0
row,cosine,10,ChestX-ray14,83,83,100,0,0.0
row,cosine,10,ChestX-ray14,84,84,100,0,0.0
row,cosine,10,ChestX-ray14,85,85,100,0,0.0
row,cosine,10,ChestX-ray14,86,86,100,0,0.0
row,cosine,10,ChestX-ray14,87,87,100,0,0.0
row,cosine,10,ChestX-ray14,88,88,100,0,0.0
row,cosine,10,ChestX-ray14,89,89,100,0,0.0
row,cosine,10,ChestX-ray14,90,90,100,0,0.0
row,cosine,10,ChestX-ray14,91,91,100,0,0.0
row,cosine,10,ChestX-ray14,92,92,100,0,0.0
row,cosine,10,ChestX-ray14,93,93,100,0,0.0
row,cosine,10,ChestX-ray14,94,94,100,0,0.0
row,cosine,10,ChestX-ray14,95,95,100,0,0.0
row,cosine,10,ChestX-ray14,96,96,100,0,0.0
row,cosine,10,ChestX-ray14,97,97,100,0,0.0
row,cosine,10,ChestX-ray14,98,98,100,0,0.0
row,cosine,10,ChestX-ray14,99,99,100,0,0.0
row,cosine,11,Street View House Numbers,0,0,100,0,0.0
row,cosine,11,Street View House Numbers,1,1,100,0,0.0
row,cosine,11,Street View House Numbers,2,2,100,0,0.0
row,cosine,11,Street View House Numbers,3,3,100,0,0.0
row,cosine,11,Street View House Numbers,4,4,100,0,0.0
row,cosine,11,Street View House Numbers,5,5,100,0,0.0
row,cosine,11,Street View House Numbers,6,6,100,0,0.0
row,cosine,11,Street View House Numbers,7,7,100,0,0.0
row,cosine,11,Street View House Numbers,8,8,100,0,0.0
row,cosine,11,Street View House Numbers,9,9,100,0,0.0
row,cosine,11,Street View House Numbers,10,10,100,0,0.0
row,cosine,11,Street View House Numbers,11,11,100,0,0.0
row,cosine,11,Street View House Numbers,12,12,100,0,0.0
row,cosine,11,Street View House Numbers,13,13,100,0,0.0
row,cosine,11,Street View House Numbers,14,14,100,0,0.0
row,cosine,11,Street View House Numbers,15,15,100,0,0.0
row,cosine,11,Street View House Numbers,16,16,100,0,0.0
row,cosine,11,Street View House Numbers,17,17,100,0,0.0
row,cosine,11,Street View House Numbers,18,18,100,0,0.0
row,cosine,11,Street View House Numbers,19,19,100,0,0.0
row,cosine,11,Street View House Numbers,20,20,100,0,0.0
row,cosine,11,Street View House Numbers,21,21,100,0,0.0
row,cosine,11,Street View House Numbers,22,22,100,0,0.0
row,cosine,11,Street View House Numbers,23,23,100,0,0.0
row,cosine,11,Street View House Numbers,24,24,100,0,0.0
row,cosine,11,Street View House Numbers,25,25,100,0,0.0
row,cosine,11,Street View House Numbers,26,26,100,0,0.0
row,cosine,11,Street View House Numbers,27,27,100,0,0.0
row,cosine,11,Street View House Numbers,28,28,100,0,0.0
row,cosine,11,Street View House Numbers,29,29,100,0,0.0
row,cosine,11,Street View House Numbers,30,30,100,0,0.0
row,cosine,11,Street View House Numbers,31,31,100,0,0.0
row,cosine,11,Street View House Numbers,32,32,100,0,0.0
row,cosine,11,Street View House Numbers,33,33,100,0,0.0
row,cosine,11,Street View House Numbers,34,34,100,0,0.0
row,cosine,11,Street View House Numbers,35,35,100,0,0.0
row,cosine,11,Street View House Numbers,36,36,100,0,0.0
row,cosine,11,Street View House Numbers,37,37,100,0,0.0
row,cosine,11,Street View House Numbers,38,38,100,0,0.0
row,cosine,11,Street View House Numbers,39,39,100,0,0.0
row,cosine,11,Street View House Numbers,40,40,100,0,0.0
row,cosine,11,Street View House Numbers,41,41,100,0,0.0
row,cosine,11,Street View House Numbers,42,42,100,0,0.0
row,cosine,11,Street View House Numbers,43,43,100,0,0.0
row,cosine,11,Street View House Numbers,44,44,100,0,0.0
row,cosine,11,Street View House Numbers,45,45,100,0,0.0
row,cosine,11,Street View House Numbers,46,46,100,0,0.0
row,cosine,11,Street View House Numbers,47,47,100,0,0.0
row,cosine,11,Street View House Numbers,48,48,100,0,0.0
row,cosine,11,Street View House Numbers,49,49,100,0,0.0
row,cosine,11,Street View House Numbers,50,50,100,0,0.0
row,cosine,11,Street View House Numbers,51,51,100,0,0.0
row,cosine,11,Street View House Numbers,52,52,100,0,0.0
row,cosine,11,Street View House Numbers,53,53,100,0,0.0
row,cosine,11,Street View House Numbers,54,54,100,0,0.0
row,cosine,11,Street View House Numbers,55,55,100,0,0.0
row,cosine,11,Street View House Numbers,56,56,100,0,0.0
row,cosine,11,Street View House Numbers,57,57,100,0,0.0
row,cosine,11,Street View House Numbers,58,58,100,0,0.0
row,cosine,11,Street View House Numbers,59,59,100,0,0.0
row,cosine,11,Street View House Numbers,60,60,100,0,0.0
row,cosine,11,Street View House Numbers,61,61,100,0,0.0
row,cosine,11,Street View House Numbers,62,62,100,0,0.0
row,cosine,11,Street View House Numbers,63,63,100,0,0.0
row,cosine,11,Street View House Numbers,64,64,100,0,0.0
row,cosine,11,Street View House Numbers,65,65,100,0,0.0
row,cosine,11,Street View House Numbers,66,66,100,0,0.0
row,cosine,11,Street View House Numbers,67,67,100,0,0.0
row,cosine,11,Street View House Numbers,68,68,100,0,0.0
row,cosine,11,Street View House Numbers,69,69,100,0,0.0
row,cosine,11,Street View House Numbers,70,70,100,0,0.0
row,cosine,11,Street View House Numbers,71,71,100,0,0.0
row,cosine,11,Street View House Numbers,72,72,100,0,0.0
row,cosine,11,Street View House Numbers,73,73,100,0,0.0
row,cosine,11,Street View House Numbers,74,74,100,0,0.0
row,cosine,11,Street View House Numbers,75,75,100,0,0.0
row,cosine,11,Street View House Numbers,76,76,100,0,0.0
row,cosine,11,Street View House Numbers,77,77,100,0,0.0
row,cosine,11,Street View House Numbers,78,78,100,0,0.0
row,cosine,11,Street View House Numbers,79,79,100,0,0.0
row,cosine,11,Street View House Numbers,80,80,100,0,0.0
row,cosine,11,Street View House Numbers,81,81,100,0,0.0
row,cosine,11,Street View House Numbers,82,82,100,0,0.0
row,cosine,11,Street View House Numbers,83,83,100,0,0.0
row,cosine,11,Street View House Numbers,84,84,100,0,0.0
row,cosine,11,Street View House Numbers,85,85,100,0,0.0
row,cosine,11,Street View House Numbers,86,86,100,0,0.0
row,cosine,11,Street View House Numbers,87,87,100,0,0.0
row,cosine,11,Street View House Numbers,88,88,100,0,0.0
row,cosine,11,Street View House Numbers,89,89,100,0,0.0
row,cosine,11,Street View House Numbers,90,90,100,0,0.0
row,cosine,11,Street View House Numbers,91,91,100,0,0.0
row,cosine,11,Street View House Numbers,92,92,100,0,0.0
row,cosine,11,Street View House Numbers,93,93,100,0,0.0
row,cosine,11,Street View House Numbers,94,94,100,0,0.0
row,cosine,11,Street View House Numbers,95,95,100,0,0.0
row,cosine,11,Street View House Numbers,96,96,100,0,0.0
row,cosine,11,Street View House Numbers,97,97,100,0,0.0
row,cosine,11,Street View House Numbers,98,98,100,0,0.0
row,cosine,11,Street View House Numbers,99,99,100,0,0.0
row,cosine,12,EuroSAT,0,0,100,0,0.0
row,cosine,12,EuroSAT,1,1,100,0,0.0
row,cosine,12,EuroSAT,2,2,100,0,0.0
row,cosine,12,EuroSAT,3,3,100,0,0.0
row,cosine,12,EuroSAT,4,4,100,0,0.0
row,cosine,12,EuroSAT,5,5,100,0,0.0
row,cosine,12,EuroSAT,6,6,100,0,0.0
row,cosine,12,EuroSAT,7,7,100,0,0.0
row,cosine,12,EuroSAT,8,8,100,0,0.0
row,cosine,12,EuroSAT,9,9,100,0,0.0
row,cosine,12,EuroSAT,10,10,100,0,0.0
row,cosine,12,EuroSAT,11,11,100,0,0.0
row,cosine,12,EuroSAT,12,12,100,0,0.0
row,cosine,12,EuroSAT,13,13,100,0,0.0
row,cosine,12,EuroSAT,14,14,100,0,0.0
row,cosine,12,EuroSAT,15,15,100,0,0.0
row,cosine,12,EuroSAT,16,16,100,0,0.0
row,cosine,12,EuroSAT,17,17,100,0,0.0
row,cosine,12,EuroSAT,18,18,100,0,0.0
row,cosine,12,EuroSAT,19,19,100,0,0.0
row,cosine,12,EuroSAT,20,20,100,0,0.0
row,cosine,12,EuroSAT,21,21,100,0,0.0
row,cosine,12,EuroSAT,22,22,100,0,0.0
row,cosine,12,EuroSAT,23,23,100,0,0.0
row,cosine,12,EuroSAT,24,24,100,0,0.0
row,cosine,12,EuroSAT,25,25,100,0,0.0
row,cosine,12,EuroSAT,26,26,100,0,0.0
row,cosine,12,EuroSAT,27,27,100,0,0.0
row,cosine,12,EuroSAT,28,28,100,0,0.0
row,cosine,12,EuroSAT,29,29,100,0,0.0
row,cosine,12,EuroSAT,30,30,100,0,0.0
row,cosine,12,EuroSAT,31,31,100,0,0.0
row,cosine,12,EuroSAT,32,32,100,0,0.0
row,cosine,12,EuroSAT,33,33,100,0,0.0
row,cosine,12,EuroSAT,34,34,100,0,0.0
row,cosine,12,EuroSAT,35,35,100,0,0.0
row,cosine,12,EuroSAT,36,36,100,0,0.0
row,cosine,12,EuroSAT,37,37,100,0,0.0
row,cosine,12,EuroSAT,38,38,100,0,0.0
row,cosine,12,EuroSAT,39,39,100,0,0.0
row,cosine,12,EuroSAT,40,40,100,0,0.0
row,cosine,12,EuroSAT,41,41,100,0,0.0
row,cosine,12,EuroSAT,42,42,100,0,0.0
row,cosine,12,EuroSAT,43,43,100,0,0.0
row,cosine,12,EuroSAT,44,44,100,0,0.0
row,cosine,12,EuroSAT,45,45,100,0,0.0
row,cosine,12,EuroSAT,46,46,100,0,0.0
row,cosine,12,EuroSAT,47,47,100,0,0.0
row,cosine,12,EuroSAT,48,48,100,0,0.0
row,cosine,12,EuroSAT,49,49,100,0,0.0
row,cosine,12,EuroSAT,50,50,100,0,0.0
row,cosine,12,EuroSAT,51,51,100,0,0.0
row,cosine,12,EuroSAT,52,52,100,0,0.0
row,cosine,12,EuroSAT,53,53,100,0,0.0
row,cosine,12,EuroSAT,54,54,100,0,0.0
row,cosine,12,EuroSAT,55,55,100,0,0.0
row,cosine,12,EuroSAT,56,56,100,0,0.0
row,cosine,12,EuroSAT,57,57,100,0,0.0
row,cosine,12,EuroSAT,58,58,100,0,0.0
row,cosine,12,EuroSAT,59,59,100,0,0.0
row,cosine,12,EuroSAT,60,60,100,0,0.0
row,cosine,12,EuroSAT,61,61,100,0,0.0
row,cosine,12,EuroSAT,62,62,100,0,0.0
row,cosine,12,EuroSAT,63,63,100,0,0.0
row,cosine,12,EuroSAT,64,64,100,0,0.0
row,cosine,12,EuroSAT,65,65,100,0,0.0
row,cosine,12,EuroSAT,66,66,100,0,0.0
row,cosine,12,EuroSAT,67,67,100,0,0.0
row,cosine,12,EuroSAT,68,68,100,0,0.0
row,cosine,12,EuroSAT,69,69,100,0,0.0
row,cosine,12,EuroSAT,70,70,100,0,0.0
row,cosine,12,EuroSAT,71,71,100,0,0.0
row,cosine,12,EuroSAT,72,72,100,0,0.0
row,cosine,12,EuroSAT,73,73,100,0,0.0
row,cosine,12,EuroSAT,74,74,100,0,0.0
row,cosine,12,EuroSAT,75,75,100,0,0.0
row,cosine,12,EuroSAT,76,76,100,0,0.0
row,cosine,12,EuroSAT,77,77,100,0,0.0
row,cosine,12,EuroSAT,78,78,100,0,0.0
row,cosine,12,EuroSAT,79,79,100,0,0.0
row,cosine,12,EuroSAT,80,80,100,0,0.0
row,cosine,12,EuroSAT,81,81,100,0,0.0
row,cosine,12,EuroSAT,82,82,100,0,0.0
row,cosine,12,EuroSAT,83,83,100,0,0.0
row,cosine,12,EuroSAT,84,84,100,0,0.0
row,cosine,12,EuroSAT,85,85,100,0,0.0
row,cosine,12,EuroSAT,86,86,100,0,0.0
row,cosine,12,EuroSAT,87,87,100,0,0.0
row,cosine,12,EuroSAT,88,88,100,0,0.0
row,cosine,12,EuroSAT,89,89,100,0,0.0
row,cosine,12,EuroSAT,90,90,100,0,0.0
row,cosine,12,EuroSAT,91,91,100,0,0.0
row,cosine,12,EuroSAT,92,92,100,0,0.0
row,cosine,12,EuroSAT,93,93,100,0,0.0
row,cosine,12,EuroSAT,94,94,100,0,0.0
row,cosine,12,EuroSAT,95,95,100,0,0.0
row,cosine,12,EuroSAT,96,96,100,0,0.0
row,cosine,12,EuroSAT,97,97,100,0,0.0
row,cosine,12,EuroSAT,98,98,100,0,0.0
row,cosine,12,EuroSAT,99,99,100,0,0.0
row,cosine,13,Caltech-101,0,0,100,30,0.3
row,cosine,13,Caltech-101,1,1,100,29,0.29
row,cosine,13,Caltech-101,2,2,100,31,0.31
row,cosine,13,Caltech-101,3,3,100,40,0.4
row,cosine,13,Caltech-101,4,4,100,32,0.32
row,cosine,13,Caltech-101,5,5,100,35,0.35
row,cosine,13,Caltech-101,6,6,100,31,0.31
row,cosine,13,Caltech-101,7,7,100,34,0.34
row,cosine,13,Caltech-101,8,8,100,32,0.32
row,cosine,13,Caltech-101,9,9,100,25,0.25
row,cosine,13,Caltech-101,10,10,100,40,0.4
row,cosine,13,Caltech-101,11,11,100,37,0.37
row,cosine,13,Caltech-101,12,12,100,33,0.33
row,cosine,13,Caltech-101,13,13,100,29,0.29
row,cosine,13,Caltech-101,14,14,100,39,0.39
row,cosine,13,Caltech-101,15,15,100,28,0.28
row,cosine,13,Caltech-101,16,16,100,40,0.4
row,cosine,13,Caltech-101,17,17,100,32,0.32
row,cosine,13,Caltech-101,18,18,100,44,0.44
row,cosine,13,Caltech-101,19,19,100,39,0.39
row,cosine,13,Caltech-101,20,20,100,37,0.37
row,cosine,13,Caltech-101,21,21,100,35,0.35
row,cosine,13,Caltech-101,22,22,100,39,0.39
row,cosine,13,Caltech-101,23,23,100,28,0.28
row,cosine,13,Caltech-101,24,24,100,39,0.39
row,cosine,13,Caltech-101,25,25,100,32,0.32
row,cosine,13,Caltech-101,26,26,100,44,0.44
row,cosine,13,Caltech-101,27,27,100,31,0.31
row,cosine,13,Caltech-101,28,28,100,30,0.3
row,cosine,13,Caltech-101,29,29,100,39,0.39
row,cosine,13,Caltech-101,30,30,100,26,0.26
row,cosine,13,Caltech-101,31,31,100,31,0.31
row,cosine,13,Caltech-101,32,32,100,32,0.32
row,cosine,13,Caltech-101,33,33,100,39,0.39
row,cosine,13,Caltech-101,34,34,100,32,0.32
row,cosine,13,Caltech-101,35,35,100,24,0.24
row,cosine,13,Caltech-101,36,36,100,25,0.25
row,cosine,13,Caltech-101,37,37,100,44,0.44
row,cosine,13,Caltech-101,38,38,100,39,0.39
row,cosine,13,Caltech-101,39,39,100,31,0.31
row,cosine,13,Caltech-101,40,40,100,41,0.41
row,cosine,13,Caltech-101,41,41,100,36,0.36
row,cosine,13,Caltech-101,42,42,100,31,0.31
row,cosine,13,Caltech-101,43,43,100,39,0.39
row,cosine,13,Caltech-101,44,44,100,33,0.33
row,cosine,13,Caltech-101,45,45,100,28,0.28
row,cosine,13,Caltech-101,46,46,100,36,0.36
row,cosine,13,Caltech-101,47,47,100,30,0.3
row,cosine,13,Caltech-101,48,48,100,29,0.29
row,cosine,13,Caltech-101,49,49,100,29,0.29
row,cosine,13,Caltech-101,50,50,100,31,0.31
row,cosine,13,Caltech-101,51,51,100,32,0.32
row,cosine,13,Caltech-101,52,52,100,32,0.32
row,cosine,13,Caltech-101,53,53,100,23,0.23
row,cosine,13,Caltech-101,54,54,100,36,0.36
row,cosine,13,Caltech-101,55,55,100,38,0.38
row,cosine,13,Caltech-101,56,56,100,33,0.33
row,cosine,13,Caltech-101,57,57,100,36,0.36
row,cosine,13,Caltech-101,58,58,100,39,0.39
row,cosine,13,Caltech-101,59,59,100,42,0.42
row,cosine,13,Caltech-101,60,60,100,34,0.34
row,cosine,13,Caltech-101,61,61,100,29,0.29
row,cosine,13,Caltech-101,62,62,100,27,0.27
row,cosine,13,Caltech-101,63,63,100,36,0.36
row,cosine,13,Caltech-101,64,64,100,25,0.25
row,cosine,13,Caltech-101,65,65,100,35,0.35
row,cosine,13,Caltech-101,66,66,100,41,0.41
row,cosine,13,Caltech-101,67,67,100,29,0.29
row,cosine,13,Caltech-101,68,68,100,33,0.33
row,cosine,13,Caltech-101,69,69,100,28,0.28
row,cosine,13,Caltech-101,70,70,100,34,0.34
row,cosine,13,Caltech-101,71,71,100,39,0.39
row,cosine,13,Caltech-101,72,72,100,26,0.26
row,cosine,13,Caltech-101,73,73,100,28,0.28
row,cosine,13,Caltech-101,74,74,100,31,0.31
row,cosine,13,Caltech-101,75,75,100,38,0.38
row,cosine,13,Caltech-101,76,76,100,38,0.38
row,cosine,13,Caltech-101,77,77,100,28,0.28
row,cosine,13,Caltech-101,78,78,100,39,0.39
row,cosine,13,Caltech-101,79,79,100,29,0.29
row,cosine,13,Caltech-101,80,80,100,29,0.29
row,cosine,13,Caltech-101,81,81,100,36,0.36
row,cosine,13,Caltech-101,82,82,100,23,0.23
row,cosine,13,Caltech-101,83,83,100,34,0.34
row,cosine,13,Caltech-101,84,84,100,32,0.32
row,cosine,13,Caltech-101,85,85,100,34,0.34
row,cosine,13,Caltech-101,86,86,100,29,0.29
row,cosine,13,Caltech-101,87,87,100,33,0.33
row,cosine,13,Caltech-101,88,88,100,43,0.43
row,cosine,13,Caltech-101,89,89,100,37,0.37
row,cosine,13,Caltech-101,90,90,100,25,0.25
row,cosine,13,Caltech-101,91,91,100,33,0.33
row,cosine,13,Caltech-101,92,92,100,45,0.45
row,cosine,13,Caltech-101,93,93,100,26,0.26
row,cosine,13,Caltech-101,94,94,100,32,0.32
row,cosine,13,Caltech-101,95,95,100,30,0.3
row,cosine,13,Caltech-101,96,96,100,35,0.35
row,cosine,13,Caltech-101,97,97,100,39,0.39
row,cosine,13,Caltech-101,98,98,100,35,0.35
row,cosine,13,Caltech-101,99,99,100,34,0.34
row,cosine,14,Flowers-102,0,0,100,0,0.0
row,cosine,14,Flowers-102,1,1,100,0,0.0
row,cosine,14,Flowers-102,2,2,100,0,0.0
row,cosine,14,Flowers-102,3,3,100,0,0.0
row,cosine,14,Flowers-102,4,4,100,0,0.0
row,cosine,14,Flowers-102,5,5,100,0,0.0
row,cosine,14,Flowers-102,6,6,100,0,0.0
row,cosine,14,Flowers-102,7,7,100,0,0.0
row,cosine,14,Flowers-102,8,8,100,0,0.0
row,cosine,14,Flowers-102,9,9,100,0,0.0
row,cosine,14,Flowers-102,10,10,100,0,0.0
row,cosine,14,Flowers-102,11,11,100,0,0.0
row,cosine,14,Flowers-102,12,12,100,0,0.0
row,cosine,14,Flowers-102,13,13,100,0,0.0
row,cosine,14,Flowers-102,14,14,100,0,0.0
row,cosine,14,Flowers-102,15,15,100,0,0.0
row,cosine,14,Flowers-102,16,16,100,0,0.0
row,cosine,14,Flowers-102,17,17,100,0,0.0
row,cosine,14,Flowers-102,18,18,100,0,0.0
row,cosine,14,Flowers-102,19,19,100,0,0.0
row,cosine,14,Flowers-102,20,20,100,0,0.0
row,cosine,14,Flowers-102,21,21,100,0,0.0
row,cosine,14,Flowers-102,22,22,100,0,0.0
row,cosine,14,Flowers-102,23,23,100,0,0.0
row,cosine,14,Flowers-102,24,24,100,0,0.0
row,cosine,14,Flowers-102,25,25,100,0,0.0
row,cosine,14,Flowers-102,26,26,100,0,0.0
row,cosine,14,Flowers-102,27,27,100,0,0.0
row,cosine,14,Flowers-102,28,28,100,0,0.0
row,cosine,14,Flowers-102,29,29,100,0,0.0
row,cosine,14,Flowers-102,30,30,100,0,0.0
row,cosine,14,Flowers-102,31,31,100,0,0.0
row,cosine,14,Flowers-102,32,32,100,0,0.0
row,cosine,14,Flowers-102,33,33,100,0,0.0
row,cosine,14,Flowers-102,34,34,100,0,0.0
row,cosine,14,Flowers-102,35,35,100,0,0.0
row,cosine,14,Flowers-102,36,36,100,0,0.0
row,cosine,14,Flowers-102,37,37,100,0,0.0
row,cosine,14,Flowers-102,38,38,100,0,0.0
row,cosine,14,Flowers-102,39,39,100,0,0.0
row,cosine,14,Flowers-102,40,40,100,0,0.0
row,cosine,14,Flowers-102,41,41,100,0,0.0
row,cosine,14,Flowers-102,42,42,100,0,0.0
row,cosine,14,Flowers-102,43,43,100,0,0.0
row,cosine,14,Flowers-102,44,44,100,0,0.0
row,cosine,14,Flowers-102,45,45,100,0,0.0
row,cosine,14,Flowers-102,46,46,100,0,0.0
row,cosine,14,Flowers-102,47,47,100,0,0.0
row,cosine,14,Flowers-102,48,48,100,0,0.0
row,cosine,14,Flowers-102,49,49,100,0,0.0
row,cosine,14,Flowers-102,50,50,100,0,0.0
row,cosine,14,Flowers-102,51,51,100,0,0.0
row,cosine,14,Flowers-102,52,52,100,0,0.0
row,cosine,14,Flowers-102,53,53,100,0,0.0
row,cosine,14,Flowers-102,54,54,100,0,0.0
row,cosine,14,Flowers-102,55,55,100,0,0.0
row,cosine,14,Flowers-102,56,56,100,0,0.0
row,cosine,14,Flowers-102,57,57,100,0,0.0
row,cosine,14,Flowers-102,58,58,100,0,0.0
row,cosine,14,Flowers-102,59,59,100,0,0.0
row,cosine,14,Flowers-102,60,60,100,0,0.0
row,cosine,14,Flowers-102,61,61,100,0,0.0
row,cosine,14,Flowers-102,62,62,100,0,0.0
row,cosine,14,Flowers-102,63,63,100,0,0.0
row,cosine,14,Flowers-102,64,64,100,0,0.0
row,cosine,14,Flowers-102,65,65,100,0,0.0
row,cosine,14,Flowers-102,66,66,100,0,0.0
row,cosine,14,Flowers-102,67,67,100,0,0.0
row,cosine,14,Flowers-102,68,68,100,0,0.0
row,cosine,14,Flowers-102,69,69,100,0,0.0
row,cosine,14,Flowers-102,70,70,100,0,0.0
row,cosine,14,Flowers-102,71,71,100,0,0.0
row,cosine,14,Flowers-102,72,72,100,0,0.0
row,cosine,14,Flowers-102,73,73,100,0,0.0
row,cosine,14,Flowers-102,74,74,100,0,0.0
row,cosine,14,Flowers-102,75,75,100,0,0.0
row,cosine,14,Flowers-102,76,76,100,0,0.0
row,cosine,14,Flowers-102,77,77,100,0,0.0
row,cosine,14,Flowers-102,78,78,100,0,0.0
row,cosine,14,Flowers-102,79,79,100,0,0.0
row,cosine,14,Flowers-102,80,80,100,0,0.0
row,cosine,14,Flowers-102,81,81,100,0,0.0
row,cosine,14,Flowers-102,82,82,100,0,0.0
row,cosine,14,Flowers-102,83,83,100,0,0.0
row,cosine,14,Flowers-102,84,84,100,0,0.0
row,cosine,14,Flowers-102,85,85,100,0,0.0
row,cosine,14,Flowers-102,86,86,100,0,0.0
row,cosine,14,Flowers-102,87,87,100,0,0.0
row,cosine,14,Flowers-102,88,88,100,0,0.0
row,cosine,14,Flowers-102,89,89,100,0,0.0
row,cosine,14,Flowers-102,90,90,100,0,0.0
row,cosine,14,Flowers-102,91,91,100,0,0.0
row,cosine,14,Flowers-102,92,92,100,0,0.0
row,cosine,14,Flowers-102,93,93,100,0,0.0
row,cosine,14,Flowers-102,94,94,100,0,0.0
row,cosine,14,Flowers-102,95,95,100,0,0.0
row,cosine,14,Flowers-102,96,96,100,0,0.0
row,cosine,14,Flowers-102,97,97,100,0,0.0
row,cosine,14,Flowers-102,98,98,100,0,0.0
row,cosine,14,Flowers-102,99,99,100,0,0.0
row,cosine,15,Food-101,0,0,100,77,0.77
row,cosine,15,Food-101,1,1,100,81,0.81
row,cosine,15,Food-101,2,2,100,82,0.82
row,cosine,15,Food-101,3,3,100,81,0.81
row,cosine,15,Food-101,4,4,100,82,0.82
row,cosine,15,Food-101,5,5,100,79,0.79
row,cosine,15,Food-101,6,6,100,86,0.86
row,cosine,15,Food-101,7,7,100,89,0.89
row,cosine,15,Food-101,8,8,100,83,0.83
row,cosine,15,Food-101,9,9,100,88,0.88
row,cosine,15,Food-101,10,10,100,85,0.85
row,cosine,15,Food-101,11,11,100,86,0.86
row,cosine,15,Food-101,12,12,100,83,0.83
row,cosine,15,Food-101,13,13,100,84,0.84
row,cosine,15,Food-101,14,14,100,80,0.8
row,cosine,15,Food-101,15,15,100,74,0.74
row,cosine,15,Food-101,16,16,100,80,0.8
row,cosine,15,Food-101,17,17,100,82,0.82
row,cosine,15,Food-101,18,18,100,85,0.85
row,cosine,15,Food-101,19,19,100,80,0.8
row,cosine,15,Food-101,20,20,100,89,0.89
row,cosine,15,Food-101,21,21,100,86,0.86
row,cosine,15,Food-101,22,22,100,80,0.8
row,cosine,15,Food-101,23,23,100,80,0.8
row,cosine,15,Food-101,24,24,100,82,0.82
row,cosine,15,Food-101,25,25,100,85,0.85
row,cosine,15,Food-101,26,26,100,87,0.87
row,cosine,15,Food-101,27,27,100,80,0.8
row,cosine,15,Food-101,28,28,100,87,0.87
row,cosine,15,Food-101,29,29,100,87,0.87
row,cosine,15,Food-101,30,30,100,82,0.82
row,cosine,15,Food-101,31,31,100,77,0.77
row,cosine,15,Food-101,32,32,100,88,0.88
row,cosine,15,Food-101,33,33,100,79,0.79
row,cosine,15,Food-101,34,34,100,85,0.85
row,cosine,15,Food-101,35,35,100,85,0.85
row,cosine,15,Food-101,36,36,100,82,0.82
row,cosine,15,Food-101,37,37,100,81,0.81
row,cosine,15,Food-101,38,38,100,82,0.82
row,cosine,15,Food-101,39,39,100,89,0.89
row,cosine,15,Food-101,40,40,100,79,0.79
row,cosine,15,Food-101,41,41,100,80,0.8
row,cosine,15,Food-101,42,42,100,80,0.8
row,cosine,15,Food-101,43,43,100,88,0.88
row,cosine,15,Food-101,44,44,100,86,0.86
row,cosine,15,Food-101,45,45,100,82,0.82
row,cosine,15,Food-101,46,46,100,82,0.82
row,cosine,15,Food-101,47,47,100,80,0.8
row,cosine,15,Food-101,48,48,100,89,0.89
row,cosine,15,Food-101,49,49,100,86,0.86
row,cosine,15,Food-101,50,50,100,84,0.84
row,cosine,15,Food-101,51,51,100,81,0.81
row,cosine,15,Food-101,52,52,100,87,0.87
row,cosine,15,Food-101,53,53,100,79,0.79
row,cosine,15,Food-101,54,54,100,82,0.82
row,cosine,15,Food-101,55,55,100,76,0.76
row,cosine,15,Food-101,56,56,100,80,0.8
row,cosine,15,Food-101,57,57,100,84,0.84
row,cosine,15,Food-101,58,58,100,84,0.84
row,cosine,15,Food-101,59,59,100,84,0.84
row,cosine,15,Food-101,60,60,100,83,0.83
row,cosine,15,Food-101,61,61,100,84,0.84
row,cosine,15,Food-101,62,62,100,88,0.88
row,cosine,15,Food-101,63,63,100,91,0.91
row,cosine,15,Food-101,64,64,100,90,0.9
row,cosine,15,Food-101,65,65,100,85,0.85
row,cosine,15,Food-101,66,66,100,90,0.9
row,cosine,15,Food-101,67,67,100,80,0.8
row,cosine,15,Food-101,68,68,100,81,0.81
row,cosine,15,Food-101,69,69,100,80,0.8
row,cosine,15,Food-101,70,70,100,82,0.82
row,cosine,15,Food-101,71,71,100,81,0.81
row,cosine,15,Food-101,72,72,100,81,0.81
row,cosine,15,Food-101,73,73,100,85,0.85
row,cosine,15,Food-101,74,74,100,86,0.86
row,cosine,15,Food-101,75,75,100,86,0.86
row,cosine,15,Food-101,76,76,100,84,0.84
row,cosine,15,Food-101,77,77,100,79,0.79
row,cosine,15,Food-101,78,78,100,86,0.86
row,cosine,15,Food-101,79,79,100,89,0.89
row,cosine,15,Food-101,80,80,100,83,0.83
row,cosine,15,Food-101,81,81,100,86,0.86
row,cosine,15,Food-101,82,82,100,81,0.81
row,cosine,15,Food-101,83,83,100,85,0.85
row,cosine,15,Food-101,84,84,100,83,0.83
row,cosine,15,Food-101,85,85,100,76,0.76
row,cosine,15,Food-101,86,86,100,89,0.89
row,cosine,15,Food-101,87,87,100,90,0.9
row,cosine,15,Food-101,88,88,100,75,0.75
row,cosine,15,Food-101,89,89,100,84,0.84
row,cosine,15,Food-101,90,90,100,82,0.82
row,cosine,15,Food-101,91,91,100,86,0.86
row,cosine,15,Food-101,92,92,100,83,0.83
row,cosine,15,Food-101,93,93,100,79,0.79
row,cosine,15,Food-101,94,94,100,84,0.84
row,cosine,15,Food-101,95,95,100,85,0.85
row,cosine,15,Food-101,96,96,100,81,0.81
row,cosine,15,Food-101,97,97,100,83,0.83
row,cosine,15,Food-101,98,98,100,84,0.84
row,cosine,15,Food-101,99,99,100,90,0.9
row,l2,0,CIFAR-10,0,0,100,0,0.0
row,l2,0,CIFAR-10,1,1,100,0,0.0
row,l2,0,CIFAR-10,2,2,100,0,0.0
row,l2,0,CIFAR-10,3,3,100,0,0.0
row,l2,0,CIFAR-10,4,4,100,0,0.0
row,l2,0,CIFAR-10,5,5,100,0,0.0
row,l2,0,CIFAR-10,6,6,100,0,0.0
row,l2,0,CIFAR-10,7,7,100,0,0.0
row,l2,0,CIFAR-10,8,8,100,0,0.0
row,l2,0,CIFAR-10,9,9,100,0,0.0
row,l2,0,CIFAR-10,10,10,100,0,0.0
row,l2,0,CIFAR-10,11,11,100,0,0.0
row,l2,0,CIFAR-10,12,12,100,0,0.0
row,l2,0,CIFAR-10,13,13,100,0,0.0
row,l2,0,CIFAR-10,14,14,100,0,0.0
row,l2,0,CIFAR-10,15,15,100,0,0.0
row,l2,0,CIFAR-10,16,16,100,0,0.0
row,l2,0,CIFAR-10,17,17,100,0,0.0
row,l2,0,CIFAR-10,18,18,100,0,0.0
row,l2,0,CIFAR-10,19,19,100,0,0.0
row,l2,0,CIFAR-10,20,20,100,0,0.0
row,l2,0,CIFAR-10,21,21,100,0,0.0
row,l2,0,CIFAR-10,22,22,100,0,0.0
row,l2,0,CIFAR-10,23,23,100,0,0.0
row,l2,0,CIFAR-10,24,24,100,0,0.0
row,l2,0,CIFAR-10,25,25,100,0,0.0
row,l2,0,CIFAR-10,26,26,100,0,0.0
row,l2,0,CIFAR-10,27,27,100,0,0.0
row,l2,0,CIFAR-10,28,28,100,0,0.0
row,l2,0,CIFAR-10,29,29,100,0,0.0
row,l2,0,CIFAR-10,30,30,100,0,0.0
row,l2,0,CIFAR-10,31,31,100,0,0.0
row,l2,0,CIFAR-10,32,32,100,0,0.0
row,l2,0,CIFAR-10,33,33,100,0,0.0
row,l2,0,CIFAR-10,34,34,100,0,0.0
row,l2,0,CIFAR-10,35,35,100,0,0.0
row,l2,0,CIFAR-10,36,36,100,0,0.0
row,l2,0,CIFAR-10,37,37,100,0,0.0
row,l2,0,CIFAR-10,38,38,100,0,0.0
row,l2,0,CIFAR-10,39,39,100,0,0.0
row,l2,0,CIFAR-10,40,40,100,0,0.0
row,l2,0,CIFAR-10,41,41,100,0,0.0
row,l2,0,CIFAR-10,42,42,100,0,0.0
row,l2,0,CIFAR-10,43,43,100,0,0.0
row,l2,0,CIFAR-10,44,44,100,0,0.0
row,l2,0,CIFAR-10,45,45,100,0,0.0
row,l2,0,CIFAR-10,46,46,100,0,0.0
row,l2,0,CIFAR-10,47,47,100,0,0.0
row,l2,0,CIFAR-10,48,48,100,0,0.0
row,l2,0,CIFAR-10,49,49,100,0,0.0
row,l2,0,CIFAR-10,50,50,100,0,0.0
row,l2,0,CIFAR-10,51,51,100,0,0.0
row,l2,0,CIFAR-10,52,52,100,0,0.0
row,l2,0,CIFAR-10,53,53,100,0,0.0
row,l2,0,CIFAR-10,54,54,100,0,0.0
row,l2,0,CIFAR-10,55,55,100,0,0.0
row,l2,0,CIFAR-10,56,56,100,0,0.0
row,l2,0,CIFAR-10,57,57,100,0,0.0
row,l2,0,CIFAR-10,58,58,100,0,0.0
row,l2,0,CIFAR-10,59,59,100,0,0.0
row,l2,0,CIFAR-10,60,60,100,0,0.0
row,l2,0,CIFAR-10,61,61,100,0,0.0
row,l2,0,CIFAR-10,62,62,100,0,0.0
row,l2,0,CIFAR-10,63,63,100,0,0.0
row,l2,0,CIFAR-10,64,64,100,0,0.0
row,l2,0,CIFAR-10,65,65,100,0,0.0
row,l2,0,CIFAR-10,66,66,100,0,0.0
row,l2,0,CIFAR-10,67,67,100,0,0.0
row,l2,0,CIFAR-10,68,68,100,0,0.0
row,l2,0,CIFAR-10,69,69,100,0,0.0
row,l2,0,CIFAR-10,70,70,100,0,0.0
row,l2,0,CIFAR-10,71,71,100,0,0.0
row,l2,0,CIFAR-10,72,72,100,0,0.0
row,l2,0,CIFAR-10,73,73,100,0,0.0
row,l2,0,CIFAR-10,74,74,100,0,0.0
row,l2,0,CIFAR-10,75,75,100,0,0.0
row,l2,0,CIFAR-10,76,76,100,0,0.0
row,l2,0,CIFAR-10,77,77,100,0,0.0
row,l2,0,CIFAR-10,78,78,100,0,0.0
row,l2,0,CIFAR-10,79,79,100,0,0.0
row,l2,0,CIFAR-10,80,80,100,0,0.0
row,l2,0,CIFAR-10,81,81,100,0,0.0
row,l2,0,CIFAR-10,82,82,100,0,0.0
row,l2,0,CIFAR-10,83,83,100,0,0.0
row,l2,0,CIFAR-10,84,84,100,0,0.0
row,l2,0,CIFAR-10,85,85,100,0,0.0
row,l2,0,CIFAR-10,86,86,100,0,0.0
row,l2,0,CIFAR-10,87,87,100,0,0.0
row,l2,0,CIFAR-10,88,88,100,0,0.0
row,l2,0,CIFAR-10,89,89,100,0,0.0
row,l2,0,CIFAR-10,90,90,100,0,0.0
row,l2,0,CIFAR-10,91,91,100,0,0.0
row,l2,0,CIFAR-10,92,92,100,0,0.0
row,l2,0,CIFAR-10,93,93,100,0,0.0
row,l2,0,CIFAR-10,94,94,100,0,0.0
row,l2,0,CIFAR-10,95,95,100,0,0.0
row,l2,0,CIFAR-10,96,96,100,0,0.0
row,l2,0,CIFAR-10,97,97,100,0,0.0
row,l2,0,CIFAR-10,98,98,100,0,0.0
row,l2,0,CIFAR-10,99,99,100,0,0.0
row,l2,1,MNIST,0,0,100,0,0.0
row,l2,1,MNIST,1,1,100,0,0.0
row,l2,1,MNIST,2,2,100,0,0.0
row,l2,1,MNIST,3,3,100,0,0.0
row,l2,1,MNIST,4,4,100,0,0.0
row,l2,1,MNIST,5,5,100,0,0.0
row,l2,1,MNIST,6,6,100,0,0.0
row,l2,1,MNIST,7,7,100,0,0.0
row,l2,1,MNIST,8,8,100,0,0.0
row,l2,1,MNIST,9,9,100,0,0.0
row,l2,1,MNIST,10,10,100,0,0.0
row,l2,1,MNIST,11,11,100,0,0.0
row,l2,1,MNIST,12,12,100,0,0.0
row,l2,1,MNIST,13,13,100,0,0.0
row,l2,1,MNIST,14,14,100,0,0.0
row,l2,1,MNIST,15,15,100,0,0.0
row,l2,1,MNIST,16,16,100,0,0.0
row,l2,1,MNIST,17,17,100,0,0.0
row,l2,1,MNIST,18,18,100,0,0.0
row,l2,1,MNIST,19,19,100,0,0.0
row,l2,1,MNIST,20,20,100,0,0.0
row,l2,1,MNIST,21,21,100,0,0.0
row,l2,1,MNIST,22,22,100,0,0.0
row,l2,1,MNIST,23,23,100,0,0.0
row,l2,1,MNIST,24,24,100,0,0.0
row,l2,1,MNIST,25,25,100,0,0.0
row,l2,1,MNIST,26,26,100,0,0.0
row,l2,1,MNIST,27,27,100,0,0.0
row,l2,1,MNIST,28,28,100,0,0.0
row,l2,1,MNIST,29,29,100,0,0.0
row,l2,1,MNIST,30,30,100,0,0.0
row,l2,1,MNIST,31,31,100,0,0.0
row,l2,1,MNIST,32,32,100,0,0.0
row,l2,1,MNIST,33,33,100,0,0.0
row,l2,1,MNIST,34,34,100,0,0.0
row,l2,1,MNIST,35,35,100,0,0.0
row,l2,1,MNIST,36,36,100,0,0.0
row,l2,1,MNIST,37,37,100,0,0.0
row,l2,1,MNIST,38,38,100,0,0.0
row,l2,1,MNIST,39,39,100,0,0.0
row,l2,1,MNIST,40,40,100,0,0.0
row,l2,1,MNIST,41,41,100,0,0.0
row,l2,1,MNIST,42,42,100,0,0.0
row,l2,1,MNIST,43,43,100,0,0.0
row,l2,1,MNIST,44,44,100,0,0.0
row,l2,1,MNIST,45,45,100,0,0.0
row,l2,1,MNIST,46,46,100,0,0.0
row,l2,1,MNIST,47,47,100,0,0.0
row,l2,1,MNIST,48,48,100,0,0.0
row,l2,1,MNIST,49,49,100,0,0.0
row,l2,1,MNIST,50,50,100,0,0.0
row,l2,1,MNIST,51,51,100,0,0.0
row,l2,1,MNIST,52,52,100,0,0.0
row,l2,1,MNIST,53,53,100,0,0.0
row,l2,1,MNIST,54,54,100,0,0.0
row,l2,1,MNIST,55,55,100,0,0.0
row,l2,1,MNIST,56,56,100,0,0.0
row,l2,1,MNIST,57,57,100,0,0.0
row,l2,1,MNIST,58,58,100,0,0.0
row,l2,1,MNIST,59,59,100,0,0.0
row,l2,1,MNIST,60,60,100,0,0.0
row,l2,1,MNIST,61,61,100,0,0.0
row,l2,1,MNIST,62,62,100,0,0.0
row,l2,1,MNIST,63,63,100,0,0.0
row,l2,1,MNIST,64,64,100,0,0.0
row,l2,1,MNIST,65,65,100,0,0.0
row,l2,1,MNIST,66,66,100,0,0.0
row,l2,1,MNIST,67,67,100,0,0.0
row,l2,1,MNIST,68,68,100,0,0.0
row,l2,1,MNIST,69,69,100,0,0.0
row,l2,1,MNIST,70,70,100,0,0.0
row,l2,1,MNIST,71,71,100,0,0.0
row,l2,1,MNIST,72,72,100,0,0.0
row,l2,1,MNIST,73,73,100,0,0.0
row,l2,1,MNIST,74,74,100,0,0.0
row,l2,1,MNIST,75,75,100,0,0.0
row,l2,1,MNIST,76,76,100,0,0.0
row,l2,1,MNIST,77,77,100,0,0.0
row,l2,1,MNIST,78,78,100,0,0.0
row,l2,1,MNIST,79,79,100,0,0.0
row,l2,1,MNIST,80,80,100,0,0.0
row,l2,1,MNIST,81,81,100,0,0.0
row,l2,1,MNIST,82,82,100,0,0.0
row,l2,1,MNIST,83,83,100,0,0.0
row,l2,1,MNIST,84,84,100,0,0.0
row,l2,1,MNIST,85,85,100,0,0.0
row,l2,1,MNIST,86,86,100,0,0.0
row,l2,1,MNIST,87,87,100,0,0.0
row,l2,1,MNIST,88,88,100,0,0.0
row,l2,1,MNIST,89,89,100,0,0.0
row,l2,1,MNIST,90,90,100,0,0.0
row,l2,1,MNIST,91,91,100,0,0.0
row,l2,1,MNIST,92,92,100,0,0.0
row,l2,1,MNIST,93,93,100,0,0.0
row,l2,1,MNIST,94,94,100,0,0.0
row,l2,1,MNIST,95,95,100,0,0.0
row,l2,1,MNIST,96,96,100,0,0.0
row,l2,1,MNIST,97,97,100,0,0.0
row,l2,1,MNIST,98,98,100,0,0.0
row,l2,1,MNIST,99,99,100,0,0.0
row,l2,2,Fashion-MNIST,0,0,100,46,0.46
row,l2,2,Fashion-MNIST,1,1,100,48,0.48
row,l2,2,Fashion-MNIST,2,2,100,44,0.44
row,l2,2,Fashion-MNIST,3,3,100,53,0.53
row,l2,2,Fashion-MNIST,4,4,100,61,0.61
row,l2,2,Fashion-MNIST,5,5,100,37,0.37
row,l2,2,Fashion-MNIST,6,6,100,46,0.46
row,l2,2,Fashion-MNIST,7,7,100,51,0.51
row,l2,2,Fashion-MNIST,8,8,100,59,0.59
row,l2,2,Fashion-MNIST,9,9,100,49,0.49
row,l2,2,Fashion-MNIST,10,10,100,57,0.57
row,l2,2,Fashion-MNIST,11,11,100,43,0.43
row,l2,2,Fashion-MNIST,12,12,100,49,0.49
row,l2,2,Fashion-MNIST,13,13,100,51,0.51
row,l2,2,Fashion-MNIST,14,14,100,49,0.49
row,l2,2,Fashion-MNIST,15,15,100,48,0.48
row,l2,2,Fashion-MNIST,16,16,100,45,0.45
row,l2,2,Fashion-MNIST,17,17,100,43,0.43
row,l2,2,Fashion-MNIST,18,18,100,44,0.44
row,l2,2,Fashion-MNIST,19,19,100,49,0.49
row,l2,2,Fashion-MNIST,20,20,100,47,0.47
row,l2,2,Fashion-MNIST,21,21,100,48,0.48
row,l2,2,Fashion-MNIST,22,22,100,48,0.48
row,l2,2,Fashion-MNIST,23,23,100,51,0.51
row,l2,2,Fashion-MNIST,24,24,100,51,0.51
row,l2,2,Fashion-MNIST,25,25,100,38,0.38
row,l2,2,Fashion-MNIST,26,26,100,49,0.49
row,l2,2,Fashion-MNIST,27,27,100,48,0.48
row,l2,2,Fashion-MNIST,28,28,100,57,0.57
row,l2,2,Fashion-MNIST,29,29,100,40,0.4
row,l2,2,Fashion-MNIST,30,30,100,40,0.4
row,l2,2,Fashion-MNIST,31,31,100,59,0.59
row,l2,2,Fashion-MNIST,32,32,100,47,0.47
row,l2,2,Fashion-MNIST,33,33,100,49,0.49
row,l2,2,Fashion-MNIST,34,34,100,55,0.55
row,l2,2,Fashion-MNIST,35,35,100,42,0.42
row,l2,2,Fashion-MNIST,36,36,100,44,0.44
row,l2,2,Fashion-MNIST,37,37,100,58,0.58
row,l2,2,Fashion-MNIST,38,38,100,50,0.5
row,l2,2,Fashion-MNIST,39,39,100,53,0.53
row,l2,2,Fashion-MNIST,40,40,100,48,0.48
row,l2,2,Fashion-MNIST,41,41,100,54,0.54
row,l2,2,Fashion-MNIST,42,42,100,47,0.47
row,l2,2,Fashion-MNIST,43,43,100,50,0.5
row,l2,2,Fashion-MNIST,44,44,100,44,0.44
row,l2,2,Fashion-MNIST,45,45,100,53,0.53
row,l2,2,Fashion-MNIST,46,46,100,56,0.56
row,l2,2,Fashion-MNIST,47,47,100,53,0.53
row,l2,2,Fashion-MNIST,48,48,100,59,0.59
row,l2,2,Fashion-MNIST,49,49,100,52,0.52
row,l2,2,Fashion-MNIST,50,50,100,38,0.38
row,l2,2,Fashion-MNIST,51,51,100,53,0.53
row,l2,2,Fashion-MNIST,52,52,100,58,0.58
row,l2,2,Fashion-MNIST,53,53,100,49,0.49
row,l2,2,Fashion-MNIST,54,54,100,52,0.52
row,l2,2,Fashion-MNIST,55,55,100,44,0.44
row,l2,2,Fashion-MNIST,56,56,100,41,0.41
row,l2,2,Fashion-MNIST,57,57,100,47,0.47
row,l2,2,Fashion-MNIST,58,58,100,50,0.5
row,l2,2,Fashion-MNIST,59,59,100,48,0.48
row,l2,2,Fashion-MNIST,60,60,100,41,0.41
row,l2,2,Fashion-MNIST,61,61,100,53,0.53
row,l2,2,Fashion-MNIST,62,62,100,54,0.54
row,l2,2,Fashion-MNIST,63,63,100,54,0.54
row,l2,2,Fashion-MNIST,64,64,100,48,0.48
row,l2,2,Fashion-MNIST,65,65,100,49,0.49
row,l2,2,Fashion-MNIST,66,66,100,56,0.56
row,l2,2,Fashion-MNIST,67,67,100,41,0.41
row,l2,2,Fashion-MNIST,68,68,100,49,0.49
row,l2,2,Fashion-MNIST,69,69,100,54,0.54
row,l2,2,Fashion-MNIST,70,70,100,52,0.52
row,l2,2,Fashion-MNIST,71,71,100,48,0.48
row,l2,2,Fashion-MNIST,72,72,100,51,0.51
row,l2,2,Fashion-MNIST,73,73,100,54,0.54
row,l2,2,Fashion-MNIST,74,74,100,53,0.53
row,l2,2,Fashion-MNIST,75,75,100,49,0.49
row,l2,2,Fashion-MNIST,76,76,100,54,0.54
row,l2,2,Fashion-MNIST,77,77,100,51,0.51
row,l2,2,Fashion-MNIST,78,78,100,51,0.51
row,l2,2,Fashion-MNIST,79,79,100,45,0.45
row,l2,2,Fashion-MNIST,80,80,100,50,0.5
row,l2,2,Fashion-MNIST,81,81,100,52,0.52
row,l2,2,Fashion-MNIST,82,82,100,52,0.52
row,l2,2,Fashion-MNIST,83,83,100,51,0.51
row,l2,2,Fashion-MNIST,84,84,100,47,0.47
row,l2,2,Fashion-MNIST,85,85,100,54,0.54
row,l2,2,Fashion-MNIST,86,86,100,50,0.5
row,l2,2,Fashion-MNIST,87,87,100,50,0.5
row,l2,2,Fashion-MNIST,88,88,100,45,0.45
row,l2,2,Fashion-MNIST,89,89,100,50,0.5
row,l2,2,Fashion-MNIST,90,90,100,45,0.45
row,l2,2,Fashion-MNIST,91,91,100,45,0.45
row,l2,2,Fashion-MNIST,92,92,100,57,0.57
row,l2,2,Fashion-MNIST,93,93,100,52,0.52
row,l2,2,Fashion-MNIST,94,94,100,45,0.45
row,l2,2,Fashion-MNIST,95,95,100,54,0.54
row,l2,2,Fashion-MNIST,96,96,100,51,0.51
row,l2,2,Fashion-MNIST,97,97,100,47,0.47
row,l2,2,Fashion-MNIST,98,98,100,50,0.5
row,l2,2,Fashion-MNIST,99,99,100,52,0.52
row,l2,3,Tiny ImageNet,0,0,100,12,0.12
row,l2,3,Tiny ImageNet,1,1,100,14,0.14
row,l2,3,Tiny ImageNet,2,2,100,12,0.12
row,l2,3,Tiny ImageNet,3,3,100,18,0.18
row,l2,3,Tiny ImageNet,4,4,100,11,0.11
row,l2,3,Tiny ImageNet,5,5,100,13,0.13
row,l2,3,Tiny ImageNet,6,6,100,15,0.15
row,l2,3,Tiny ImageNet,7,7,100,17,0.17
row,l2,3,Tiny ImageNet,8,8,100,18,0.18
row,l2,3,Tiny ImageNet,9,9,100,21,0.21
row,l2,3,Tiny ImageNet,10,10,100,9,0.09
row,l2,3,Tiny ImageNet,11,11,100,20,0.2
row,l2,3,Tiny ImageNet,12,12,100,18,0.18
row,l2,3,Tiny ImageNet,13,13,100,13,0.13
row,l2,3,Tiny ImageNet,14,14,100,16,0.16
row,l2,3,Tiny ImageNet,15,15,100,17,0.17
row,l2,3,Tiny ImageNet,16,16,100,17,0.17
row,l2,3,Tiny ImageNet,17,17,100,18,0.18
row,l2,3,Tiny ImageNet,18,18,100,21,0.21
row,l2,3,Tiny ImageNet,19,19,100,11,0.11
row,l2,3,Tiny ImageNet,20,20,100,19,0.19
row,l2,3,Tiny ImageNet,21,21,100,12,0.12
row,l2,3,Tiny ImageNet,22,22,100,14,0.14
row,l2,3,Tiny ImageNet,23,23,100,14,0.14
row,l2,3,Tiny ImageNet,24,24,100,14,0.14
row,l2,3,Tiny ImageNet,25,25,100,19,0.19
row,l2,3,Tiny ImageNet,26,26,100,10,0.1
row,l2,3,Tiny ImageNet,27,27,100,15,0.15
row,l2,3,Tiny ImageNet,28,28,100,15,0.15
row,l2,3,Tiny ImageNet,29,29,100,16,0.16
row,l2,3,Tiny ImageNet,30,30,100,14,0.14
row,l2,3,Tiny ImageNet,31,31,100,24,0.24
row,l2,3,Tiny ImageNet,32,32,100,15,0.15
row,l2,3,Tiny ImageNet,33,33,100,15,0.15
row,l2,3,Tiny ImageNet,34,34,100,19,0.19
row,l2,3,Tiny ImageNet,35,35,100,15,0.15
row,l2,3,Tiny ImageNet,36,36,100,21,0.21
row,l2,3,Tiny ImageNet,37,37,100,15,0.15
row,l2,3,Tiny ImageNet,38,38,100,16,0.16
row,l2,3,Tiny ImageNet,39,39,100,14,0.14
row,l2,3,Tiny ImageNet,40,40,100,19,0.19
row,l2,3,Tiny ImageNet,41,41,100,18,0.18
row,l2,3,Tiny ImageNet,42,42,100,17,0.17
row,l2,3,Tiny ImageNet,43,43,100,15,0.15
row,l2,3,Tiny ImageNet,44,44,100,11,0.11
row,l2,3,Tiny ImageNet,45,45,100,12,0.12
row,l2,3,Tiny ImageNet,46,46,100,19,0.19
row,l2,3,Tiny ImageNet,47,47,100,13,0.13
row,l2,3,Tiny ImageNet,48,48,100,16,0.16
row,l2,3,Tiny ImageNet,49,49,100,20,0.2
row,l2,3,Tiny ImageNet,50,50,100,23,0.23
row,l2,3,Tiny ImageNet,51,51,100,19,0.19
row,l2,3,Tiny ImageNet,52,52,100,11,0.11
row,l2,3,Tiny ImageNet,53,53,100,17,0.17
row,l2,3,Tiny ImageNet,54,54,100,27,0.27
row,l2,3,Tiny ImageNet,55,55,100,19,0.19
row,l2,3,Tiny ImageNet,56,56,100,13,0.13
row,l2,3,Tiny ImageNet,57,57,100,11,0.11
row,l2,3,Tiny ImageNet,58,58,100,19,0.19
row,l2,3,Tiny ImageNet,59,59,100,18,0.18
row,l2,3,Tiny ImageNet,60,60,100,20,0.2
row,l2,3,Tiny ImageNet,61,61,100,21,0.21
row,l2,3,Tiny ImageNet,62,62,100,17,0.17
row,l2,3,Tiny ImageNet,63,63,100,24,0.24
row,l2,3,Tiny ImageNet,64,64,100,12,0.12
row,l2,3,Tiny ImageNet,65,65,100,13,0.13
row,l2,3,Tiny ImageNet,66,66,100,22,0.22
row,l2,3,Tiny ImageNet,67,67,100,18,0.18
row,l2,3,Tiny ImageNet,68,68,100,23,0.23
row,l2,3,Tiny ImageNet,69,69,100,17,0.17
row,l2,3,Tiny ImageNet,70,70,100,15,0.15
row,l2,3,Tiny ImageNet,71,71,100,18,0.18
row,l2,3,Tiny ImageNet,72,72,100,14,0.14
row,l2,3,Tiny ImageNet,73,73,100,16,0.16
row,l2,3,Tiny ImageNet,74,74,100,16,0.16
row,l2,3,Tiny ImageNet,75,75,100,12,0.12
row,l2,3,Tiny ImageNet,76,76,100,13,0.13
row,l2,3,Tiny ImageNet,77,77,100,18,0.18
row,l2,3,Tiny ImageNet,78,78,100,17,0.17
row,l2,3,Tiny ImageNet,79,79,100,8,0.08
row,l2,3,Tiny ImageNet,80,80,100,30,0.3
row,l2,3,Tiny ImageNet,81,81,100,19,0.19
row,l2,3,Tiny ImageNet,82,82,100,19,0.19
row,l2,3,Tiny ImageNet,83,83,100,14,0.14
row,l2,3,Tiny ImageNet,84,84,100,19,0.19
row,l2,3,Tiny ImageNet,85,85,100,20,0.2
row,l2,3,Tiny ImageNet,86,86,100,15,0.15
row,l2,3,Tiny ImageNet,87,87,100,12,0.12
row,l2,3,Tiny ImageNet,88,88,100,14,0.14
row,l2,3,Tiny ImageNet,89,89,100,21,0.21
row,l2,3,Tiny ImageNet,90,90,100,19,0.19
row,l2,3,Tiny ImageNet,91,91,100,21,0.21
row,l2,3,Tiny ImageNet,92,92,100,17,0.17
row,l2,3,Tiny ImageNet,93,93,100,16,0.16
row,l2,3,Tiny ImageNet,94,94,100,17,0.17
row,l2,3,Tiny ImageNet,95,95,100,14,0.14
row,l2,3,Tiny ImageNet,96,96,100,22,0.22
row,l2,3,Tiny ImageNet,97,97,100,15,0.15
row,l2,3,Tiny ImageNet,98,98,100,18,0.18
row,l2,3,Tiny ImageNet,99,99,100,14,0.14
row,l2,4,BraTS,0,0,100,0,0.0
row,l2,4,BraTS,1,1,100,0,0.0
row,l2,4,BraTS,2,2,100,0,0.0
row,l2,4,BraTS,3,3,100,0,0.0
row,l2,4,BraTS,4,4,100,0,0.0
row,l2,4,BraTS,5,5,100,0,0.0
row,l2,4,BraTS,6,6,100,0,0.0
row,l2,4,BraTS,7,7,100,0,0.0
row,l2,4,BraTS,8,8,100,0,0.0
row,l2,4,BraTS,9,9,100,0,0.0
row,l2,4,BraTS,10,10,100,0,0.0
row,l2,4,BraTS,11,11,100,0,0.0
row,l2,4,BraTS,12,12,100,0,0.0
row,l2,4,BraTS,13,13,100,0,0.0
row,l2,4,BraTS,14,14,100,0,0.0
row,l2,4,BraTS,15,15,100,0,0.0
row,l2,4,BraTS,16,16,100,0,0.0
row,l2,4,BraTS,17,17,100,0,0.0
row,l2,4,BraTS,18,18,100,0,0.0
row,l2,4,BraTS,19,19,100,0,0.0
row,l2,4,BraTS,20,20,100,0,0.0
row,l2,4,BraTS,21,21,100,0,0.0
row,l2,4,BraTS,22,22,100,0,0.0
row,l2,4,BraTS,23,23,100,0,0.0
row,l2,4,BraTS,24,24,100,0,0.0
row,l2,4,BraTS,25,25,100,0,0.0
row,l2,4,BraTS,26,26,100,0,0.0
row,l2,4,BraTS,27,27,100,0,0.0
row,l2,4,BraTS,28,28,100,0,0.0
row,l2,4,BraTS,29,29,100,0,0.0
row,l2,4,BraTS,30,30,100,0,0.0
row,l2,4,BraTS,31,31,100,0,0.0
row,l2,4,BraTS,32,32,100,0,0.0
row,l2,4,BraTS,33,33,100,0,0.0
row,l2,4,BraTS,34,34,100,0,0.0
row,l2,4,BraTS,35,35,100,0,0.0
row,l2,4,BraTS,36,36,100,0,0.0
row,l2,4,BraTS,37,37,100,0,0.0
row,l2,4,BraTS,38,38,100,0,0.0
row,l2,4,BraTS,39,39,100,0,0.0
row,l2,4,BraTS,40,40,100,0,0.0
row,l2,4,BraTS,41,41,100,0,0.0
row,l2,4,BraTS,42,42,100,0,0.0
row,l2,4,BraTS,43,43,100,0,0.0
row,l2,4,BraTS,44,44,100,0,0.0
row,l2,4,BraTS,45,45,100,0,0.0
row,l2,4,BraTS,46,46,100,0,0.0
row,l2,4,BraTS,47,47,100,0,0.0
row,l2,4,BraTS,48,48,100,0,0.0
row,l2,4,BraTS,49,49,100,0,0.0
row,l2,4,BraTS,50,50,100,0,0.0
row,l2,4,BraTS,51,51,100,0,0.0
row,l2,4,BraTS,52,52,100,0,0.0
row,l2,4,BraTS,53,53,100,0,0.0
row,l2,4,BraTS,54,54,100,0,0.0
row,l2,4,BraTS,55,55,100,0,0.0
row,l2,4,BraTS,56,56,100,0,0.0
row,l2,4,BraTS,57,57,100,0,0.0
row,l2,4,BraTS,58,58,100,0,0.0
row,l2,4,BraTS,59,59,100,0,0.0
row,l2,4,BraTS,60,60,100,0,0.0
row,l2,4,BraTS,61,61,100,0,0.0
row,l2,4,BraTS,62,62,100,0,0.0
row,l2,4,BraTS,63,63,100,0,0.0
row,l2,4,BraTS,64,64,100,0,0.0
row,l2,4,BraTS,65,65,100,0,0.0
row,l2,4,BraTS,66,66,100,0,0.0
row,l2,4,BraTS,67,67,100,0,0.0
row,l2,4,BraTS,68,68,100,0,0.0
row,l2,4,BraTS,69,69,100,0,0.0
row,l2,4,BraTS,70,70,100,0,0.0
row,l2,4,BraTS,71,71,100,0,0.0
row,l2,4,BraTS,72,72,100,0,0.0
row,l2,4,BraTS,73,73,100,0,0.0
row,l2,4,BraTS,74,74,100,0,0.0
row,l2,4,BraTS,75,75,100,0,0.0
row,l2,4,BraTS,76,76,100,0,0.0
row,l2,4,BraTS,77,77,100,0,0.0
row,l2,4,BraTS,78,78,100,0,0.0
row,l2,4,BraTS,79,79,100,0,0.0
row,l2,4,BraTS,80,80,100,0,0.0
row,l2,4,BraTS,81,81,100,0,0.0
row,l2,4,BraTS,82,82,100,0,0.0
row,l2,4,BraTS,83,83,100,0,0.0
row,l2,4,BraTS,84,84,100,0,0.0
row,l2,4,BraTS,85,85,100,0,0.0
row,l2,4,BraTS,86,86,100,0,0.0
row,l2,4,BraTS,87,87,100,0,0.0
row,l2,4,BraTS,88,88,100,0,0.0
row,l2,4,BraTS,89,89,100,0,0.0
row,l2,4,BraTS,90,90,100,0,0.0
row,l2,4,BraTS,91,91,100,0,0.0
row,l2,4,BraTS,92,92,100,0,0.0
row,l2,4,BraTS,93,93,100,0,0.0
row,l2,4,BraTS,94,94,100,0,0.0
row,l2,4,BraTS,95,95,100,0,0.0
row,l2,4,BraTS,96,96,100,0,0.0
row,l2,4,BraTS,97,97,100,0,0.0
row,l2,4,BraTS,98,98,100,0,0.0
row,l2,4,BraTS,99,99,100,0,0.0
row,l2,5,Lung Mask Image Dataset,0,0,100,0,0.0
row,l2,5,Lung Mask Image Dataset,1,1,100,0,0.0
row,l2,5,Lung Mask Image Dataset,2,2,100,0,0.0
row,l2,5,Lung Mask Image Dataset,3,3,100,0,0.0
row,l2,5,Lung Mask Image Dataset,4,4,100,0,0.0
row,l2,5,Lung Mask Image Dataset,5,5,100,0,0.0
row,l2,5,Lung Mask Image Dataset,6,6,100,0,0.0
row,l2,5,Lung Mask Image Dataset,7,7,100,0,0.0
row,l2,5,Lung Mask Image Dataset,8,8,100,0,0.0
row,l2,5,Lung Mask Image Dataset,9,9,100,0,0.0
row,l2,5,Lung Mask Image Dataset,10,10,100,0,0.0
row,l2,5,Lung Mask Image Dataset,11,11,100,0,0.0
row,l2,5,Lung Mask Image Dataset,12,12,100,0,0.0
row,l2,5,Lung Mask Image Dataset,13,13,100,0,0.0
row,l2,5,Lung Mask Image Dataset,14,14,100,0,0.0
row,l2,5,Lung Mask Image Dataset,15,15,100,0,0.0
row,l2,5,Lung Mask Image Dataset,16,16,100,0,0.0
row,l2,5,Lung Mask Image Dataset,17,17,100,0,0.0
row,l2,5,Lung Mask Image Dataset,18,18,100,0,0.0
row,l2,5,Lung Mask Image Dataset,19,19,100,0,0.0
row,l2,5,Lung Mask Image Dataset,20,20,100,0,0.0
row,l2,5,Lung Mask Image Dataset,21,21,100,0,0.0
row,l2,5,Lung Mask Image Dataset,22,22,100,0,0.0
row,l2,5,Lung Mask Image Dataset,23,23,100,0,0.0
row,l2,5,Lung Mask Image Dataset,24,24,100,0,0.0
row,l2,5,Lung Mask Image Dataset,25,25,100,0,0.0
row,l2,5,Lung Mask Image Dataset,26,26,100,0,0.0
row,l2,5,Lung Mask Image Dataset,27,27,100,0,0.0
row,l2,5,Lung Mask Image Dataset,28,28,100,0,0.0
row,l2,5,Lung Mask Image Dataset,29,29,100,0,0.0
row,l2,5,Lung Mask Image Dataset,30,30,100,0,0.0
row,l2,5,Lung Mask Image Dataset,31,31,100,0,0.0
row,l2,5,Lung Mask Image Dataset,32,32,100,0,0.0
row,l2,5,Lung Mask Image Dataset,33,33,100,0,0.0
row,l2,5,Lung Mask Image Dataset,34,34,100,0,0.0
row,l2,5,Lung Mask Image Dataset,35,35,100,0,0.0
row,l2,5,Lung Mask Image Dataset,36,36,100,0,0.0
row,l2,5,Lung Mask Image Dataset,37,37,100,0,0.0
row,l2,5,Lung Mask Image Dataset,38,38,100,0,0.0
row,l2,5,Lung Mask Image Dataset,39,39,100,0,0.0
row,l2,5,Lung Mask Image Dataset,40,40,100,0,0.0
row,l2,5,Lung Mask Image Dataset,41,41,100,0,0.0
row,l2,5,Lung Mask Image Dataset,42,42,100,0,0.0
row,l2,5,Lung Mask Image Dataset,43,43,100,0,0.0
row,l2,5,Lung Mask Image Dataset,44,44,100,0,0.0
row,l2,5,Lung Mask Image Dataset,45,45,100,0,0.0
row,l2,5,Lung Mask Image Dataset,46,46,100,0,0.0
row,l2,5,Lung Mask Image Dataset,47,47,100,0,0.0
row,l2,5,Lung Mask Image Dataset,48,48,100,0,0.0
row,l2,5,Lung Mask Image Dataset,49,49,100,0,0.0
row,l2,5,Lung Mask Image Dataset,50,50,100,0,0.0
row,l2,5,Lung Mask Image Dataset,51,51,100,0,0.0
row,l2,5,Lung Mask Image Dataset,52,52,100,0,0.0
row,l2,5,Lung Mask Image Dataset,53,53,100,0,0.0
row,l2,5,Lung Mask Image Dataset,54,54,100,0,0.0
row,l2,5,Lung Mask Image Dataset,55,55,100,0,0.0
row,l2,5,Lung Mask Image Dataset,56,56,100,0,0.0
row,l2,5,Lung Mask Image Dataset,57,57,100,0,0.0
row,l2,5,Lung Mask Image Dataset,58,58,100,0,0.0
row,l2,5,Lung Mask Image Dataset,59,59,100,0,0.0
row,l2,5,Lung Mask Image Dataset,60,60,100,0,0.0
row,l2,5,Lung Mask Image Dataset,61,61,100,0,0.0
row,l2,5,Lung Mask Image Dataset,62,62,100,0,0.0
row,l2,5,Lung Mask Image Dataset,63,63,100,0,0.0
row,l2,5,Lung Mask Image Dataset,64,64,100,0,0.0
row,l2,5,Lung Mask Image Dataset,65,65,100,0,0.0
row,l2,5,Lung Mask Image Dataset,66,66,100,0,0.0
row,l2,5,Lung Mask Image Dataset,67,67,100,0,0.0
row,l2,5,Lung Mask Image Dataset,68,68,100,0,0.0
row,l2,5,Lung Mask Image Dataset,69,69,100,0,0.0
row,l2,5,Lung Mask Image Dataset,70,70,100,0,0.0
row,l2,5,Lung Mask Image Dataset,71,71,100,0,0.0
row,l2,5,Lung Mask Image Dataset,72,72,100,0,0.0
row,l2,5,Lung Mask Image Dataset,73,73,100,0,0.0
row,l2,5,Lung Mask Image Dataset,74,74,100,0,0.0
row,l2,5,Lung Mask Image Dataset,75,75,100,0,0.0
row,l2,5,Lung Mask Image Dataset,76,76,100,0,0.0
row,l2,5,Lung Mask Image Dataset,77,77,100,0,0.0
row,l2,5,Lung Mask Image Dataset,78,78,100,0,0.0
row,l2,5,Lung Mask Image Dataset,79,79,100,0,0.0
row,l2,5,Lung Mask Image Dataset,80,80,100,0,0.0
row,l2,5,Lung Mask Image Dataset,81,81,100,0,0.0
row,l2,5,Lung Mask Image Dataset,82,82,100,0,0.0
row,l2,5,Lung Mask Image Dataset,83,83,100,0,0.0
row,l2,5,Lung Mask Image Dataset,84,84,100,0,0.0
row,l2,5,Lung Mask Image Dataset,85,85,100,0,0.0
row,l2,5,Lung Mask Image Dataset,86,86,100,0,0.0
row,l2,5,Lung Mask Image Dataset,87,87,100,0,0.0
row,l2,5,Lung Mask Image Dataset,88,88,100,0,0.0
row,l2,5,Lung Mask Image Dataset,89,89,100,0,0.0
row,l2,5,Lung Mask Image Dataset,90,90,100,0,0.0
row,l2,5,Lung Mask Image Dataset,91,91,100,0,0.0
row,l2,5,Lung Mask Image Dataset,92,92,100,0,0.0
row,l2,5,Lung Mask Image Dataset,93,93,100,0,0.0
row,l2,5,Lung Mask Image Dataset,94,94,100,0,0.0
row,l2,5,Lung Mask Image Dataset,95,95,100,0,0.0
row,l2,5,Lung Mask Image Dataset,96,96,100,0,0.0
row,l2,5,Lung Mask Image Dataset,97,97,100,0,0.0
row,l2,5,Lung Mask Image Dataset,98,98,100,0,0.0
row,l2,5,Lung Mask Image Dataset,99,99,100,0,0.0
row,l2,6,Kvasir-SEG,0,0,100,62,0.62
row,l2,6,Kvasir-SEG,1,1,100,59,0.59
row,l2,6,Kvasir-SEG,2,2,100,68,0.68
row,l2,6,Kvasir-SEG,3,3,100,65,0.65
row,l2,6,Kvasir-SEG,4,4,100,74,0.74
row,l2,6,Kvasir-SEG,5,5,100,73,0.73
row,l2,6,Kvasir-SEG,6,6,100,69,0.69
row,l2,6,Kvasir-SEG,7,7,100,59,0.59
row,l2,6,Kvasir-SEG,8,8,100,56,0.56
row,l2,6,Kvasir-SEG,9,9,100,67,0.67
row,l2,6,Kvasir-SEG,10,10,100,66,0.66
row,l2,6,Kvasir-SEG,11,11,100,66,0.66
row,l2,6,Kvasir-SEG,12,12,100,62,0.62
row,l2,6,Kvasir-SEG,13,13,100,69,0.69
row,l2,6,Kvasir-SEG,14,14,100,63,0.63
row,l2,6,Kvasir-SEG,15,15,100,70,0.7
row,l2,6,Kvasir-SEG,16,16,100,72,0.72
row,l2,6,Kvasir-SEG,17,17,100,67,0.67
row,l2,6,Kvasir-SEG,18,18,100,68,0.68
row,l2,6,Kvasir-SEG,19,19,100,67,0.67
row,l2,6,Kvasir-SEG,20,20,100,63,0.63
row,l2,6,Kvasir-SEG,21,21,100,69,0.69
row,l2,6,Kvasir-SEG,22,22,100,74,0.74
row,l2,6,Kvasir-SEG,23,23,100,68,0.68
row,l2,6,Kvasir-SEG,24,24,100,75,0.75
row,l2,6,Kvasir-SEG,25,25,100,65,0.65
row,l2,6,Kvasir-SEG,26,26,100,69,0.69
row,l2,6,Kvasir-SEG,27,27,100,79,0.79
row,l2,6,Kvasir-SEG,28,28,100,73,0.73
row,l2,6,Kvasir-SEG,29,29,100,69,0.69
row,l2,6,Kvasir-SEG,30,30,100,58,0.58
row,l2,6,Kvasir-SEG,31,31,100,63,0.63
row,l2,6,Kvasir-SEG,32,32,100,72,0.72
row,l2,6,Kvasir-SEG,33,33,100,72,0.72
row,l2,6,Kvasir-SEG,34,34,100,60,0.6
row,l2,6,Kvasir-SEG,35,35,100,70,0.7
row,l2,6,Kvasir-SEG,36,36,100,73,0.73
row,l2,6,Kvasir-SEG,37,37,100,73,0.73
row,l2,6,Kvasir-SEG,38,38,100,60,0.6
row,l2,6,Kvasir-SEG,39,39,100,67,0.67
row,l2,6,Kvasir-SEG,40,40,100,71,0.71
row,l2,6,Kvasir-SEG,41,41,100,63,0.63
row,l2,6,Kvasir-SEG,42,42,100,68,0.68
row,l2,6,Kvasir-SEG,43,43,100,68,0.68
row,l2,6,Kvasir-SEG,44,44,100,70,0.7
row,l2,6,Kvasir-SEG,45,45,100,61,0.61
row,l2,6,Kvasir-SEG,46,46,100,69,0.69
row,l2,6,Kvasir-SEG,47,47,100,66,0.66
row,l2,6,Kvasir-SEG,48,48,100,66,0.66
row,l2,6,Kvasir-SEG,49,49,100,60,0.6
row,l2,6,Kvasir-SEG,50,50,100,63,0.63
row,l2,6,Kvasir-SEG,51,51,100,75,0.75
row,l2,6,Kvasir-SEG,52,52,100,67,0.67
row,l2,6,Kvasir-SEG,53,53,100,70,0.7
row,l2,6,Kvasir-SEG,54,54,100,73,0.73
row,l2,6,Kvasir-SEG,55,55,100,69,0.69
row,l2,6,Kvasir-SEG,56,56,100,61,0.61
row,l2,6,Kvasir-SEG,57,57,100,73,0.73
row,l2,6,Kvasir-SEG,58,58,100,65,0.65
row,l2,6,Kvasir-SEG,59,59,100,59,0.59
row,l2,6,Kvasir-SEG,60,60,100,61,0.61
row,l2,6,Kvasir-SEG,61,61,100,67,0.67
row,l2,6,Kvasir-SEG,62,62,100,68,0.68
row,l2,6,Kvasir-SEG,63,63,100,59,0.59
row,l2,6,Kvasir-SEG,64,64,100,65,0.65
row,l2,6,Kvasir-SEG,65,65,100,67,0.67
row,l2,6,Kvasir-SEG,66,66,100,75,0.75
row,l2,6,Kvasir-SEG,67,67,100,62,0.62
row,l2,6,Kvasir-SEG,68,68,100,67,0.67
row,l2,6,Kvasir-SEG,69,69,100,67,0.67
row,l2,6,Kvasir-SEG,70,70,100,73,0.73
row,l2,6,Kvasir-SEG,71,71,100,70,0.7
row,l2,6,Kvasir-SEG,72,72,100,68,0.68
row,l2,6,Kvasir-SEG,73,73,100,78,0.78
row,l2,6,Kvasir-SEG,74,74,100,60,0.6
row,l2,6,Kvasir-SEG,75,75,100,53,0.53
row,l2,6,Kvasir-SEG,76,76,100,69,0.69
row,l2,6,Kvasir-SEG,77,77,100,66,0.66
row,l2,6,Kvasir-SEG,78,78,100,70,0.7
row,l2,6,Kvasir-SEG,79,79,100,60,0.6
row,l2,6,Kvasir-SEG,80,80,100,64,0.64
row,l2,6,Kvasir-SEG,81,81,100,68,0.68
row,l2,6,Kvasir-SEG,82,82,100,70,0.7
row,l2,6,Kvasir-SEG,83,83,100,59,0.59
row,l2,6,Kvasir-SEG,84,84,100,73,0.73
row,l2,6,Kvasir-SEG,85,85,100,59,0.59
row,l2,6,Kvasir-SEG,86,86,100,71,0.71
row,l2,6,Kvasir-SEG,87,87,100,66,0.66
row,l2,6,Kvasir-SEG,88,88,100,74,0.74
row,l2,6,Kvasir-SEG,89,89,100,61,0.61
row,l2,6,Kvasir-SEG,90,90,100,56,0.56
row,l2,6,Kvasir-SEG,91,91,100,69,0.69
row,l2,6,Kvasir-SEG,92,92,100,66,0.66
row,l2,6,Kvasir-SEG,93,93,100,68,0.68
row,l2,6,Kvasir-SEG,94,94,100,71,0.71
row,l2,6,Kvasir-SEG,95,95,100,63,0.63
row,l2,6,Kvasir-SEG,96,96,100,74,0.74
row,l2,6,Kvasir-SEG,97,97,100,74,0.74
row,l2,6,Kvasir-SEG,98,98,100,55,0.55
row,l2,6,Kvasir-SEG,99,99,100,69,0.69
row,l2,7,Stanford Dogs,0,0,100,0,0.0
row,l2,7,Stanford Dogs,1,1,100,0,0.0
row,l2,7,Stanford Dogs,2,2,100,0,0.0
row,l2,7,Stanford Dogs,3,3,100,0,0.0
row,l2,7,Stanford Dogs,4,4,100,0,0.0
row,l2,7,Stanford Dogs,5,5,100,0,0.0
row,l2,7,Stanford Dogs,6,6,100,0,0.0
row,l2,7,Stanford Dogs,7,7,100,0,0.0
row,l2,7,Stanford Dogs,8,8,100,0,0.0
row,l2,7,Stanford Dogs,9,9,100,0,0.0
row,l2,7,Stanford Dogs,10,10,100,0,0.0
row,l2,7,Stanford Dogs,11,11,100,0,0.0
row,l2,7,Stanford Dogs,12,12,100,0,0.0
row,l2,7,Stanford Dogs,13,13,100,0,0.0
row,l2,7,Stanford Dogs,14,14,100,0,0.0
row,l2,7,Stanford Dogs,15,15,100,0,0.0
row,l2,7,Stanford Dogs,16,16,100,0,0.0
row,l2,7,Stanford Dogs,17,17,100,0,0.0
row,l2,7,Stanford Dogs,18,18,100,0,0.0
row,l2,7,Stanford Dogs,19,19,100,0,0.0
row,l2,7,Stanford Dogs,20,20,100,0,0.0
row,l2,7,Stanford Dogs,21,21,100,0,0.0
row,l2,7,Stanford Dogs,22,22,100,0,0.0
row,l2,7,Stanford Dogs,23,23,100,0,0.0
row,l2,7,Stanford Dogs,24,24,100,0,0.0
row,l2,7,Stanford Dogs,25,25,100,0,0.0
row,l2,7,Stanford Dogs,26,26,100,0,0.0
row,l2,7,Stanford Dogs,27,27,100,0,0.0
row,l2,7,Stanford Dogs,28,28,100,0,0.0
row,l2,7,Stanford Dogs,29,29,100,0,0.0
row,l2,7,Stanford Dogs,30,30,100,0,0.0
row,l2,7,Stanford Dogs,31,31,100,0,0.0
row,l2,7,Stanford Dogs,32,32,100,0,0.0
row,l2,7,Stanford Dogs,33,33,100,0,0.0
row,l2,7,Stanford Dogs,34,34,100,0,0.0
row,l2,7,Stanford Dogs,35,35,100,0,0.0
row,l2,7,Stanford Dogs,36,36,100,0,0.0
row,l2,7,Stanford Dogs,37,37,100,0,0.0
row,l2,7,Stanford Dogs,38,38,100,0,0.0
row,l2,7,Stanford Dogs,39,39,100,0,0.0
row,l2,7,Stanford Dogs,40,40,100,0,0.0
row,l2,7,Stanford Dogs,41,41,100,0,0.0
row,l2,7,Stanford Dogs,42,42,100,0,0.0
row,l2,7,Stanford Dogs,43,43,100,0,0.0
row,l2,7,Stanford Dogs,44,44,100,0,0.0
row,l2,7,Stanford Dogs,45,45,100,0,0.0
row,l2,7,Stanford Dogs,46,46,100,0,0.0
row,l2,7,Stanford Dogs,47,47,100,0,0.0
row,l2,7,Stanford Dogs,48,48,100,0,0.0
row,l2,7,Stanford Dogs,49,49,100,0,0.0
row,l2,7,Stanford Dogs,50,50,100,0,0.0
row,l2,7,Stanford Dogs,51,51,100,0,0.0
row,l2,7,Stanford Dogs,52,52,100,0,0.0
row,l2,7,Stanford Dogs,53,53,100,0,0.0
row,l2,7,Stanford Dogs,54,54,100,0,0.0
row,l2,7,Stanford Dogs,55,55,100,0,0.0
row,l2,7,Stanford Dogs,56,56,100,0,0.0
row,l2,7,Stanford Dogs,57,57,100,0,0.0
row,l2,7,Stanford Dogs,58,58,100,0,0.0
row,l2,7,Stanford Dogs,59,59,100,0,0.0
row,l2,7,Stanford Dogs,60,60,100,0,0.0
row,l2,7,Stanford Dogs,61,61,100,0,0.0
row,l2,7,Stanford Dogs,62,62,100,0,0.0
row,l2,7,Stanford Dogs,63,63,100,0,0.0
row,l2,7,Stanford Dogs,64,64,100,0,0.0
row,l2,7,Stanford Dogs,65,65,100,0,0.0
row,l2,7,Stanford Dogs,66,66,100,0,0.0
row,l2,7,Stanford Dogs,67,67,100,0,0.0
row,l2,7,Stanford Dogs,68,68,100,0,0.0
row,l2,7,Stanford Dogs,69,69,100,0,0.0
row,l2,7,Stanford Dogs,70,70,100,0,0.0
row,l2,7,Stanford Dogs,71,71,100,0,0.0
row,l2,7,Stanford Dogs,72,72,100,0,0.0
row,l2,7,Stanford Dogs,73,73,100,0,0.0
row,l2,7,Stanford Dogs,74,74,100,0,0.0
row,l2,7,Stanford Dogs,75,75,100,0,0.0
row,l2,7,Stanford Dogs,76,76,100,0,0.0
row,l2,7,Stanford Dogs,77,77,100,0,0.0
row,l2,7,Stanford Dogs,78,78,100,0,0.0
row,l2,7,Stanford Dogs,79,79,100,0,0.0
row,l2,7,Stanford Dogs,80,80,100,0,0.0
row,l2,7,Stanford Dogs,81,81,100,0,0.0
row,l2,7,Stanford Dogs,82,82,100,0,0.0
row,l2,7,Stanford Dogs,83,83,100,0,0.0
row,l2,7,Stanford Dogs,84,84,100,0,0.0
row,l2,7,Stanford Dogs,85,85,100,0,0.0
row,l2,7,Stanford Dogs,86,86,100,0,0.0
row,l2,7,Stanford Dogs,87,87,100,0,0.0
row,l2,7,Stanford Dogs,88,88,100,0,0.0
row,l2,7,Stanford Dogs,89,89,100,0,0.0
row,l2,7,Stanford Dogs,90,90,100,0,0.0
row,l2,7,Stanford Dogs,91,91,100,0,0.0
row,l2,7,Stanford Dogs,92,92,100,0,0.0
row,l2,7,Stanford Dogs,93,93,100,0,0.0
row,l2,7,Stanford Dogs,94,94,100,0,0.0
row,l2,7,Stanford Dogs,95,95,100,0,0.0
row,l2,7,Stanford Dogs,96,96,100,0,0.0
row,l2,7,Stanford Dogs,97,97,100,0,0.0
row,l2,7,Stanford Dogs,98,98,100,0,0.0
row,l2,7,Stanford Dogs,99,99,100,0,0.0
row,l2,8,iNaturalist,0,0,100,0,0.0
row,l2,8,iNaturalist,1,1,100,0,0.0
row,l2,8,iNaturalist,2,2,100,0,0.0
row,l2,8,iNaturalist,3,3,100,0,0.0
row,l2,8,iNaturalist,4,4,100,0,0.0
row,l2,8,iNaturalist,5,5,100,0,0.0
row,l2,8,iNaturalist,6,6,100,0,0.0
row,l2,8,iNaturalist,7,7,100,0,0.0
row,l2,8,iNaturalist,8,8,100,0,0.0
row,l2,8,iNaturalist,9,9,100,0,0.0
row,l2,8,iNaturalist,10,10,100,0,0.0
row,l2,8,iNaturalist,11,11,100,0,0.0
row,l2,8,iNaturalist,12,12,100,0,0.0
row,l2,8,iNaturalist,13,13,100,0,0.0
row,l2,8,iNaturalist,14,14,100,0,0.0
row,l2,8,iNaturalist,15,15,100,0,0.0
row,l2,8,iNaturalist,16,16,100,0,0.0
row,l2,8,iNaturalist,17,17,100,0,0.0
row,l2,8,iNaturalist,18,18,100,0,0.0
row,l2,8,iNaturalist,19,19,100,0,0.0
row,l2,8,iNaturalist,20,20,100,0,0.0
row,l2,8,iNaturalist,21,21,100,0,0.0
row,l2,8,iNaturalist,22,22,100,0,0.0
row,l2,8,iNaturalist,23,23,100,0,0.0
row,l2,8,iNaturalist,24,24,100,0,0.0
row,l2,8,iNaturalist,25,25,100,0,0.0
row,l2,8,iNaturalist,26,26,100,0,0.0
row,l2,8,iNaturalist,27,27,100,0,0.0
row,l2,8,iNaturalist,28,28,100,0,0.0
row,l2,8,iNaturalist,29,29,100,0,0.0
row,l2,8,iNaturalist,30,30,100,0,0.0
row,l2,8,iNaturalist,31,31,100,0,0.0
row,l2,8,iNaturalist,32,32,100,0,0.0
row,l2,8,iNaturalist,33,33,100,0,0.0
row,l2,8,iNaturalist,34,34,100,0,0.0
row,l2,8,iNaturalist,35,35,100,0,0.0
row,l2,8,iNaturalist,36,36,100,0,0.0
row,l2,8,iNaturalist,37,37,100,0,0.0
row,l2,8,iNaturalist,38,38,100,0,0.0
row,l2,8,iNaturalist,39,39,100,0,0.0
row,l2,8,iNaturalist,40,40,100,0,0.0
row,l2,8,iNaturalist,41,41,100,0,0.0
row,l2,8,iNaturalist,42,42,100,0,0.0
row,l2,8,iNaturalist,43,43,100,0,0.0
row,l2,8,iNaturalist,44,44,100,0,0.0
row,l2,8,iNaturalist,45,45,100,0,0.0
row,l2,8,iNaturalist,46,46,100,0,0.0
row,l2,8,iNaturalist,47,47,100,0,0.0
row,l2,8,iNaturalist,48,48,100,0,0.0
row,l2,8,iNaturalist,49,49,100,0,0.0
row,l2,8,iNaturalist,50,50,100,0,0.0
row,l2,8,iNaturalist,51,51,100,0,0.0
row,l2,8,iNaturalist,52,52,100,0,0.0
row,l2,8,iNaturalist,53,53,100,0,0.0
row,l2,8,iNaturalist,54,54,100,0,0.0
row,l2,8,iNaturalist,55,55,100,0,0.0
row,l2,8,iNaturalist,56,56,100,0,0.0
row,l2,8,iNaturalist,57,57,100,0,0.0
row,l2,8,iNaturalist,58,58,100,0,0.0
row,l2,8,iNaturalist,59,59,100,0,0.0
row,l2,8,iNaturalist,60,60,100,0,0.0
row,l2,8,iNaturalist,61,61,100,0,0.0
row,l2,8,iNaturalist,62,62,100,0,0.0
row,l2,8,iNaturalist,63,63,100,0,0.0
row,l2,8,iNaturalist,64,64,100,0,0.0
row,l2,8,iNaturalist,65,65,100,0,0.0
row,l2,8,iNaturalist,66,66,100,0,0.0
row,l2,8,iNaturalist,67,67,100,0,0.0
row,l2,8,iNaturalist,68,68,100,0,0.0
row,l2,8,iNaturalist,69,69,100,0,0.0
row,l2,8,iNaturalist,70,70,100,0,0.0
row,l2,8,iNaturalist,71,71,100,0,0.0
row,l2,8,iNaturalist,72,72,100,0,0.0
row,l2,8,iNaturalist,73,73,100,0,0.0
row,l2,8,iNaturalist,74,74,100,0,0.0
row,l2,8,iNaturalist,75,75,100,0,0.0
row,l2,8,iNaturalist,76,76,100,0,0.0
row,l2,8,iNaturalist,77,77,100,0,0.0
row,l2,8,iNaturalist,78,78,100,0,0.0
row,l2,8,iNaturalist,79,79,100,0,0.0
row,l2,8,iNaturalist,80,80,100,0,0.0
row,l2,8,iNaturalist,81,81,100,0,0.0
row,l2,8,iNaturalist,82,82,100,0,0.0
row,l2,8,iNaturalist,83,83,100,0,0.0
row,l2,8,iNaturalist,84,84,100,0,0.0
row,l2,8,iNaturalist,85,85,100,0,0.0
row,l2,8,iNaturalist,86,86,100,0,0.0
row,l2,8,iNaturalist,87,87,100,0,0.0
row,l2,8,iNaturalist,88,88,100,0,0.0
row,l2,8,iNaturalist,89,89,100,0,0.0
row,l2,8,iNaturalist,90,90,100,0,0.0
row,l2,8,iNaturalist,91,91,100,0,0.0
row,l2,8,iNaturalist,92,92,100,0,0.0
row,l2,8,iNaturalist,93,93,100,0,0.0
row,l2,8,iNaturalist,94,94,100,0,0.0
row,l2,8,iNaturalist,95,95,100,0,0.0
row,l2,8,iNaturalist,96,96,100,0,0.0
row,l2,8,iNaturalist,97,97,100,0,0.0
row,l2,8,iNaturalist,98,98,100,0,0.0
row,l2,8,iNaturalist,99,99,100,0,0.0
row,l2,9,PlantVillage,0,0,100,0,0.0
row,l2,9,PlantVillage,1,1,100,0,0.0
row,l2,9,PlantVillage,2,2,100,0,0.0
row,l2,9,PlantVillage,3,3,100,0,0.0
row,l2,9,PlantVillage,4,4,100,0,0.0
row,l2,9,PlantVillage,5,5,100,0,0.0
row,l2,9,PlantVillage,6,6,100,0,0.0
row,l2,9,PlantVillage,7,7,100,0,0.0
row,l2,9,PlantVillage,8,8,100,0,0.0
row,l2,9,PlantVillage,9,9,100,0,0.0
row,l2,9,PlantVillage,10,10,100,0,0.0
row,l2,9,PlantVillage,11,11,100,0,0.0
row,l2,9,PlantVillage,12,12,100,0,0.0
row,l2,9,PlantVillage,13,13,100,0,0.0
row,l2,9,PlantVillage,14,14,100,0,0.0
row,l2,9,PlantVillage,15,15,100,0,0.0
row,l2,9,PlantVillage,16,16,100,0,0.0
row,l2,9,PlantVillage,17,17,100,0,0.0
row,l2,9,PlantVillage,18,18,100,0,0.0
row,l2,9,PlantVillage,19,19,100,0,0.0
row,l2,9,PlantVillage,20,20,100,0,0.0
row,l2,9,PlantVillage,21,21,100,0,0.0
row,l2,9,PlantVillage,22,22,100,0,0.0
row,l2,9,PlantVillage,23,23,100,0,0.0
row,l2,9,PlantVillage,24,24,100,0,0.0
row,l2,9,PlantVillage,25,25,100,0,0.0
row,l2,9,PlantVillage,26,26,100,0,0.0
row,l2,9,PlantVillage,27,27,100,0,0.0
row,l2,9,PlantVillage,28,28,100,0,0.0
row,l2,9,PlantVillage,29,29,100,0,0.0
row,l2,9,PlantVillage,30,30,100,0,0.0
row,l2,9,PlantVillage,31,31,100,0,0.0
row,l2,9,PlantVillage,32,32,100,0,0.0
row,l2,9,PlantVillage,33,33,100,0,0.0
row,l2,9,PlantVillage,34,34,100,0,0.0
row,l2,9,PlantVillage,35,35,100,0,0.0
row,l2,9,PlantVillage,36,36,100,0,0.0
row,l2,9,PlantVillage,37,37,100,0,0.0
row,l2,9,PlantVillage,38,38,100,0,0.0
row,l2,9,PlantVillage,39,39,100,0,0.0
row,l2,9,PlantVillage,40,40,100,0,0.0
row,l2,9,PlantVillage,41,41,100,0,0.0
row,l2,9,PlantVillage,42,42,100,0,0.0
row,l2,9,PlantVillage,43,43,100,0,0.0
row,l2,9,PlantVillage,44,44,100,0,0.0
row,l2,9,PlantVillage,45,45,100,0,0.0
row,l2,9,PlantVillage,46,46,100,0,0.0
row,l2,9,PlantVillage,47,47,100,0,0.0
row,l2,9,PlantVillage,48,48,100,0,0.0
row,l2,9,PlantVillage,49,49,100,0,0.0
row,l2,9,PlantVillage,50,50,100,0,0.0
row,l2,9,PlantVillage,51,51,100,0,0.0
row,l2,9,PlantVillage,52,52,100,0,0.0
row,l2,9,PlantVillage,53,53,100,0,0.0
row,l2,9,PlantVillage,54,54,100,0,0.0
row,l2,9,PlantVillage,55,55,100,0,0.0
row,l2,9,PlantVillage,56,56,100,0,0.0
row,l2,9,PlantVillage,57,57,100,0,0.0
row,l2,9,PlantVillage,58,58,100,0,0.0
row,l2,9,PlantVillage,59,59,100,0,0.0
row,l2,9,PlantVillage,60,60,100,0,0.0
row,l2,9,PlantVillage,61,61,100,0,0.0
row,l2,9,PlantVillage,62,62,100,0,0.0
row,l2,9,PlantVillage,63,63,100,0,0.0
row,l2,9,PlantVillage,64,64,100,0,0.0
row,l2,9,PlantVillage,65,65,100,0,0.0
row,l2,9,PlantVillage,66,66,100,0,0.0
row,l2,9,PlantVillage,67,67,100,0,0.0
row,l2,9,PlantVillage,68,68,100,0,0.0
row,l2,9,PlantVillage,69,69,100,0,0.0
row,l2,9,PlantVillage,70,70,100,0,0.0
row,l2,9,PlantVillage,71,71,100,0,0.0
row,l2,9,PlantVillage,72,72,100,0,0.0
row,l2,9,PlantVillage,73,73,100,0,0.0
row,l2,9,PlantVillage,74,74,100,0,0.0
row,l2,9,PlantVillage,75,75,100,0,0.0
row,l2,9,PlantVillage,76,76,100,0,0.0
row,l2,9,PlantVillage,77,77,100,0,0.0
row,l2,9,PlantVillage,78,78,100,0,0.0
row,l2,9,PlantVillage,79,79,100,0,0.0
row,l2,9,PlantVillage,80,80,100,0,0.0
row,l2,9,PlantVillage,81,81,100,0,0.0
row,l2,9,PlantVillage,82,82,100,0,0.0
row,l2,9,PlantVillage,83,83,100,0,0.0
row,l2,9,PlantVillage,84,84,100,0,0.0
row,l2,9,PlantVillage,85,85,100,0,0.0
row,l2,9,PlantVillage,86,86,100,0,0.0
row,l2,9,PlantVillage,87,87,100,0,0.0
row,l2,9,PlantVillage,88,88,100,0,0.0
row,l2,9,PlantVillage,89,89,100,0,0.0
row,l2,9,PlantVillage,90,90,100,0,0.0
row,l2,9,PlantVillage,91,91,100,0,0.0
row,l2,9,PlantVillage,92,92,100,0,0.0
row,l2,9,PlantVillage,93,93,100,0,0.0
row,l2,9,PlantVillage,94,94,100,0,0.0
row,l2,9,PlantVillage,95,95,100,0,0.0
row,l2,9,PlantVillage,96,96,100,0,0.0
row,l2,9,PlantVillage,97,97,100,0,0.0
row,l2,9,PlantVillage,98,98,100,0,0.0
row,l2,9,PlantVillage,99,99,100,0,0.0
row,l2,10,ChestX-ray14,0,0,100,28,0.28
row,l2,10,ChestX-ray14,1,1,100,39,0.39
row,l2,10,ChestX-ray14,2,2,100,40,0.4
row,l2,10,ChestX-ray14,3,3,100,31,0.31
row,l2,10,ChestX-ray14,4,4,100,34,0.34
row,l2,10,ChestX-ray14,5,5,100,31,0.31
row,l2,10,ChestX-ray14,6,6,100,29,0.29
row,l2,10,ChestX-ray14,7,7,100,42,0.42
row,l2,10,ChestX-ray14,8,8,100,28,0.28
row,l2,10,ChestX-ray14,9,9,100,38,0.38
row,l2,10,ChestX-ray14,10,10,100,33,0.33
row,l2,10,ChestX-ray14,11,11,100,36,0.36
row,l2,10,ChestX-ray14,12,12,100,28,0.28
row,l2,10,ChestX-ray14,13,13,100,27,0.27
row,l2,10,ChestX-ray14,14,14,100,38,0.38
row,l2,10,ChestX-ray14,15,15,100,39,0.39
row,l2,10,ChestX-ray14,16,16,100,40,0.4
row,l2,10,ChestX-ray14,17,17,100,43,0.43
row,l2,10,ChestX-ray14,18,18,100,41,0.41
row,l2,10,ChestX-ray14,19,19,100,34,0.34
row,l2,10,ChestX-ray14,20,20,100,37,0.37
row,l2,10,ChestX-ray14,21,21,100,38,0.38
row,l2,10,ChestX-ray14,22,22,100,29,0.29
row,l2,10,ChestX-ray14,23,23,100,44,0.44
row,l2,10,ChestX-ray14,24,24,100,28,0.28
row,l2,10,ChestX-ray14,25,25,100,27,0.27
row,l2,10,ChestX-ray14,26,26,100,23,0.23
row,l2,10,ChestX-ray14,27,27,100,35,0.35
row,l2,10,ChestX-ray14,28,28,100,33,0.33
row,l2,10,ChestX-ray14,29,29,100,37,0.37
row,l2,10,ChestX-ray14,30,30,100,37,0.37
row,l2,10,ChestX-ray14,31,31,100,36,0.36
row,l2,10,ChestX-ray14,32,32,100,29,0.29
row,l2,10,ChestX-ray14,33,33,100,33,0.33
row,l2,10,ChestX-ray14,34,34,100,33,0.33
row,l2,10,ChestX-ray14,35,35,100,33,0.33
row,l2,10,ChestX-ray14,36,36,100,34,0.34
row,l2,10,ChestX-ray14,37,37,100,35,0.35
row,l2,10,ChestX-ray14,38,38,100,39,0.39
row,l2,10,ChestX-ray14,39,39,100,28,0.28
row,l2,10,ChestX-ray14,40,40,100,32,0.32
row,l2,10,ChestX-ray14,41,41,100,34,0.34
row,l2,10,ChestX-ray14,42,42,100,32,0.32
row,l2,10,ChestX-ray14,43,43,100,30,0.3
row,l2,10,ChestX-ray14,44,44,100,30,0.3
row,l2,10,ChestX-ray14,45,45,100,25,0.25
row,l2,10,ChestX-ray14,46,46,100,33,0.33
row,l2,10,ChestX-ray14,47,47,100,34,0.34
row,l2,10,ChestX-ray14,48,48,100,38,0.38
row,l2,10,ChestX-ray14,49,49,100,29,0.29
row,l2,10,ChestX-ray14,50,50,100,36,0.36
row,l2,10,ChestX-ray14,51,51,100,30,0.3
row,l2,10,ChestX-ray14,52,52,100,27,0.27
row,l2,10,ChestX-ray14,53,53,100,30,0.3
row,l2,10,ChestX-ray14,54,54,100,23,0.23
row,l2,10,ChestX-ray14,55,55,100,28,0.28
row,l2,10,ChestX-ray14,56,56,100,32,0.32
row,l2,10,ChestX-ray14,57,57,100,31,0.31
row,l2,10,ChestX-ray14,58,58,100,35,0.35
row,l2,10,ChestX-ray14,59,59,100,34,0.34
row,l2,10,ChestX-ray14,60,60,100,26,0.26
row,l2,10,ChestX-ray14,61,61,100,33,0.33
row,l2,10,ChestX-ray14,62,62,100,39,0.39
row,l2,10,ChestX-ray14,63,63,100,35,0.35
row,l2,10,ChestX-ray14,64,64,100,40,0.4
row,l2,10,ChestX-ray14,65,65,100,41,0.41
row,l2,10,ChestX-ray14,66,66,100,34,0.34
row,l2,10,ChestX-ray14,67,67,100,41,0.41
row,l2,10,ChestX-ray14,68,68,100,34,0.34
row,l2,10,ChestX-ray14,69,69,100,38,0.38
row,l2,10,ChestX-ray14,70,70,100,37,0.37
row,l2,10,ChestX-ray14,71,71,100,38,0.38
row,l2,10,ChestX-ray14,72,72,100,30,0.3
row,l2,10,ChestX-ray14,73,73,100,26,0.26
row,l2,10,ChestX-ray14,74,74,100,38,0.38
row,l2,10,ChestX-ray14,75,75,100,29,0.29
row,l2,10,ChestX-ray14,76,76,100,38,0.38
row,l2,10,ChestX-ray14,77,77,100,34,0.34
row,l2,10,ChestX-ray14,78,78,100,37,0.37
row,l2,10,ChestX-ray14,79,79,100,35,0.35
row,l2,10,ChestX-ray14,80,80,100,38,0.38
row,l2,10,ChestX-ray14,81,81,100,24,0.24
row,l2,10,ChestX-ray14,82,82,100,22,0.22
row,l2,10,ChestX-ray14,83,83,100,37,0.37
row,l2,10,ChestX-ray14,84,84,100,37,0.37
row,l2,10,ChestX-ray14,85,85,100,31,0.31
row,l2,10,ChestX-ray14,86,86,100,35,0.35
row,l2,10,ChestX-ray14,87,87,100,34,0.34
row,l2,10,ChestX-ray14,88,88,100,40,0.4
row,l2,10,ChestX-ray14,89,89,100,32,0.32
row,l2,10,ChestX-ray14,90,90,100,36,0.36
row,l2,10,ChestX-ray14,91,91,100,33,0.33
row,l2,10,ChestX-ray14,92,92,100,38,0.38
row,l2,10,ChestX-ray14,93,93,100,36,0.36
row,l2,10,ChestX-ray14,94,94,100,40,0.4
row,l2,10,ChestX-ray14,95,95,100,30,0.3
row,l2,10,ChestX-ray14,96,96,100,36,0.36
row,l2,10,ChestX-ray14,97,97,100,43,0.43
row,l2,10,ChestX-ray14,98,98,100,37,0.37
row,l2,10,ChestX-ray14,99,99,100,40,0.4
row,l2,11,Street View House Numbers,0,0,100,0,0.0
row,l2,11,Street View House Numbers,1,1,100,0,0.0
row,l2,11,Street View House Numbers,2,2,100,0,0.0
row,l2,11,Street View House Numbers,3,3,100,0,0.0
row,l2,11,Street View House Numbers,4,4,100,0,0.0
row,l2,11,Street View House Numbers,5,5,100,0,0.0
row,l2,11,Street View House Numbers,6,6,100,0,0.0
row,l2,11,Street View House Numbers,7,7,100,0,0.0
row,l2,11,Street View House Numbers,8,8,100,0,0.0
row,l2,11,Street View House Numbers,9,9,100,0,0.0
row,l2,11,Street View House Numbers,10,10,100,0,0.0
row,l2,11,Street View House Numbers,11,11,100,0,0.0
row,l2,11,Street View House Numbers,12,12,100,0,0.0
row,l2,11,Street View House Numbers,13,13,100,0,0.0
row,l2,11,Street View House Numbers,14,14,100,0,0.0
row,l2,11,Street View House Numbers,15,15,100,0,0.0
row,l2,11,Street View House Numbers,16,16,100,0,0.0
row,l2,11,Street View House Numbers,17,17,100,0,0.0
row,l2,11,Street View House Numbers,18,18,100,0,0.0
row,l2,11,Street View House Numbers,19,19,100,0,0.0
row,l2,11,Street View House Numbers,20,20,100,0,0.0
row,l2,11,Street View House Numbers,21,21,100,0,0.0
row,l2,11,Street View House Numbers,22,22,100,0,0.0
row,l2,11,Street View House Numbers,23,23,100,0,0.0
row,l2,11,Street View House Numbers,24,24,100,0,0.0
row,l2,11,Street View House Numbers,25,25,100,0,0.0
row,l2,11,Street View House Numbers,26,26,100,0,0.0
row,l2,11,Street View House Numbers,27,27,100,0,0.0
row,l2,11,Street View House Numbers,28,28,100,0,0.0
row,l2,11,Street View House Numbers,29,29,100,0,0.0
row,l2,11,Street View House Numbers,30,30,100,0,0.0
row,l2,11,Street View House Numbers,31,31,100,0,0.0
row,l2,11,Street View House Numbers,32,32,100,0,0.0
row,l2,11,Street View House Numbers,33,33,100,0,0.0
row,l2,11,Street View House Numbers,34,34,100,0,0.0
row,l2,11,Street View House Numbers,35,35,100,0,0.0
row,l2,11,Street View House Numbers,36,36,100,0,0.0
row,l2,11,Street View House Numbers,37,37,100,0,0.0
row,l2,11,Street View House Numbers,38,38,100,0,0.0
row,l2,11,Street View House Numbers,39,39,100,0,0.0
row,l2,11,Street View House Numbers,40,40,100,0,0.0
row,l2,11,Street View House Numbers,41,41,100,0,0.0
row,l2,11,Street View House Numbers,42,42,100,0,0.0
row,l2,11,Street View House Numbers,43,43,100,0,0.0
row,l2,11,Street View House Numbers,44,44,100,0,0.0
row,l2,11,Street View House Numbers,45,45,100,0,0.0
row,l2,11,Street View House Numbers,46,46,100,0,0.0
row,l2,11,Street View House Numbers,47,47,100,0,0.0
row,l2,11,Street View House Numbers,48,48,100,0,0.0
row,l2,11,Street View House Numbers,49,49,100,0,0.0
row,l2,11,Street View House Numbers,50,50,100,0,0.0
row,l2,11,Street View House Numbers,51,51,100,0,0.0
row,l2,11,Street View House Numbers,52,52,100,0,0.0
row,l2,11,Street View House Numbers,53,53,100,0,0.0
row,l2,11,Street View House Numbers,54,54,100,0,0.0
row,l2,11,Street View House Numbers,55,55,100,0,0.0
row,l2,11,Street View House Numbers,56,56,100,0,0.0
row,l2,11,Street View House Numbers,57,57,100,0,0.0
row,l2,11,Street View House Numbers,58,58,100,0,0.0
row,l2,11,Street View House Numbers,59,59,100,0,0.0
row,l2,11,Street View House Numbers,60,60,100,0,0.0
row,l2,11,Street View House Numbers,61,61,100,0,0.0
row,l2,11,Street View House Numbers,62,62,100,0,0.0
row,l2,11,Street View House Numbers,63,63,100,0,0.0
row,l2,11,Street View House Numbers,64,64,100,0,0.0
row,l2,11,Street View House Numbers,65,65,100,0,0.0
row,l2,11,Street View House Numbers,66,66,100,0,0.0
row,l2,11,Street View House Numbers,67,67,100,0,0.0
row,l2,11,Street View House Numbers,68,68,100,0,0.0
row,l2,11,Street View House Numbers,69,69,100,0,0.0
row,l2,11,Street View House Numbers,70,70,100,0,0.0
row,l2,11,Street View House Numbers,71,71,100,0,0.0
row,l2,11,Street View House Numbers,72,72,100,0,0.0
row,l2,11,Street View House Numbers,73,73,100,0,0.0
row,l2,11,Street View House Numbers,74,74,100,0,0.0
row,l2,11,Street View House Numbers,75,75,100,0,0.0
row,l2,11,Street View House Numbers,76,76,100,0,0.0
row,l2,11,Street View House Numbers,77,77,100,0,0.0
row,l2,11,Street View House Numbers,78,78,100,0,0.0
row,l2,11,Street View House Numbers,79,79,100,0,0.0
row,l2,11,Street View House Numbers,80,80,100,0,0.0
row,l2,11,Street View House Numbers,81,81,100,0,0.0
row,l2,11,Street View House Numbers,82,82,100,0,0.0
row,l2,11,Street View House Numbers,83,83,100,0,0.0
row,l2,11,Street View House Numbers,84,84,100,0,0.0
row,l2,11,Street View House Numbers,85,85,100,0,0.0
row,l2,11,Street View House Numbers,86,86,100,0,0.0
row,l2,11,Street View House Numbers,87,87,100,0,0.0
row,l2,11,Street View House Numbers,88,88,100,0,0.0
row,l2,11,Street View House Numbers,89,89,100,0,0.0
row,l2,11,Street View House Numbers,90,90,100,0,0.0
row,l2,11,Street View House Numbers,91,91,100,0,0.0
row,l2,11,Street View House Numbers,92,92,100,0,0.0
row,l2,11,Street View House Numbers,93,93,100,0,0.0
row,l2,11,Street View House Numbers,94,94,100,0,0.0
row,l2,11,Street View House Numbers,95,95,100,0,0.0
row,l2,11,Street View House Numbers,96,96,100,0,0.0
row,l2,11,Street View House Numbers,97,97,100,0,0.0
row,l2,11,Street View House Numbers,98,98,100,0,0.0
row,l2,11,Street View House Numbers,99,99,100,0,0.0
row,l2,12,EuroSAT,0,0,100,0,0.0
row,l2,12,EuroSAT,1,1,100,0,0.0
row,l2,12,EuroSAT,2,2,100,0,0.0
row,l2,12,EuroSAT,3,3,100,0,0.0
row,l2,12,EuroSAT,4,4,100,0,0.0
row,l2,12,EuroSAT,5,5,100,0,0.0
row,l2,12,EuroSAT,6,6,100,0,0.0
row,l2,12,EuroSAT,7,7,100,0,0.0
row,l2,12,EuroSAT,8,8,100,0,0.0
row,l2,12,EuroSAT,9,9,100,0,0.0
row,l2,12,EuroSAT,10,10,100,0,0.0
row,l2,12,EuroSAT,11,11,100,0,0.0
row,l2,12,EuroSAT,12,12,100,0,0.0
row,l2,12,EuroSAT,13,13,100,0,0.0
row,l2,12,EuroSAT,14,14,100,0,0.0
row,l2,12,EuroSAT,15,15,100,0,0.0
row,l2,12,EuroSAT,16,16,100,0,0.0
row,l2,12,EuroSAT,17,17,100,0,0.0
row,l2,12,EuroSAT,18,18,100,0,0.0
row,l2,12,EuroSAT,19,19,100,0,0.0
row,l2,12,EuroSAT,20,20,100,0,0.0
row,l2,12,EuroSAT,21,21,100,0,0.0
row,l2,12,EuroSAT,22,22,100,0,0.0
row,l2,12,EuroSAT,23,23,100,0,0.0
row,l2,12,EuroSAT,24,24,100,0,0.0
row,l2,12,EuroSAT,25,25,100,0,0.0
row,l2,12,EuroSAT,26,26,100,0,0.0
row,l2,12,EuroSAT,27,27,100,0,0.0
row,l2,12,EuroSAT,28,28,100,0,0.0
row,l2,12,EuroSAT,29,29,100,0,0.0
row,l2,12,EuroSAT,30,30,100,0,0.0
row,l2,12,EuroSAT,31,31,100,0,0.0
row,l2,12,EuroSAT,32,32,100,0,0.0
row,l2,12,EuroSAT,33,33,100,0,0.0
row,l2,12,EuroSAT,34,34,100,0,0.0
row,l2,12,EuroSAT,35,35,100,0,0.0
row,l2,12,EuroSAT,36,36,100,0,0.0
row,l2,12,EuroSAT,37,37,100,0,0.0
row,l2,12,EuroSAT,38,38,100,0,0.0
row,l2,12,EuroSAT,39,39,100,0,0.0
row,l2,12,EuroSAT,40,40,100,0,0.0
row,l2,12,EuroSAT,41,41,100,0,0.0
row,l2,12,EuroSAT,42,42,100,0,0.0
row,l2,12,EuroSAT,43,43,100,0,0.0
row,l2,12,EuroSAT,44,44,100,0,0.0
row,l2,12,EuroSAT,45,45,100,0,0.0
row,l2,12,EuroSAT,46,46,100,0,0.0
row,l2,12,EuroSAT,47,47,100,0,0.0
row,l2,12,EuroSAT,48,48,100,0,0.0
row,l2,12,EuroSAT,49,49,100,0,0.0
row,l2,12,EuroSAT,50,50,100,0,0.0
row,l2,12,EuroSAT,51,51,100,0,0.0
row,l2,12,EuroSAT,52,52,100,0,0.0
row,l2,12,EuroSAT,53,53,100,0,0.0
row,l2,12,EuroSAT,54,54,100,0,0.0
row,l2,12,EuroSAT,55,55,100,0,0.0
row,l2,12,EuroSAT,56,56,100,0,0.0
row,l2,12,EuroSAT,57,57,100,0,0.0
row,l2,12,EuroSAT,58,58,100,0,0.0
row,l2,12,EuroSAT,59,59,100,0,0.0
row,l2,12,EuroSAT,60,60,100,0,0.0
row,l2,12,EuroSAT,61,61,100,0,0.0
row,l2,12,EuroSAT,62,62,100,0,0.0
row,l2,12,EuroSAT,63,63,100,0,0.0
row,l2,12,EuroSAT,64,64,100,0,0.0
row,l2,12,EuroSAT,65,65,100,0,0.0
row,l2,12,EuroSAT,66,66,100,0,0.0
row,l2,12,EuroSAT,67,67,100,0,0.0
row,l2,12,EuroSAT,68,68,100,0,0.0
row,l2,12,EuroSAT,69,69,100,0,0.0
row,l2,12,EuroSAT,70,70,100,0,0.0
row,l2,12,EuroSAT,71,71,100,0,0.0
row,l2,12,EuroSAT,72,72,100,0,0.0
row,l2,12,EuroSAT,73,73,100,0,0.0
row,l2,12,EuroSAT,74,74,100,0,0.0
row,l2,12,EuroSAT,75,75,100,0,0.0
row,l2,12,EuroSAT,76,76,100,0,0.0
row,l2,12,EuroSAT,77,77,100,0,0.0
row,l2,12,EuroSAT,78,78,100,0,0.0
row,l2,12,EuroSAT,79,79,100,0,0.0
row,l2,12,EuroSAT,80,80,100,0,0.0
row,l2,12,EuroSAT,81,81,100,0,0.0
row,l2,12,EuroSAT,82,82,100,0,0.0
row,l2,12,EuroSAT,83,83,100,0,0.0
row,l2,12,EuroSAT,84,84,100,0,0.0
row,l2,12,EuroSAT,85,85,100,0,0.0
row,l2,12,EuroSAT,86,86,100,0,0.0
row,l2,12,EuroSAT,87,87,100,0,0.0
row,l2,12,EuroSAT,88,88,100,0,0.0
row,l2,12,EuroSAT,89,89,100,0,0.0
row,l2,12,EuroSAT,90,90,100,0,0.0
row,l2,12,EuroSAT,91,91,100,0,0.0
row,l2,12,EuroSAT,92,92,100,0,0.0
row,l2,12,EuroSAT,93,93,100,0,0.0
row,l2,12,EuroSAT,94,94,100,0,0.0
row,l2,12,EuroSAT,95,95,100,0,0.0
row,l2,12,EuroSAT,96,96,100,0,0.0
row,l2,12,EuroSAT,97,97,100,0,0.0
row,l2,12,EuroSAT,98,98,100,0,0.0
row,l2,12,EuroSAT,99,99,100,0,0.0
row,l2,13,Caltech-101,0,0,100,0,0.0
row,l2,13,Caltech-101,1,1,100,0,0.0
row,l2,13,Caltech-101,2,2,100,0,0.0
row,l2,13,Caltech-101,3,3,100,0,0.0
row,l2,13,Caltech-101,4,4,100,0,0.0
row,l2,13,Caltech-101,5,5,100,0,0.0
row,l2,13,Caltech-101,6,6,100,0,0.0
row,l2,13,Caltech-101,7,7,100,0,0.0
row,l2,13,Caltech-101,8,8,100,0,0.0
row,l2,13,Caltech-101,9,9,100,0,0.0
row,l2,13,Caltech-101,10,10,100,0,0.0
row,l2,13,Caltech-101,11,11,100,0,0.0
row,l2,13,Caltech-101,12,12,100,0,0.0
row,l2,13,Caltech-101,13,13,100,0,0.0
row,l2,13,Caltech-101,14,14,100,0,0.0
row,l2,13,Caltech-101,15,15,100,0,0.0
row,l2,13,Caltech-101,16,16,100,0,0.0
row,l2,13,Caltech-101,17,17,100,0,0.0
row,l2,13,Caltech-101,18,18,100,0,0.0
row,l2,13,Caltech-101,19,19,100,0,0.0
row,l2,13,Caltech-101,20,20,100,0,0.0
row,l2,13,Caltech-101,21,21,100,0,0.0
row,l2,13,Caltech-101,22,22,100,0,0.0
row,l2,13,Caltech-101,23,23,100,0,0.0
row,l2,13,Caltech-101,24,24,100,0,0.0
row,l2,13,Caltech-101,25,25,100,0,0.0
row,l2,13,Caltech-101,26,26,100,0,0.0
row,l2,13,Caltech-101,27,27,100,0,0.0
row,l2,13,Caltech-101,28,28,100,0,0.0
row,l2,13,Caltech-101,29,29,100,0,0.0
row,l2,13,Caltech-101,30,30,100,0,0.0
row,l2,13,Caltech-101,31,31,100,0,0.0
row,l2,13,Caltech-101,32,32,100,0,0.0
row,l2,13,Caltech-101,33,33,100,0,0.0
row,l2,13,Caltech-101,34,34,100,0,0.0
row,l2,13,Caltech-101,35,35,100,0,0.0
row,l2,13,Caltech-101,36,36,100,0,0.0
row,l2,13,Caltech-101,37,37,100,0,0.0
row,l2,13,Caltech-101,38,38,100,0,0.0
row,l2,13,Caltech-101,39,39,100,0,0.0
row,l2,13,Caltech-101,40,40,100,0,0.0
row,l2,13,Caltech-101,41,41,100,0,0.0
row,l2,13,Caltech-101,42,42,100,0,0.0
row,l2,13,Caltech-101,43,43,100,0,0.0
row,l2,13,Caltech-101,44,44,100,0,0.0
row,l2,13,Caltech-101,45,45,100,0,0.0
row,l2,13,Caltech-101,46,46,100,0,0.0
row,l2,13,Caltech-101,47,47,100,0,0.0
row,l2,13,Caltech-101,48,48,100,0,0.0
row,l2,13,Caltech-101,49,49,100,0,0.0
row,l2,13,Caltech-101,50,50,100,0,0.0
row,l2,13,Caltech-101,51,51,100,0,0.0
row,l2,13,Caltech-101,52,52,100,0,0.0
row,l2,13,Caltech-101,53,53,100,0,0.0
row,l2,13,Caltech-101,54,54,100,0,0.0
row,l2,13,Caltech-101,55,55,100,0,0.0
row,l2,13,Caltech-101,56,56,100,0,0.0
row,l2,13,Caltech-101,57,57,100,0,0.0
row,l2,13,Caltech-101,58,58,100,0,0.0
row,l2,13,Caltech-101,59,59,100,0,0.0
row,l2,13,Caltech-101,60,60,100,0,0.0
row,l2,13,Caltech-101,61,61,100,0,0.0
row,l2,13,Caltech-101,62,62,100,0,0.0
row,l2,13,Caltech-101,63,63,100,0,0.0
row,l2,13,Caltech-101,64,64,100,0,0.0
row,l2,13,Caltech-101,65,65,100,0,0.0
row,l2,13,Caltech-101,66,66,100,0,0.0
row,l2,13,Caltech-101,67,67,100,0,0.0
row,l2,13,Caltech-101,68,68,100,0,0.0
row,l2,13,Caltech-101,69,69,100,0,0.0
row,l2,13,Caltech-101,70,70,100,0,0.0
row,l2,13,Caltech-101,71,71,100,0,0.0
row,l2,13,Caltech-101,72,72,100,0,0.0
row,l2,13,Caltech-101,73,73,100,0,0.0
row,l2,13,Caltech-101,74,74,100,0,0.0
row,l2,13,Caltech-101,75,75,100,0,0.0
row,l2,13,Caltech-101,76,76,100,0,0.0
row,l2,13,Caltech-101,77,77,100,0,0.0
row,l2,13,Caltech-101,78,78,100,0,0.0
row,l2,13,Caltech-101,79,79,100,0,0.0
row,l2,13,Caltech-101,80,80,100,0,0.0
row,l2,13,Caltech-101,81,81,100,0,0.0
row,l2,13,Caltech-101,82,82,100,0,0.0
row,l2,13,Caltech-101,83,83,100,0,0.0
row,l2,13,Caltech-101,84,84,100,0,0.0
row,l2,13,Caltech-101,85,85,100,0,0.0
row,l2,13,Caltech-101,86,86,100,0,0.0
row,l2,13,Caltech-101,87,87,100,0,0.0
row,l2,13,Caltech-101,88,88,100,0,0.0
row,l2,13,Caltech-101,89,89,100,0,0.0
row,l2,13,Caltech-101,90,90,100,0,0.0
row,l2,13,Caltech-101,91,91,100,0,0.0
row,l2,13,Caltech-101,92,92,100,0,0.0
row,l2,13,Caltech-101,93,93,100,0,0.0
row,l2,13,Caltech-101,94,94,100,0,0.0
row,l2,13,Caltech-101,95,95,100,0,0.0
row,l2,13,Caltech-101,96,96,100,0,0.0
row,l2,13,Caltech-101,97,97,100,0,0.0
row,l2,13,Caltech-101,98,98,100,0,0.0
row,l2,13,Caltech-101,99,99,100,0,0.0
row,l2,14,Flowers-102,0,0,100,0,0.0
row,l2,14,Flowers-102,1,1,100,0,0.0
row,l2,14,Flowers-102,2,2,100,0,0.0
row,l2,14,Flowers-102,3,3,100,0,0.0
row,l2,14,Flowers-102,4,4,100,0,0.0
row,l2,14,Flowers-102,5,5,100,0,0.0
row,l2,14,Flowers-102,6,6,100,0,0.0
row,l2,14,Flowers-102,7,7,100,0,0.0
row,l2,14,Flowers-102,8,8,100,0,0.0
row,l2,14,Flowers-102,9,9,100,0,0.0
row,l2,14,Flowers-102,10,10,100,0,0.0
row,l2,14,Flowers-102,11,11,100,0,0.0
row,l2,14,Flowers-102,12,12,100,0,0.0
row,l2,14,Flowers-102,13,13,100,0,0.0
row,l2,14,Flowers-102,14,14,100,0,0.0
row,l2,14,Flowers-102,15,15,100,0,0.0
row,l2,14,Flowers-102,16,16,100,0,0.0
row,l2,14,Flowers-102,17,17,100,0,0.0
row,l2,14,Flowers-102,18,18,100,0,0.0
row,l2,14,Flowers-102,19,19,100,0,0.0
row,l2,14,Flowers-102,20,20,100,0,0.0
row,l2,14,Flowers-102,21,21,100,0,0.0
row,l2,14,Flowers-102,22,22,100,0,0.0
row,l2,14,Flowers-102,23,23,100,0,0.0
row,l2,14,Flowers-102,24,24,100,0,0.0
row,l2,14,Flowers-102,25,25,100,0,0.0
row,l2,14,Flowers-102,26,26,100,0,0.0
row,l2,14,Flowers-102,27,27,100,0,0.0
row,l2,14,Flowers-102,28,28,100,0,0.0
row,l2,14,Flowers-102,29,29,100,0,0.0
row,l2,14,Flowers-102,30,30,100,0,0.0
row,l2,14,Flowers-102,31,31,100,0,0.0
row,l2,14,Flowers-102,32,32,100,0,0.0
row,l2,14,Flowers-102,33,33,100,0,0.0
row,l2,14,Flowers-102,34,34,100,0,0.0
row,l2,14,Flowers-102,35,35,100,0,0.0
row,l2,14,Flowers-102,36,36,100,0,0.0
row,l2,14,Flowers-102,37,37,100,0,0.0
row,l2,14,Flowers-102,38,38,100,0,0.0
row,l2,14,Flowers-102,39,39,100,0,0.0
row,l2,14,Flowers-102,40,40,100,0,0.0
row,l2,14,Flowers-102,41,41,100,0,0.0
row,l2,14,Flowers-102,42,42,100,0,0.0
row,l2,14,Flowers-102,43,43,100,0,0.0
row,l2,14,Flowers-102,44,44,100,0,0.0
row,l2,14,Flowers-102,45,45,100,0,0.0
row,l2,14,Flowers-102,46,46,100,0,0.0
row,l2,14,Flowers-102,47,47,100,0,0.0
row,l2,14,Flowers-102,48,48,100,0,0.0
row,l2,14,Flowers-102,49,49,100,0,0.0
row,l2,14,Flowers-102,50,50,100,0,0.0
row,l2,14,Flowers-102,51,51,100,0,0.0
row,l2,14,Flowers-102,52,52,100,0,0.0
row,l2,14,Flowers-102,53,53,100,0,0.0
row,l2,14,Flowers-102,54,54,100,0,0.0
row,l2,14,Flowers-102,55,55,100,0,0.0
row,l2,14,Flowers-102,56,56,100,0,0.0
row,l2,14,Flowers-102,57,57,100,0,0.0
row,l2,14,Flowers-102,58,58,100,0,0.0
row,l2,14,Flowers-102,59,59,100,0,0.0
row,l2,14,Flowers-102,60,60,100,0,0.0
row,l2,14,Flowers-102,61,61,100,0,0.0
row,l2,14,Flowers-102,62,62,100,0,0.0
row,l2,14,Flowers-102,63,63,100,0,0.0
row,l2,14,Flowers-102,64,64,100,0,0.0
row,l2,14,Flowers-102,65,65,100,0,0.0
row,l2,14,Flowers-102,66,66,100,0,0.0
row,l2,14,Flowers-102,67,67,100,0,0.0
row,l2,14,Flowers-102,68,68,100,0,0.0
row,l2,14,Flowers-102,69,69,100,0,0.0
row,l2,14,Flowers-102,70,70,100,0,0.0
row,l2,14,Flowers-102,71,71,100,0,0.0
row,l2,14,Flowers-102,72,72,100,0,0.0
row,l2,14,Flowers-102,73,73,100,0,0.0
row,l2,14,Flowers-102,74,74,100,0,0.0
row,l2,14,Flowers-102,75,75,100,0,0.0
row,l2,14,Flowers-102,76,76,100,0,0.0
row,l2,14,Flowers-102,77,77,100,0,0.0
row,l2,14,Flowers-102,78,78,100,0,0.0
row,l2,14,Flowers-102,79,79,100,0,0.0
row,l2,14,Flowers-102,80,80,100,0,0.0
row,l2,14,Flowers-102,81,81,100,0,0.0
row,l2,14,Flowers-102,82,82,100,0,0.0
row,l2,14,Flowers-102,83,83,100,0,0.0
row,l2,14,Flowers-102,84,84,100,0,0.0
row,l2,14,Flowers-102,85,85,100,0,0.0
row,l2,14,Flowers-102,86,86,100,0,0.0
row,l2,14,Flowers-102,87,87,100,0,0.0
row,l2,14,Flowers-102,88,88,100,0,0.0
row,l2,14,Flowers-102,89,89,100,0,0.0
row,l2,14,Flowers-102,90,90,100,0,0.0
row,l2,14,Flowers-102,91,91,100,0,0.0
row,l2,14,Flowers-102,92,92,100,0,0.0
row,l2,14,Flowers-102,93,93,100,0,0.0
row,l2,14,Flowers-102,94,94,100,0,0.0
row,l2,14,Flowers-102,95,95,100,0,0.0
row,l2,14,Flowers-102,96,96,100,0,0.0
row,l2,14,Flowers-102,97,97,100,0,0.0
row,l2,14,Flowers-102,98,98,100,0,0.0
row,l2,14,Flowers-102,99,99,100,0,0.0
row,l2,15,Food-101,0,0,100,26,0.26
row,l2,15,Food-101,1,1,100,10,0.1
row,l2,15,Food-101,2,2,100,13,0.13
row,l2,15,Food-101,3,3,100,7,0.07
row,l2,15,Food-101,4,4,100,18,0.18
row,l2,15,Food-101,5,5,100,13,0.13
row,l2,15,Food-101,6,6,100,23,0.23
row,l2,15,Food-101,7,7,100,15,0.15
row,l2,15,Food-101,8,8,100,15,0.15
row,l2,15,Food-101,9,9,100,17,0.17
row,l2,15,Food-101,10,10,100,17,0.17
row,l2,15,Food-101,11,11,100,15,0.15
row,l2,15,Food-101,12,12,100,16,0.16
row,l2,15,Food-101,13,13,100,17,0.17
row,l2,15,Food-101,14,14,100,15,0.15
row,l2,15,Food-101,15,15,100,14,0.14
row,l2,15,Food-101,16,16,100,21,0.21
row,l2,15,Food-101,17,17,100,12,0.12
row,l2,15,Food-101,18,18,100,18,0.18
row,l2,15,Food-101,19,19,100,17,0.17
row,l2,15,Food-101,20,20,100,17,0.17
row,l2,15,Food-101,21,21,100,17,0.17
row,l2,15,Food-101,22,22,100,11,0.11
row,l2,15,Food-101,23,23,100,20,0.2
row,l2,15,Food-101,24,24,100,13,0.13
row,l2,15,Food-101,25,25,100,15,0.15
row,l2,15,Food-101,26,26,100,13,0.13
row,l2,15,Food-101,27,27,100,17,0.17
row,l2,15,Food-101,28,28,100,16,0.16
row,l2,15,Food-101,29,29,100,14,0.14
row,l2,15,Food-101,30,30,100,18,0.18
row,l2,15,Food-101,31,31,100,20,0.2
row,l2,15,Food-101,32,32,100,11,0.11
row,l2,15,Food-101,33,33,100,15,0.15
row,l2,15,Food-101,34,34,100,20,0.2
row,l2,15,Food-101,35,35,100,12,0.12
row,l2,15,Food-101,36,36,100,17,0.17
row,l2,15,Food-101,37,37,100,13,0.13
row,l2,15,Food-101,38,38,100,18,0.18
row,l2,15,Food-101,39,39,100,8,0.08
row,l2,15,Food-101,40,40,100,22,0.22
row,l2,15,Food-101,41,41,100,17,0.17
row,l2,15,Food-101,42,42,100,16,0.16
row,l2,15,Food-101,43,43,100,21,0.21
row,l2,15,Food-101,44,44,100,10,0.1
row,l2,15,Food-101,45,45,100,14,0.14
row,l2,15,Food-101,46,46,100,16,0.16
row,l2,15,Food-101,47,47,100,16,0.16
row,l2,15,Food-101,48,48,100,22,0.22
row,l2,15,Food-101,49,49,100,14,0.14
row,l2,15,Food-101,50,50,100,16,0.16
row,l2,15,Food-101,51,51,100,17,0.17
row,l2,15,Food-101,52,52,100,18,0.18
row,l2,15,Food-101,53,53,100,18,0.18
row,l2,15,Food-101,54,54,100,11,0.11
row,l2,15,Food-101,55,55,100,18,0.18
row,l2,15,Food-101,56,56,100,17,0.17
row,l2,15,Food-101,57,57,100,21,0.21
row,l2,15,Food-101,58,58,100,18,0.18
row,l2,15,Food-101,59,59,100,17,0.17
row,l2,15,Food-101,60,60,100,15,0.15
row,l2,15,Food-101,61,61,100,15,0.15
row,l2,15,Food-101,62,62,100,15,0.15
row,l2,15,Food-101,63,63,100,10,0.1
row,l2,15,Food-101,64,64,100,15,0.15
row,l2,15,Food-101,65,65,100,16,0.16
row,l2,15,Food-101,66,66,100,17,0.17
row,l2,15,Food-101,67,67,100,16,0.16
row,l2,15,Food-101,68,68,100,16,0.16
row,l2,15,Food-101,69,69,100,15,0.15
row,l2,15,Food-101,70,70,100,16,0.16
row,l2,15,Food-101,71,71,100,10,0.1
row,l2,15,Food-101,72,72,100,18,0.18
row,l2,15,Food-101,73,73,100,19,0.19
row,l2,15,Food-101,74,74,100,21,0.21
row,l2,15,Food-101,75,75,100,19,0.19
row,l2,15,Food-101,76,76,100,11,0.11
row,l2,15,Food-101,77,77,100,20,0.2
row,l2,15,Food-101,78,78,100,11,0.11
row,l2,15,Food-101,79,79,100,18,0.18
row,l2,15,Food-101,80,80,100,18,0.18
row,l2,15,Food-101,81,81,100,18,0.18
row,l2,15,Food-101,82,82,100,16,0.16
row,l2,15,Food-101,83,83,100,13,0.13
row,l2,15,Food-101,84,84,100,12,0.12
row,l2,15,Food-101,85,85,100,17,0.17
row,l2,15,Food-101,86,86,100,19,0.19
row,l2,15,Food-101,87,87,100,19,0.19
row,l2,15,Food-101,88,88,100,17,0.17
row,l2,15,Food-101,89,89,100,12,0.12
row,l2,15,Food-101,90,90,100,14,0.14
row,l2,15,Food-101,91,91,100,17,0.17
row,l2,15,Food-101,92,92,100,15,0.15
row,l2,15,Food-101,93,93,100,13,0.13
row,l2,15,Food-101,94,94,100,22,0.22
row,l2,15,Food-101,95,95,100,18,0.18
row,l2,15,Food-101,96,96,100,17,0.17
row,l2,15,Food-101,97,97,100,20,0.2
row,l2,15,Food-101,98,98,100,19,0.19
row,l2,15,Food-101,99,99,100,14,0.14
